ï»¿X,Y,FID,AÃ±o,IdAccident,Fecha,Mes,Dia_mes,Dia_semana,Hora,Hora_texto,Hora_aprox,RegiÃ³n,Comuna,Tipo_Accid,Tipo__CONA,Zona,UbicaciÃ³n,Causa__CON,Causa_Acci,Calle_Uno,Calle_Dos,Intersecci,NÃºmero,Ruta,Ubicaci_1,Calzada,Tipo_Calza,Estado_Cal,CondiciÃ³n,Estado_Atm,Fallecidos,Graves,Menos_Grav,Leves,CUT_REG,CUT_PROV,CUT_COM,REGION,PROVINCIA,COMUNA1,Tipo_direc,Direccion,Lat,Lon,Archivo_Origen
-8129817.03540548,-4426067.75468174,3,2023,1503849,2023/01/13 00:00:00+00,Enero,13,Viernes,1899/12/30 00:00:00+00,08:50:00,8,REGION BIO BIO,CHIGUAYANTE,COLISION PERPENDICULAR,COLISION,URBANA,CRUCE CON SEÃAL CEDA EL PASO,IMPRUDENCIA DEL CONDUCTOR,NO RESPETAR DERECHO PREFERENTE DE PASO A VEHICULO,8 ORIENTE,CALLE UNO,8 ORIENTE - CALLE UNO,0, , ,BIDIRECCIONAL,CONCRETO,BUENO,SECO,DESPEJADO,0,1,0,0,8,81,8103,BiobÃ­o,ConcepciÃ³n,Chiguayante,Interseccion,"8 ORIENTE & CALLE UNO, Chiguayante",-36.906397,-73.031389,Bici_2023.csv
-8133135.24678705,-4415511.80184747,23,2023,1504599,2023/01/17 00:00:00+00,Enero,17,Martes,1899/12/30 00:00:00+00,14:00:00,14,REGION BIO BIO,CONCEPCION,COLISION,COLISION,URBANA,CRUCE CON SEÃAL CEDA EL PASO,IMPRUDENCIA DEL CONDUCTOR,CONDUCCION NO ATENTO CONDICIONES TRANSITO MOMENTO,PASCUAL BINIMELIS,CENTRAL NORTE,CENTRAL NORTE - PASCUAL BINIMELIS,0, , ,BIDIRECCIONAL,CONCRETO,BUENO,SECO,DESPEJADO,0,0,0,1,8,81,8101,BiobÃ­o,ConcepciÃ³n,ConcepciÃ³n,Interseccion,"CENTRAL NORTE & PASCUAL BINIMELIS, ConcepciÃ³n",-36.830535,-73.061197,Bici_2023.csv
-8131384.41383585,-4414851.8984552,85,2023,1506478,2023/01/27 00:00:00+00,Enero,27,Viernes,1899/12/30 00:00:00+00,18:30:00,18,REGION BIO BIO,CONCEPCION,ATROPELLO,ATROPELLO,URBANA,CRUCE CON SEMAFORO FUNCIONANDO,IMPRUDENCIA DEL PEATON,IMPRUDENCIA DEL PEATON,O'HIGGINS,TUCAPEL,O'HIGGINS - TUCAPEL,0, , ,UNIDIRECCIONAL,CONCRETO,REGULAR,SECO,DESPEJADO,0,0,1,1,8,81,8101,BiobÃ­o,ConcepciÃ³n,ConcepciÃ³n,Interseccion,"O'HIGGINS & TUCAPEL, ConcepciÃ³n",-36.82579,-73.045469,Bici_2023.csv
-8131384.41383585,-4414851.8984552,86,2023,1506473,2023/01/27 00:00:00+00,Enero,27,Viernes,1899/12/30 00:00:00+00,20:40:00,20,REGION BIO BIO,CONCEPCION,COLISION,COLISION,URBANA,CRUCE CON SEMAFORO FUNCIONANDO,VELOCIDAD IMPRUDENTE,VELOCIDAD NO RAZONABLE NI PRUDENTE,O'HIGGINS,TUCAPEL,O'HIGGINS - TUCAPEL,0, , ,UNIDIRECCIONAL,CONCRETO,BUENO,SECO,DESPEJADO,0,0,0,1,8,81,8101,BiobÃ­o,ConcepciÃ³n,ConcepciÃ³n,Interseccion,"O'HIGGINS & TUCAPEL, ConcepciÃ³n",-36.82579,-73.045469,Bici_2023.csv
-8137269.43674869,-4417384.56437758,90,2023,1509584,2023/01/28 00:00:00+00,Enero,28,SÃ¡bado,1899/12/30 00:00:00+00,21:30:00,21,REGION BIO BIO,SAN PEDRO DE LA PAZ,COLISION POR ALCANCE,COLISION,URBANA,CRUCE CON SEMAFORO FUNCIONANDO,IMPRUDENCIA DEL CONDUCTOR,NO RESPETAR DERECHO PREFERENTE DE PASO A VEHICULO,MICHIMALONCO,LOS CANELOS,LOS CANELOS - MICHIMALONCO,0, , ,BIDIRECCIONAL CON BANDEJON,CONCRETO,BUENO,SECO,DESPEJADO,0,0,0,1,8,81,8108,BiobÃ­o,ConcepciÃ³n,San Pedro de la Paz,Interseccion,"LOS CANELOS & MICHIMALONCO, San Pedro de la Paz",-36.843999,-73.098335,Bici_2023.csv
-8132054.22317856,-4410583.33284975,103,2023,1508523,2023/01/31 00:00:00+00,Enero,31,Martes,1899/12/30 00:00:00+00,12:30:00,12,REGION BIO BIO,CONCEPCION,COLISION PERPENDICULAR,COLISION,URBANA,CRUCE CON SEÃAL PARE,IMPRUDENCIA DEL CONDUCTOR,CONDUCCION NO ATENTO CONDICIONES TRANSITO MOMENTO,JOSE DE GARRO,GOBERNADOR JUAN HENRIQUEZ,GOBERNADOR JUAN HENRIQUEZ - JOSE DE GARRO,0, , ,BIDIRECCIONAL,CONCRETO,BUENO,SECO,DESPEJADO,0,0,0,1,8,81,8101,BiobÃ­o,ConcepciÃ³n,ConcepciÃ³n,Interseccion,"GOBERNADOR JUAN HENRIQUEZ & JOSE DE GARRO, ConcepciÃ³n",-36.79509,-73.051486,Bici_2023.csv
-8138562.73988017,-4409413.73865924,107,2023,1506970,2023/02/01 00:00:00+00,Febrero,1,MiÃ©rcoles,1899/12/30 00:00:00+00,11:00:00,11,REGION BIO BIO,HUALPEN,COLISION,COLISION,URBANA,CRUCE CON SEMAFORO FUNCIONANDO,DESOBEDIENCIA A SEÃALIZACION,SEÃALIZACION DESOBEDECER LUZ ROJA DE SEMAFORO,CRISTOBAL COLON,LOS COPIHUES,CRISTOBAL COLON - LOS COPIHUES,0, , ,BIDIRECCIONAL CON BANDEJON,CONCRETO,BUENO,SECO,DESPEJADO,0,0,0,1,8,81,8112,BiobÃ­o,ConcepciÃ³n,HualpÃ©n,Interseccion,"CRISTOBAL COLON & LOS COPIHUES, HualpÃ©n",-36.786676,-73.109953,Bici_2023.csv
-8128676.34458332,-4430094.3635808,144,2023,1512285,2023/02/09 00:00:00+00,Febrero,9,Jueves,1899/12/30 00:00:00+00,15:20:00,15,REGION BIO BIO,CHIGUAYANTE,COLISION PERPENDICULAR,COLISION,URBANA,CRUCE SIN SEÃALIZACION,IMPRUDENCIA DEL CONDUCTOR,CONDUCCION NO ATENTO CONDICIONES TRANSITO MOMENTO,LOS HEROES,PEDRO ANGULO NOVOA,LOS HEROES - PEDRO ANGULO NOVOA,0, , ,BIDIRECCIONAL,CONCRETO,BUENO,SECO,DESPEJADO,0,0,0,1,8,81,8103,BiobÃ­o,ConcepciÃ³n,Chiguayante,Interseccion,"LOS HEROES & PEDRO ANGULO NOVOA, Chiguayante",-36.935315,-73.021142,Bici_2023.csv
-8132585.32850253,-4415994.96887187,145,2023,1509331,2023/02/09 00:00:00+00,Febrero,9,Jueves,1899/12/30 00:00:00+00,17:00:00,17,REGION BIO BIO,CONCEPCION,COLISION,COLISION,URBANA,TRAMO DE VIA RECTA,IMPRUDENCIA DEL CONDUCTOR,CONDUCCION NO ATENTO CONDICIONES TRANSITO MOMENTO,CHACABUCO,ARTURO PRAT,ARTURO PRAT - CHACABUCO,0, , ,BIDIRECCIONAL CON BANDEJON,CONCRETO,BUENO,SECO,DESPEJADO,0,0,0,0,8,81,8101,BiobÃ­o,ConcepciÃ³n,ConcepciÃ³n,Interseccion,"ARTURO PRAT & CHACABUCO, ConcepciÃ³n",-36.834009,-73.056257,Bici_2023.csv
-8133111.86966058,-4415210.98101325,148,2023,1509357,2023/02/10 00:00:00+00,Febrero,10,Viernes,1899/12/30 00:00:00+00,19:45:00,19,REGION BIO BIO,CONCEPCION,COLISION,COLISION,URBANA,CRUCE CON SEMAFORO FUNCIONANDO,DESOBEDIENCIA A SEÃALIZACION,SEÃALIZACION DESOBEDECER LUZ ROJA DE SEMAFORO,MAIPU,CICLOVIA JUAN BOSCO,CICLOVIA JUAN BOSCO - MAIPU,0, , ,UNIDIRECCIONAL,CONCRETO,BUENO,SECO,DESPEJADO,0,0,0,1,8,81,8101,BiobÃ­o,ConcepciÃ³n,ConcepciÃ³n,Interseccion,"CICLOVIA JUAN BOSCO & MAIPU, ConcepciÃ³n",-36.828372,-73.060987,Bici_2023.csv
-8136108.41227495,-4409895.12782063,149,2023,1509281,2023/02/10 00:00:00+00,Febrero,10,Viernes,1899/12/30 00:00:00+00,21:30:00,21,REGION BIO BIO,HUALPEN,COLISION,COLISION,URBANA,CRUCE CON SEÃAL CEDA EL PASO,DESOBEDIENCIA A SEÃALIZACION,SEÃALIZACION DESOBEDECER SEÃAL CEDA EL PASO,CURANILAHUE,CHAITEN,CHAITEN - CURANILAHUE,0, , ,BIDIRECCIONAL CON BANDEJON,CONCRETO,BUENO,SECO,DESPEJADO,0,0,0,1,8,81,8112,BiobÃ­o,ConcepciÃ³n,HualpÃ©n,Interseccion,"CHAITEN & CURANILAHUE, HualpÃ©n",-36.790139,-73.087905,Bici_2023.csv
-8142982.01234517,-4424964.38672268,151,2023,1509369,2023/02/11 00:00:00+00,Febrero,11,SÃ¡bado,1899/12/30 00:00:00+00,14:30:00,14,REGION BIO BIO,SAN PEDRO DE LA PAZ,COLISION PERPENDICULAR,COLISION,URBANA,CRUCE CON SEÃAL PARE,DESOBEDIENCIA A SEÃALIZACION,SEÃALIZACION DESOBEDECER SEÃAL PARE,LOS LIMONES,LOS SAUCES,LOS LIMONES - LOS SAUCES,0, , ,BIDIRECCIONAL,ASFALTO,BUENO,SECO,DESPEJADO,1,0,0,0,8,81,8108,BiobÃ­o,ConcepciÃ³n,San Pedro de la Paz,Interseccion,"LOS LIMONES & LOS SAUCES, San Pedro de la Paz",-36.898471,-73.149652,Bici_2023.csv
-8127750.27773941,-4430826.10661543,154,2023,1512308,2023/02/11 00:00:00+00,Febrero,11,SÃ¡bado,1899/12/30 00:00:00+00,18:20:00,18,REGION BIO BIO,CHIGUAYANTE,COLISION PERPENDICULAR,COLISION,URBANA,CRUCE SIN SEÃALIZACION,IMPRUDENCIA DEL CONDUCTOR,CONDUCCION NO ATENTO CONDICIONES TRANSITO MOMENTO,LOS AROMOS,INDEPENDENCIA,INDEPENDENCIA - LOS AROMOS,0, , ,BIDIRECCIONAL,CONCRETO,BUENO,SECO,DESPEJADO,0,0,0,1,8,81,8103,BiobÃ­o,ConcepciÃ³n,Chiguayante,Interseccion,"INDEPENDENCIA & LOS AROMOS, Chiguayante",-36.940569,-73.012823,Bici_2023.csv
-8136106.92064943,-4409588.73867832,183,2023,1510571,2023/02/18 00:00:00+00,Febrero,18,SÃ¡bado,1899/12/30 00:00:00+00,22:00:00,22,REGION BIO BIO,HUALPEN,COLISION,COLISION,URBANA,CRUCE SIN SEÃALIZACION,IMPRUDENCIA DEL CONDUCTOR,NO RESPETAR DERECHO PREFERENTE DE PASO A VEHICULO,CHAITEN,MONTE AGUILA,CHAITEN - MONTE AGUILA,0, , ,BIDIRECCIONAL,CONCRETO,BUENO,SECO,DESPEJADO,0,0,0,0,8,81,8112,BiobÃ­o,ConcepciÃ³n,HualpÃ©n,Interseccion,"CHAITEN & MONTE AGUILA, HualpÃ©n",-36.787935,-73.087892,Bici_2023.csv
-8132169.88416289,-4414011.67605958,227,2023,1512815,2023/02/26 00:00:00+00,Febrero,26,Domingo,1899/12/30 00:00:00+00,22:40:00,22,REGION BIO BIO,CONCEPCION,COLISION PERPENDICULAR,COLISION,URBANA,CRUCE CON SEÃAL CEDA EL PASO,DESOBEDIENCIA A SEÃALIZACION,SEÃALIZACION DESOBEDECER SEÃAL CEDA EL PASO,MANUEL BULNES,COLO COLO,COLO COLO - MANUEL BULNES,0, , ,UNIDIRECCIONAL,CONCRETO,BUENO,SECO,DESPEJADO,0,0,0,1,8,81,8101,BiobÃ­o,ConcepciÃ³n,ConcepciÃ³n,Interseccion,"COLO COLO & MANUEL BULNES, ConcepciÃ³n",-36.819748,-73.052525,Bici_2023.csv
-8132256.93600469,-4413478.40148734,242,2023,1514177,2023/03/01 00:00:00+00,Marzo,1,MiÃ©rcoles,1899/12/30 00:00:00+00,08:00:00,8,REGION BIO BIO,CONCEPCION,COLISION,COLISION,URBANA,CRUCE CON SEÃAL PARE,IMPRUDENCIA DEL CONDUCTOR,CONDUCCION NO ATENTO CONDICIONES TRANSITO MOMENTO,MANUEL RODRIGUEZ,CASTELLON,CASTELLON - MANUEL RODRIGUEZ,0, , ,BIDIRECCIONAL CON BANDEJON,CONCRETO,BUENO,SECO,DESPEJADO,0,0,0,1,8,81,8101,BiobÃ­o,ConcepciÃ³n,ConcepciÃ³n,Interseccion,"CASTELLON & MANUEL RODRIGUEZ, ConcepciÃ³n",-36.815913,-73.053307,Bici_2023.csv
-8128156.7052003,-4431592.72214342,245,2023,1514408,2023/03/01 00:00:00+00,Marzo,1,MiÃ©rcoles,1899/12/30 00:00:00+00,13:25:00,13,REGION BIO BIO,CHIGUAYANTE,COLISION PERPENDICULAR,COLISION,URBANA,CRUCE CON SEMAFORO FUNCIONANDO,IMPRUDENCIA DEL CONDUCTOR,CONDUCCION NO ATENTO CONDICIONES TRANSITO MOMENTO,MANUEL RODRIGUEZ,ESPERANZA,ESPERANZA - MANUEL RODRIGUEZ,0, , ,BIDIRECCIONAL,CONCRETO,BUENO,SECO,DESPEJADO,0,0,0,1,8,81,8103,BiobÃ­o,ConcepciÃ³n,Chiguayante,Interseccion,"ESPERANZA & MANUEL RODRIGUEZ, Chiguayante",-36.946073,-73.016474,Bici_2023.csv
-8135502.12180029,-4411603.46167863,254,2023,1514229,2023/03/02 00:00:00+00,Marzo,2,Jueves,1899/12/30 00:00:00+00,20:45:00,20,REGION BIO BIO,TALCAHUANO,COLISION LATERAL,COLISION,URBANA,CRUCE CON SEMAFORO FUNCIONANDO,IMPRUDENCIA DEL CONDUCTOR,VIRAJES INDEBIDOS,CRISTOBAL COLON,PUERTO SAAVEDRA,CRISTOBAL COLON - PUERTO SAAVEDRA,0, , ,BIDIRECCIONAL,CONCRETO,BUENO,SECO,DESPEJADO,0,0,0,1,8,81,8110,BiobÃ­o,ConcepciÃ³n,Talcahuano,Interseccion,"CRISTOBAL COLON & PUERTO SAAVEDRA, Talcahuano",-36.802428,-73.082459,Bici_2023.csv
-8140404.73855173,-4409596.7255316,303,2023,1501005,2023/01/01 00:00:00+00,Enero,1,Domingo,1899/12/30 00:00:00+00,18:30:00,18,REGION BIO BIO,HUALPEN,COLISION,COLISION,URBANA,TRAMO DE VIA RECTA,IMPRUDENCIA DEL CONDUCTOR,ADELANTAMIENTO SIN EL ESPACIO O TIEMPO SUFICIENTE,CAMINO RAMUNTCHO, ,- CAMINO RAMUNTCHO,2100, , ,BIDIRECCIONAL,CONCRETO,BUENO,SECO,DESPEJADO,0,1,0,0,8,81,8112,BiobÃ­o,ConcepciÃ³n,HualpÃ©n,Numero,"CAMINO RAMUNTCHO 2100, HualpÃ©n",-36.787992,-73.1265,Bici_2023.csv
-8132950.67907131,-4413529.43338675,352,2023,1516712,2023/03/15 00:00:00+00,Marzo,15,MiÃ©rcoles,1899/12/30 00:00:00+00,07:35:00,7,REGION BIO BIO,CONCEPCION,COLISION,COLISION,URBANA,CRUCE SIN SEÃALIZACION,IMPRUDENCIA DEL CONDUCTOR,CONDUCCION NO ATENTO CONDICIONES TRANSITO MOMENTO,ARGENTINA,RENGO,ARGENTINA - RENGO,0, , ,BIDIRECCIONAL,CONCRETO,BUENO,SECO,DESPEJADO,0,0,0,1,8,81,8101,BiobÃ­o,ConcepciÃ³n,ConcepciÃ³n,Interseccion,"ARGENTINA & RENGO, ConcepciÃ³n",-36.81628,-73.059539,Bici_2023.csv
-8130017.85576687,-4413665.5659993,355,2023,1517761,2023/03/15 00:00:00+00,Marzo,15,MiÃ©rcoles,1899/12/30 00:00:00+00,12:55:00,12,REGION BIO BIO,CONCEPCION,COLISION PERPENDICULAR,COLISION,URBANA,CRUCE CON SEMAFORO FUNCIONANDO,DESOBEDIENCIA A SEÃALIZACION,SEÃALIZACION DESOBEDECER LUZ ROJA DE SEMAFORO,JUAN BOSCO,FRESIA,FRESIA - JUAN BOSCO,0, , ,BIDIRECCIONAL CON BANDEJON,CONCRETO,BUENO,SECO,DESPEJADO,0,0,0,1,8,81,8101,BiobÃ­o,ConcepciÃ³n,ConcepciÃ³n,Interseccion,"FRESIA & JUAN BOSCO, ConcepciÃ³n",-36.817259,-73.033193,Bici_2023.csv
-8131177.80486094,-4414564.16835517,362,2023,1524978,2023/03/17 00:00:00+00,Marzo,17,Viernes,1899/12/30 00:00:00+00,08:00:00,8,REGION BIO BIO,CONCEPCION,COLISION,COLISION,URBANA,TRAMO DE VIA RECTA,IMPRUDENCIA DEL CONDUCTOR,CONDUCCION SIN MANTENER DISTANCIA RAZONABLE NI PRUDENTE,ONGOLMO,BARROS ARANA,BARROS ARANA - ONGOLMO,0, , ,UNIDIRECCIONAL,CONCRETO,BUENO,SECO,DESPEJADO,0,0,0,1,8,81,8101,BiobÃ­o,ConcepciÃ³n,ConcepciÃ³n,Interseccion,"BARROS ARANA & ONGOLMO, ConcepciÃ³n",-36.823721,-73.043613,Bici_2023.csv
-8137201.85912748,-4405999.10291696,395,2023,1520250,2023/03/22 00:00:00+00,Marzo,22,MiÃ©rcoles,1899/12/30 00:00:00+00,13:00:00,13,REGION BIO BIO,TALCAHUANO,COLISION LATERAL,COLISION,URBANA,CRUCE CON SEÃAL PARE,DESOBEDIENCIA A SEÃALIZACION,SEÃALIZACION DESOBEDECER SEÃAL PARE,SANTA CLAUDIA,RIO MAPOCHO,RIO MAPOCHO - SANTA CLAUDIA,0, , ,BIDIRECCIONAL,CONCRETO,BUENO,SECO,DESPEJADO,0,0,0,0,8,81,8110,BiobÃ­o,ConcepciÃ³n,Talcahuano,Interseccion,"RIO MAPOCHO & SANTA CLAUDIA, Talcahuano",-36.762106,-73.097728,Bici_2023.csv
-8130827.70506239,-4411740.82091953,398,2023,1518349,2023/03/22 00:00:00+00,Marzo,22,MiÃ©rcoles,1899/12/30 00:00:00+00,23:58:00,23,REGION BIO BIO,CONCEPCION,COLISION,COLISION,URBANA,TRAMO DE VIA RECTA,ALCOHOL EN CONDUCTOR,CONDUCCION EN ESTADO DE EBRIEDAD,ALONSO DE RIBERA,CAMILO HENRIQUEZ,ALONSO DE RIBERA - CAMILO HENRIQUEZ,0, , ,BIDIRECCIONAL CON BANDEJON,CONCRETO,BUENO,SECO,DESPEJADO,1,0,0,0,8,81,8101,BiobÃ­o,ConcepciÃ³n,ConcepciÃ³n,Interseccion,"ALONSO DE RIBERA & CAMILO HENRIQUEZ, ConcepciÃ³n",-36.803416,-73.040468,Bici_2023.csv
-8130659.94658977,-4420599.09098576,412,2023,1542890,2023/06/09 00:00:00+00,Junio,9,Viernes,1899/12/30 00:00:00+00,16:30:00,16,REGION BIO BIO,CHIGUAYANTE,CHOQUE FRENTE/POSTERIOR,CHOQUE,URBANA,TRAMO DE VIA RECTA,IMPRUDENCIA DEL CONDUCTOR,CONDUCCION NO ATENTO CONDICIONES TRANSITO MOMENTO,COSTANERA,PASCUAL BINIMELIS,COSTANERA - PASCUAL BINIMELIS,0, , ,BIDIRECCIONAL,CONCRETO,BUENO,MOJADO,LLUVIA,0,0,0,0,8,81,8103,BiobÃ­o,ConcepciÃ³n,Chiguayante,Interseccion,"COSTANERA & PASCUAL BINIMELIS, Chiguayante",-36.867105,-73.038961,Bici_2023.csv
-8137392.4058242,-4403539.73022363,428,2023,1567825,2023/10/12 00:00:00+00,Octubre,12,Jueves,1899/12/30 00:00:00+00,18:00:00,18,REGION BIO BIO,TALCAHUANO,COLISION FRONTAL,COLISION,URBANA,TRAMO DE VIA RECTA,IMPRUDENCIA DEL CONDUCTOR,ADELANTAMIENTO SIN EL ESPACIO O TIEMPO SUFICIENTE,DESIDERIO GARCIA, ,- DESIDERIO GARCIA,200, , ,BIDIRECCIONAL CON BANDEJON,CONCRETO,BUENO,SECO,DESPEJADO,0,0,0,0,8,81,8110,BiobÃ­o,ConcepciÃ³n,Talcahuano,Numero,"DESIDERIO GARCIA 200, Talcahuano",-36.744405,-73.09944,Bici_2023.csv
-8126285.31324057,-4415850.18335923,453,2023,1538505,2023/06/13 00:00:00+00,Junio,13,Martes,1899/12/30 00:00:00+00,19:15:00,19,REGION BIO BIO,CONCEPCION,COLISION LATERAL,COLISION,URBANA,CRUCE SIN SEÃALIZACION,IMPRUDENCIA DEL CONDUCTOR,CONDUCCION NO ATENTO CONDICIONES TRANSITO MOMENTO,30 DE OCTUBRE,LAS AZUCENAS,30 DE OCTUBRE - LAS AZUCENAS,0, , ,BIDIRECCIONAL,CONCRETO,BUENO,SECO,NUBLADO,0,0,0,0,8,81,8101,BiobÃ­o,ConcepciÃ³n,ConcepciÃ³n,Interseccion,"30 DE OCTUBRE & LAS AZUCENAS, ConcepciÃ³n",-36.832968,-72.999663,Bici_2023.csv
-8136919.38510696,-4404187.43399333,468,2023,1567828,2023/10/20 00:00:00+00,Octubre,20,Viernes,1899/12/30 00:00:00+00,13:30:00,13,REGION BIO BIO,TALCAHUANO,COLISION LATERAL,COLISION,URBANA,CRUCE CON SEÃAL PARE,DESOBEDIENCIA A SEÃALIZACION,SEÃALIZACION DESOBEDECER SEÃAL PARE,J M CRUZ, ,- J M CRUZ,3695, , ,BIDIRECCIONAL,CONCRETO,BUENO,SECO,DESPEJADO,0,1,0,0,8,81,8110,BiobÃ­o,ConcepciÃ³n,Talcahuano,Numero,"J M CRUZ 3695, Talcahuano",-36.749067,-73.09519,Bici_2023.csv
-8131897.2627522,-4415922.92361875,543,2023,1539820,2023/06/20 00:00:00+00,Junio,20,Martes,1899/12/30 00:00:00+00,14:50:00,14,REGION BIO BIO,CONCEPCION,COLISION PERPENDICULAR,COLISION,URBANA,CRUCE SIN SEÃALIZACION,IMPRUDENCIA DEL CONDUCTOR,NO RESPETAR DERECHO PREFERENTE DE PASO A VEHICULO,CICLOVIA VICTOR LAMAS,HOSPICIO,CICLOVIA VICTOR LAMAS - HOSPICIO,0, , ,BIDIRECCIONAL,CONCRETO,BUENO,SECO,NUBLADO,0,0,0,0,8,81,8101,BiobÃ­o,ConcepciÃ³n,ConcepciÃ³n,Interseccion,"CICLOVIA VICTOR LAMAS & HOSPICIO, ConcepciÃ³n",-36.833491,-73.050076,Bici_2023.csv
-8135800.46964624,-4407461.21105669,547,2023,1508749,2023/02/06 00:00:00+00,Febrero,6,Lunes,1899/12/30 00:00:00+00,21:10:00,21,REGION BIO BIO,TALCAHUANO,COLISION LATERAL,COLISION,URBANA,TRAMO DE VIA RECTA,IMPRUDENCIA DEL CONDUCTOR,VIRAJES INDEBIDOS,ALEMPARTE, ,- ALEMPARTE,6309, , ,BIDIRECCIONAL,CONCRETO,BUENO,SECO,DESPEJADO,0,0,0,1,8,81,8110,BiobÃ­o,ConcepciÃ³n,Talcahuano,Numero,"ALEMPARTE 6309, Talcahuano",-36.772628,-73.085139,Bici_2023.csv
-8139344.26117053,-4400819.21787305,606,2023,1513544,2023/02/19 00:00:00+00,Febrero,19,Domingo,1899/12/30 00:00:00+00,10:10:00,10,REGION BIO BIO,TALCAHUANO,COLISION LATERAL,COLISION,URBANA,CRUCE CON SEMAFORO FUNCIONANDO,DESOBEDIENCIA A SEÃALIZACION,SEÃALIZACION DESOBEDECER LUZ ROJA DE SEMAFORO,CRISTOBAL COLON, ,- CRISTOBAL COLON,3354, , ,BIDIRECCIONAL CON BANDEJON,CONCRETO,BUENO,SECO,DESPEJADO,0,0,0,1,8,81,8110,BiobÃ­o,ConcepciÃ³n,Talcahuano,Numero,"CRISTOBAL COLON 3354, Talcahuano",-36.724819,-73.116974,Bici_2023.csv
-8138037.75363276,-4410231.42810517,615,2023,1573021,2023/11/20 00:00:00+00,Noviembre,20,Lunes,1899/12/30 00:00:00+00,11:24:00,11,REGION BIO BIO,HUALPEN,COLISION,COLISION,URBANA,TRAMO DE VIA RECTA,VELOCIDAD IMPRUDENTE,VELOCIDAD MAYOR QUE MAXIMA PERMITIDA,BREMEN, ,- BREMEN,4074, , ,BIDIRECCIONAL,CONCRETO,BUENO,SECO,DESPEJADO,0,0,0,2,8,81,8112,BiobÃ­o,ConcepciÃ³n,HualpÃ©n,Numero,"BREMEN 4074, HualpÃ©n",-36.792559,-73.105237,Bici_2023.csv
-8132880.96821243,-4413072.3043038,618,2023,1511970,2023/02/23 00:00:00+00,Febrero,23,Jueves,1899/12/30 00:00:00+00,18:30:00,18,REGION BIO BIO,CONCEPCION,COLISION,COLISION,URBANA,TRAMO DE VIA RECTA,IMPRUDENCIA DEL CONDUCTOR,CONDUCCION NO ATENTO CONDICIONES TRANSITO MOMENTO,ANIBAL PINTO, ,- ANIBAL PINTO,1827, , ,UNIDIRECCIONAL,CONCRETO,BUENO,SECO,DESPEJADO,0,1,0,0,8,81,8101,BiobÃ­o,ConcepciÃ³n,ConcepciÃ³n,Numero,"ANIBAL PINTO 1827, ConcepciÃ³n",-36.812992,-73.058913,Bici_2023.csv
-8131801.63930961,-4414358.63173813,646,2023,1541967,2023/06/30 00:00:00+00,Junio,30,Viernes,1899/12/30 00:00:00+00,18:20:00,18,REGION BIO BIO,CONCEPCION,COLISION FRONTAL,COLISION,URBANA,TRAMO DE VIA RECTA,IMPRUDENCIA DEL CONDUCTOR,CONDUCCION CONTRA SENTIDO DEL TRANSITO,CICLOVIA LOS CARRERA,COSTANERA,CICLOVIA LOS CARRERA - COSTANERA,0, , ,BIDIRECCIONAL,CONCRETO,BUENO,SECO,DESPEJADO,0,0,0,1,8,81,8101,BiobÃ­o,ConcepciÃ³n,ConcepciÃ³n,Interseccion,"CICLOVIA LOS CARRERA & COSTANERA, ConcepciÃ³n",-36.822243,-73.049217,Bici_2023.csv
-8141664.8792952,-4418816.28228172,648,2023,1575893,2023/11/22 00:00:00+00,Noviembre,22,MiÃ©rcoles,1899/12/30 00:00:00+00,10:20:00,10,REGION BIO BIO,SAN PEDRO DE LA PAZ,COLISION,COLISION,URBANA,ACERA O BERMA,IMPRUDENCIA DEL CONDUCTOR,CONDUCCION NO ATENTO CONDICIONES TRANSITO MOMENTO,TUCAPEL, ,- TUCAPEL,635, , ,BIDIRECCIONAL,ASFALTO,BUENO,SECO,DESPEJADO,0,0,0,1,8,81,8108,BiobÃ­o,ConcepciÃ³n,San Pedro de la Paz,Numero,"TUCAPEL 635, San Pedro de la Paz",-36.854291,-73.13782,Bici_2023.csv
-8136888.04946067,-4408596.60023316,668,2023,1518917,2023/03/25 00:00:00+00,Marzo,25,SÃ¡bado,1899/12/30 00:00:00+00,16:15:00,16,REGION BIO BIO,HUALPEN,COLISION,COLISION,URBANA,CRUCE SIN SEÃALIZACION,IMPRUDENCIA DEL CONDUCTOR,CONDUCCION SIN MANTENER DISTANCIA RAZONABLE NI PRUDENTE,LAS GOLONDRINAS,GENOVA,GENOVA - LAS GOLONDRINAS,0, , ,BIDIRECCIONAL,CONCRETO,BUENO,SECO,DESPEJADO,0,0,0,0,8,81,8112,BiobÃ­o,ConcepciÃ³n,HualpÃ©n,Interseccion,"GENOVA & LAS GOLONDRINAS, HualpÃ©n",-36.780797,-73.094909,Bici_2023.csv