ï»¿X,Y,FID,AÃ±o,IdAccident,Fecha,Mes,Dia_mes,Dia_semana,Hora,Hora_texto,Hora_aprox,RegiÃ³n,Comuna,Tipo_Accid,Tipo__CONA,Zona,UbicaciÃ³n,Causa__CON,Causa_Acci,Calle_Uno,Calle_Dos,Intersecci,NÃºmero,Ruta,Ubicaci_1,Calzada,Tipo_Calza,Estado_Cal,CondiciÃ³n,Estado_Atm,Fallecidos,Graves,Menos_Grav,Leves,CUT_REG,CUT_PROV,CUT_COM,REGION,PROVINCIA,COMUNA1,Tipo_direc,Direccion,Lat,Lon,Archivo_Origen
-8165813.45005147,-4500554.9000355,1603,2023,1581548,2023/12/14 00:00:00+00,Diciembre,14,Jueves,1899/12/30 00:00:00+00,08:30:00,8,REGION BIO BIO,SAN PEDRO DE LA PAZ,COLISION,COLISION,RURAL,TRAMO DE VIA RECTA,IMPRUDENCIA DEL CONDUCTOR,NO RESPETAR DERECHO PREFERENTE DE PASO A VEHICULO, , , ,0,RUTA 160,85,BIDIRECCIONAL,CONCRETO,BUENO,SECO,DESPEJADO,0,0,0,1,8,81,8108,BiobÃ­o,ConcepciÃ³n,San Pedro de la Paz,Ruta,RUTA 160 km 85,-37.439565,-73.35475,Bici_2023.csv
-8138434.72246575,-4410024.23576728,1605,2023,1528213,2023/05/04 00:00:00+00,Mayo,4,Jueves,1899/12/30 00:00:00+00,08:15:00,8,REGION BIO BIO,HUALPEN,COLISION,COLISION,URBANA,CRUCE SIN SEÃALIZACION,IMPRUDENCIA DEL CONDUCTOR,CONDUCCION NO ATENTO CONDICIONES TRANSITO MOMENTO,GRAN BRETAÃA,MADRID,GRAN BRETAÃA - MADRID,0, , ,BIDIRECCIONAL,CONCRETO,BUENO,SECO,DESPEJADO,0,0,0,1,8,81,8112,BiobÃ­o,ConcepciÃ³n,HualpÃ©n,Interseccion,"GRAN BRETAÃA & MADRID, HualpÃ©n",-36.791068,-73.108803,Bici_2023.csv
-8131254.60543555,-4414057.76176222,1613,2023,1549539,2023/08/05 00:00:00+00,Agosto,5,SÃ¡bado,1899/12/30 00:00:00+00,22:30:00,22,REGION BIO BIO,CONCEPCION,CHOQUE FRENTE/POSTERIOR,CHOQUE,URBANA,TRAMO DE VIA RECTA,IMPRUDENCIA DEL CONDUCTOR,CONDUCCION NO ATENTO CONDICIONES TRANSITO MOMENTO,CRUZ, ,- CRUZ,1740, , ,UNIDIRECCIONAL,CONCRETO,BUENO,SECO,DESPEJADO,0,0,0,0,8,81,8101,BiobÃ­o,ConcepciÃ³n,ConcepciÃ³n,Numero,"CRUZ 1740, ConcepciÃ³n",-36.820079,-73.044303,Bici_2023.csv
-8137090.65093391,-4411148.57611547,1632,2023,1528457,2023/05/05 00:00:00+00,Mayo,5,Viernes,1899/12/30 00:00:00+00,16:10:00,16,REGION BIO BIO,HUALPEN,COLISION,COLISION,URBANA,CRUCE CON SEMAFORO FUNCIONANDO,IMPRUDENCIA DEL CONDUCTOR,NO RESPETAR DERECHO PREFERENTE DE PASO A VEHICULO,PILPILCO,POSTDAM,PILPILCO - POSTDAM,0, , ,BIDIRECCIONAL,CONCRETO,BUENO,SECO,DESPEJADO,0,1,0,0,8,81,8112,BiobÃ­o,ConcepciÃ³n,HualpÃ©n,Interseccion,"PILPILCO & POSTDAM, HualpÃ©n",-36.799156,-73.096729,Bici_2023.csv
-8128676.34458332,-4430094.3635808,1636,2023,1558720,2023/09/06 00:00:00+00,Septiembre,6,MiÃ©rcoles,1899/12/30 00:00:00+00,14:00:00,14,REGION BIO BIO,CHIGUAYANTE,COLISION PERPENDICULAR,COLISION,URBANA,CRUCE CON SEÃAL PARE,IMPRUDENCIA DEL CONDUCTOR,CONDUCCION SIN MANTENER DISTANCIA RAZONABLE NI PRUDENTE,LA MARINA,LOS HEROES,LA MARINA - LOS HEROES,0, , ,BIDIRECCIONAL,ASFALTO,BUENO,MOJADO,LLUVIA,0,0,0,1,8,81,8103,BiobÃ­o,ConcepciÃ³n,Chiguayante,Interseccion,"LA MARINA & LOS HEROES, Chiguayante",-36.935315,-73.021142,Bici_2023.csv
-8132050.03755457,-4413198.14763995,1674,2023,1501579,2023/01/03 00:00:00+00,Enero,3,Martes,1899/12/30 00:00:00+00,17:30:00,17,REGION BIO BIO,CONCEPCION,COLISION POR ALCANCE,COLISION,URBANA,TRAMO DE VIA RECTA,VELOCIDAD IMPRUDENTE,"VELOCIDAD NO REDUCIR CRUCE DE CALLES, CUMBRE, CURVA, ETC.",BANDERA,OROMPELLO,BANDERA - OROMPELLO,0, , ,UNIDIRECCIONAL,CONCRETO,BUENO,SECO,DESPEJADO,0,1,0,0,8,81,8101,BiobÃ­o,ConcepciÃ³n,ConcepciÃ³n,Interseccion,"BANDERA & OROMPELLO, ConcepciÃ³n",-36.813898,-73.051448,Bici_2023.csv
-8139306.41418006,-4416523.5821808,1718,2023,1562878,2023/09/11 00:00:00+00,Septiembre,11,Lunes,1899/12/30 00:00:00+00,14:30:00,14,REGION BIO BIO,SAN PEDRO DE LA PAZ,COLISION,COLISION,URBANA,CRUCE SIN SEÃALIZACION,IMPRUDENCIA DEL CONDUCTOR,CONDUCCION NO ATENTO CONDICIONES TRANSITO MOMENTO,PEDRO AGUIRRE CERDA,LOS NARANJOS,LOS NARANJOS - PEDRO AGUIRRE CERDA,0, , ,BIDIRECCIONAL,ASFALTO,BUENO,SECO,DESPEJADO,0,1,0,0,8,81,8108,BiobÃ­o,ConcepciÃ³n,San Pedro de la Paz,Interseccion,"LOS NARANJOS & PEDRO AGUIRRE CERDA, San Pedro de la Paz",-36.83781,-73.116634,Bici_2023.csv
-8129985.35047556,-4425135.88428788,1723,2023,1555590,2023/08/30 00:00:00+00,Agosto,30,MiÃ©rcoles,1899/12/30 00:00:00+00,18:00:00,18,REGION BIO BIO,CHIGUAYANTE,COLISION PERPENDICULAR,COLISION,URBANA,CRUCE CON SEÃAL PARE,IMPRUDENCIA DEL CONDUCTOR,CONDUCCION NO ATENTO CONDICIONES TRANSITO MOMENTO,8 ORIENTE, ,- 8 ORIENTE,750, , ,UNIDIRECCIONAL,ASFALTO,BUENO,SECO,DESPEJADO,0,0,0,1,8,81,8103,BiobÃ­o,ConcepciÃ³n,Chiguayante,Numero,"8 ORIENTE 750, Chiguayante",-36.899703,-73.032901,Bici_2023.csv
-8138854.3702071,-4416662.96937458,1727,2023,1561743,2023/09/02 00:00:00+00,Septiembre,2,SÃ¡bado,1899/12/30 00:00:00+00,14:35:00,14,REGION BIO BIO,SAN PEDRO DE LA PAZ,COLISION,COLISION,URBANA,CRUCE CON SEÃAL PARE,DESOBEDIENCIA A SEÃALIZACION,SEÃALIZACION DESOBEDECER SEÃAL PARE,LOS BATROS, ,- LOS BATROS,1150, , ,BIDIRECCIONAL,ASFALTO,BUENO,SECO,NUBLADO,0,0,0,1,8,81,8108,BiobÃ­o,ConcepciÃ³n,San Pedro de la Paz,Numero,"LOS BATROS 1150, San Pedro de la Paz",-36.838812,-73.112573,Bici_2023.csv
-8138854.3702071,-4416662.96937458,1731,2023,1563586,2023/09/02 00:00:00+00,Septiembre,2,SÃ¡bado,1899/12/30 00:00:00+00,14:35:00,14,REGION BIO BIO,SAN PEDRO DE LA PAZ,COLISION,COLISION,URBANA,CRUCE CON SEÃAL PARE,IMPRUDENCIA DEL CONDUCTOR,CONDUCCION NO ATENTO CONDICIONES TRANSITO MOMENTO,LOS BATROS, ,- LOS BATROS,1150, , ,BIDIRECCIONAL,ASFALTO,BUENO,SECO,DESPEJADO,0,0,0,0,8,81,8108,BiobÃ­o,ConcepciÃ³n,San Pedro de la Paz,Numero,"LOS BATROS 1150, San Pedro de la Paz",-36.838812,-73.112573,Bici_2023.csv
-8128673.05328899,-4430103.13114867,1734,2023,1558324,2023/09/04 00:00:00+00,Septiembre,4,Lunes,1899/12/30 00:00:00+00,14:10:00,14,REGION BIO BIO,CHIGUAYANTE,COLISION PERPENDICULAR,COLISION,URBANA,CRUCE CON SEÃAL CEDA EL PASO,IMPRUDENCIA DEL CONDUCTOR,CONDUCCION NO ATENTO CONDICIONES TRANSITO MOMENTO,MANUEL RODRIGUEZ, ,- MANUEL RODRIGUEZ,2550, , ,UNIDIRECCIONAL,CONCRETO,BUENO,SECO,NUBLADO,0,0,0,1,8,81,8103,BiobÃ­o,ConcepciÃ³n,Chiguayante,Numero,"MANUEL RODRIGUEZ 2550, Chiguayante",-36.935378,-73.021112,Bici_2023.csv
-8129367.63862115,-4427925.75346283,1768,2023,1503766,2023/01/06 00:00:00+00,Enero,6,Viernes,1899/12/30 00:00:00+00,13:00:00,13,REGION BIO BIO,CHIGUAYANTE,COLISION PERPENDICULAR,COLISION,URBANA,OTROS NO CONSIDERADOS,IMPRUDENCIA DEL CONDUCTOR,CONDUCCION CONTRA SENTIDO DEL TRANSITO,MANUEL RODRIGUEZ,EMILIO ROJAS,EMILIO ROJAS - MANUEL RODRIGUEZ,0, , ,BIDIRECCIONAL CON BANDEJON,CONCRETO,BUENO,SECO,DESPEJADO,0,0,0,1,8,81,8103,BiobÃ­o,ConcepciÃ³n,Chiguayante,Interseccion,"EMILIO ROJAS & MANUEL RODRIGUEZ, Chiguayante",-36.919742,-73.027352,Bici_2023.csv
-8139344.26117053,-4400819.21787305,1811,2023,1561572,2023/09/19 00:00:00+00,Septiembre,19,Martes,1899/12/30 00:00:00+00,21:00:00,21,REGION BIO BIO,TALCAHUANO,COLISION LATERAL,COLISION,URBANA,CRUCE CON SEMAFORO FUNCIONANDO,DESOBEDIENCIA A SEÃALIZACION,SEÃALIZACION DESOBEDECER LUZ ROJA DE SEMAFORO,CRISTOBAL COLON, ,- CRISTOBAL COLON,3157, , ,BIDIRECCIONAL,CONCRETO,BUENO,SECO,DESPEJADO,0,0,0,1,8,81,8110,BiobÃ­o,ConcepciÃ³n,Talcahuano,Numero,"CRISTOBAL COLON 3157, Talcahuano",-36.724819,-73.116974,Bici_2023.csv
-8130614.41692916,-4414267.68521362,1862,2023,1562296,2023/09/25 00:00:00+00,Septiembre,25,Lunes,1899/12/30 00:00:00+00,16:00:00,16,REGION BIO BIO,CONCEPCION,COLISION LATERAL,COLISION,URBANA,TRAMO DE VIA RECTA,IMPRUDENCIA DEL CONDUCTOR,CONDUCCION NO ATENTO CONDICIONES TRANSITO MOMENTO,CICLOVIA BARROS ARANA,GALVARINO,CICLOVIA BARROS ARANA - GALVARINO,0, , ,BIDIRECCIONAL,CONCRETO,BUENO,SECO,DESPEJADO,0,0,0,0,8,81,8101,BiobÃ­o,ConcepciÃ³n,ConcepciÃ³n,Interseccion,"CICLOVIA BARROS ARANA & GALVARINO, ConcepciÃ³n",-36.821589,-73.038552,Bici_2023.csv
-8128951.30373671,-4427150.77037382,1897,2023,1562606,2023/09/27 00:00:00+00,Septiembre,27,MiÃ©rcoles,1899/12/30 00:00:00+00,15:00:00,15,REGION BIO BIO,CHIGUAYANTE,COLISION LATERAL,COLISION,URBANA,TRAMO DE VIA RECTA,IMPRUDENCIA DEL CONDUCTOR,CONDUCCION NO ATENTO CONDICIONES TRANSITO MOMENTO,CALLE NUEVA,SOTERAS,CALLE NUEVA - SOTERAS,0, , ,BIDIRECCIONAL,ASFALTO,BUENO,SECO,DESPEJADO,0,0,0,1,8,81,8103,BiobÃ­o,ConcepciÃ³n,Chiguayante,Interseccion,"CALLE NUEVA & SOTERAS, Chiguayante",-36.914176,-73.023612,Bici_2023.csv
-8133135.24678705,-4415511.80184747,1928,2023,1532590,2023/05/19 00:00:00+00,Mayo,19,Viernes,1899/12/30 00:00:00+00,16:15:00,16,REGION BIO BIO,CONCEPCION,COLISION PERPENDICULAR,COLISION,URBANA,OTROS NO CONSIDERADOS,IMPRUDENCIA DEL CONDUCTOR,CONDUCCION NO ATENTO CONDICIONES TRANSITO MOMENTO,PASCUAL BINIMELIS,CENTRAL NORTE,CENTRAL NORTE - PASCUAL BINIMELIS,0, , ,UNIDIRECCIONAL,CONCRETO,BUENO,SECO,DESPEJADO,0,0,0,1,8,81,8101,BiobÃ­o,ConcepciÃ³n,ConcepciÃ³n,Interseccion,"CENTRAL NORTE & PASCUAL BINIMELIS, ConcepciÃ³n",-36.830535,-73.061197,Bici_2023.csv
-8137832.9069901,-4404036.67607801,1934,2023,1535125,2023/05/20 00:00:00+00,Mayo,20,SÃ¡bado,1899/12/30 00:00:00+00,16:33:00,16,REGION BIO BIO,TALCAHUANO,COLISION LATERAL,COLISION,URBANA,CRUCE CON SEMAFORO FUNCIONANDO,IMPRUDENCIA DEL CONDUCTOR,NO RESPETAR DERECHO PREFERENTE DE PASO A VEHICULO,DESIDERIO GARCIA,ALTO HORNO,ALTO HORNO - DESIDERIO GARCIA,0, , ,BIDIRECCIONAL,CONCRETO,BUENO,SECO,DESPEJADO,0,0,0,1,8,81,8110,BiobÃ­o,ConcepciÃ³n,Talcahuano,Interseccion,"ALTO HORNO & DESIDERIO GARCIA, Talcahuano",-36.747982,-73.103397,Bici_2023.csv
-8131894.92502063,-4413505.93365336,1945,2023,1533190,2023/05/24 00:00:00+00,Mayo,24,MiÃ©rcoles,1899/12/30 00:00:00+00,12:00:00,12,REGION BIO BIO,CONCEPCION,COLISION PERPENDICULAR,COLISION,URBANA,CRUCE CON SEÃAL CEDA EL PASO,DESOBEDIENCIA A SEÃALIZACION,SEÃALIZACION DESOBEDECER SEÃAL CEDA EL PASO,PRIETO,OROMPELLO,OROMPELLO - PRIETO,0, , ,UNIDIRECCIONAL,CONCRETO,BUENO,MOJADO,NUBLADO,0,0,0,1,8,81,8101,BiobÃ­o,ConcepciÃ³n,ConcepciÃ³n,Interseccion,"OROMPELLO & PRIETO, ConcepciÃ³n",-36.816111,-73.050055,Bici_2023.csv
-8135827.50867188,-4411105.06271419,1948,2023,1533307,2023/05/24 00:00:00+00,Mayo,24,MiÃ©rcoles,1899/12/30 00:00:00+00,17:30:00,17,REGION BIO BIO,HUALPEN,COLISION,COLISION,URBANA,CRUCE CON SEMAFORO FUNCIONANDO,DESOBEDIENCIA A SEÃALIZACION,SEÃALIZACION DESOBEDECER LUZ ROJA DE SEMAFORO,LOS COPIHUES,CRISTOBAL COLON,CRISTOBAL COLON - LOS COPIHUES,0, , ,BIDIRECCIONAL,CONCRETO,BUENO,SECO,DESPEJADO,0,1,0,0,8,81,8112,BiobÃ­o,ConcepciÃ³n,HualpÃ©n,Interseccion,"CRISTOBAL COLON & LOS COPIHUES, HualpÃ©n",-36.798843,-73.085382,Bici_2023.csv
-8138296.35233869,-4415753.66077874,1953,2023,1535396,2023/05/25 00:00:00+00,Mayo,25,Jueves,1899/12/30 00:00:00+00,08:10:00,8,REGION BIO BIO,SAN PEDRO DE LA PAZ,COLISION POR ALCANCE,COLISION,URBANA,TRAMO DE VIA RECTA,IMPRUDENCIA DEL CONDUCTOR,CONDUCCION NO ATENTO CONDICIONES TRANSITO MOMENTO,LAS VIOLETAS,JORGE ALESSANDRI,JORGE ALESSANDRI - LAS VIOLETAS,0, , ,UNIDIRECCIONAL,ASFALTO,BUENO,SECO,DESPEJADO,0,0,0,1,8,81,8108,BiobÃ­o,ConcepciÃ³n,San Pedro de la Paz,Interseccion,"JORGE ALESSANDRI & LAS VIOLETAS, San Pedro de la Paz",-36.832274,-73.10756,Bici_2023.csv
-8141571.48307732,-4422009.41174422,2073,2023,1565446,2023/10/10 00:00:00+00,Octubre,10,Martes,1899/12/30 00:00:00+00,09:00:00,9,REGION BIO BIO,SAN PEDRO DE LA PAZ,COLISION PERPENDICULAR,COLISION,URBANA,CRUCE CON SEMAFORO FUNCIONANDO,IMPRUDENCIA DEL CONDUCTOR,CONDUCCION NO ATENTO CONDICIONES TRANSITO MOMENTO,PEDRO AGUIRRE CERDA,PEUMO,PEDRO AGUIRRE CERDA - PEUMO,0, , ,UNIDIRECCIONAL,CONCRETO,BUENO,SECO,DESPEJADO,0,0,0,1,8,81,8108,BiobÃ­o,ConcepciÃ³n,San Pedro de la Paz,Interseccion,"PEDRO AGUIRRE CERDA & PEUMO, San Pedro de la Paz",-36.87724,-73.136981,Bici_2023.csv
-8130892.71564502,-4415128.23236614,2106,2023,1566771,2023/10/16 00:00:00+00,Octubre,16,Lunes,1899/12/30 00:00:00+00,15:15:00,15,REGION BIO BIO,CONCEPCION,COLISION LATERAL,COLISION,URBANA,TRAMO DE VIA RECTA,IMPRUDENCIA DEL CONDUCTOR,CONDUCCION NO ATENTO CONDICIONES TRANSITO MOMENTO,CHACABUCO,ONGOLMO,CHACABUCO - ONGOLMO,0, , ,BIDIRECCIONAL CON BANDEJON,CONCRETO,BUENO,SECO,DESPEJADO,0,0,0,1,8,81,8101,BiobÃ­o,ConcepciÃ³n,ConcepciÃ³n,Interseccion,"CHACABUCO & ONGOLMO, ConcepciÃ³n",-36.827777,-73.041052,Bici_2023.csv
-8133111.86966058,-4415210.98101325,2140,2023,1566897,2023/10/21 00:00:00+00,Octubre,21,SÃ¡bado,1899/12/30 00:00:00+00,19:23:00,19,REGION BIO BIO,CONCEPCION,COLISION PERPENDICULAR,COLISION,URBANA,CRUCE CON SEMAFORO FUNCIONANDO,DESOBEDIENCIA A SEÃALIZACION,SEÃALIZACION DESOBEDECER LUZ ROJA DE SEMAFORO,MAIPU,CICLOVIA JUAN BOSCO,CICLOVIA JUAN BOSCO - MAIPU,0, , ,UNIDIRECCIONAL,CONCRETO,BUENO,SECO,DESPEJADO,0,0,0,1,8,81,8101,BiobÃ­o,ConcepciÃ³n,ConcepciÃ³n,Interseccion,"CICLOVIA JUAN BOSCO & MAIPU, ConcepciÃ³n",-36.828372,-73.060987,Bici_2023.csv
-8131614.39990383,-4413358.95720793,2144,2023,1566738,2023/10/23 00:00:00+00,Octubre,23,Lunes,1899/12/30 00:00:00+00,08:00:00,8,REGION BIO BIO,CONCEPCION,COLISION,COLISION,URBANA,CRUCE CON SEÃAL CEDA EL PASO,IMPRUDENCIA DEL CONDUCTOR,CONDUCCION NO ATENTO CONDICIONES TRANSITO MOMENTO,PAICAVI,PRIETO,PAICAVI - PRIETO,0, , ,BIDIRECCIONAL CON BANDEJON,CONCRETO,BUENO,SECO,DESPEJADO,0,0,0,1,8,81,8101,BiobÃ­o,ConcepciÃ³n,ConcepciÃ³n,Interseccion,"PAICAVI & PRIETO, ConcepciÃ³n",-36.815054,-73.047535,Bici_2023.csv
-8133194.4798881,-4413384.50077584,2150,2023,1567233,2023/10/24 00:00:00+00,Octubre,24,Martes,1899/12/30 00:00:00+00,08:00:00,8,REGION BIO BIO,CONCEPCION,COLISION,COLISION,URBANA,TRAMO DE VIA RECTA,IMPRUDENCIA DEL CONDUCTOR,CONDUCCION NO ATENTO CONDICIONES TRANSITO MOMENTO,CAMINO LOS CARROS,EJERCITO,CAMINO LOS CARROS - EJERCITO,0, , ,UNIDIRECCIONAL,CONCRETO,BUENO,SECO,DESPEJADO,0,0,0,1,8,81,8101,BiobÃ­o,ConcepciÃ³n,ConcepciÃ³n,Interseccion,"CAMINO LOS CARROS & EJERCITO, ConcepciÃ³n",-36.815238,-73.061729,Bici_2023.csv
-8131104.89059447,-4415059.8088068,2151,2023,1567868,2023/10/24 00:00:00+00,Octubre,24,Martes,1899/12/30 00:00:00+00,08:00:00,8,REGION BIO BIO,CONCEPCION,COLISION PERPENDICULAR,COLISION,URBANA,CRUCE CON SEMAFORO FUNCIONANDO,DESOBEDIENCIA A SEÃALIZACION,SEÃALIZACION DESOBEDECER LUZ ROJA DE SEMAFORO,COCHRANE,OROMPELLO,COCHRANE - OROMPELLO,0, , ,UNIDIRECCIONAL,CONCRETO,BUENO,SECO,DESPEJADO,0,0,0,1,8,81,8101,BiobÃ­o,ConcepciÃ³n,ConcepciÃ³n,Interseccion,"COCHRANE & OROMPELLO, ConcepciÃ³n",-36.827285,-73.042958,Bici_2023.csv
-8132804.96185786,-4413804.48146119,2154,2023,1567892,2023/10/24 00:00:00+00,Octubre,24,Martes,1899/12/30 00:00:00+00,17:30:00,17,REGION BIO BIO,CONCEPCION,COLISION LATERAL,COLISION,URBANA,CRUCE CON SEÃAL CEDA EL PASO,IMPRUDENCIA DEL CONDUCTOR,CONDUCCION NO ATENTO CONDICIONES TRANSITO MOMENTO,MANUEL RODRIGUEZ,RENGO,MANUEL RODRIGUEZ - RENGO,0, , ,BIDIRECCIONAL CON BANDEJON,CONCRETO,BUENO,SECO,DESPEJADO,0,0,1,0,8,81,8101,BiobÃ­o,ConcepciÃ³n,ConcepciÃ³n,Interseccion,"MANUEL RODRIGUEZ & RENGO, ConcepciÃ³n",-36.818258,-73.05823,Bici_2023.csv
-8130952.49421157,-4414950.35984109,2162,2023,1567933,2023/10/25 00:00:00+00,Octubre,25,MiÃ©rcoles,1899/12/30 00:00:00+00,18:30:00,18,REGION BIO BIO,CONCEPCION,COLISION PERPENDICULAR,COLISION,URBANA,OTROS NO CONSIDERADOS,IMPRUDENCIA DEL CONDUCTOR,CONDUCCION NO ATENTO CONDICIONES TRANSITO MOMENTO,DIAGONAL PEDRO AGUIRRE CERDA,ONGOLMO,DIAGONAL PEDRO AGUIRRE CERDA - ONGOLMO,0, , ,UNIDIRECCIONAL,CONCRETO,BUENO,SECO,DESPEJADO,0,0,0,1,8,81,8101,BiobÃ­o,ConcepciÃ³n,ConcepciÃ³n,Interseccion,"DIAGONAL PEDRO AGUIRRE CERDA & ONGOLMO, ConcepciÃ³n",-36.826498,-73.041589,Bici_2023.csv
-8132076.7097157,-4417633.22695703,2165,2023,1568033,2023/10/26 00:00:00+00,Octubre,26,Jueves,1899/12/30 00:00:00+00,09:45:00,9,REGION BIO BIO,CONCEPCION,COLISION,COLISION,URBANA,CRUCE SIN SEÃALIZACION,IMPRUDENCIA DEL CONDUCTOR,CONDUCCION NO ATENTO CONDICIONES TRANSITO MOMENTO,18 DE SEPTIEMBRE,PEDRO DE VALDIVIA,18 DE SEPTIEMBRE - PEDRO DE VALDIVIA,0, , ,BIDIRECCIONAL,CONCRETO,BUENO,SECO,DESPEJADO,0,0,0,1,8,81,8101,BiobÃ­o,ConcepciÃ³n,ConcepciÃ³n,Interseccion,"18 DE SEPTIEMBRE & PEDRO DE VALDIVIA, ConcepciÃ³n",-36.845787,-73.051688,Bici_2023.csv
-8128986.14674846,-4428060.39966676,2192,2023,1575250,2023/11/01 00:00:00+00,Noviembre,1,MiÃ©rcoles,1899/12/30 00:00:00+00,14:30:00,14,REGION BIO BIO,CHIGUAYANTE,COLISION PERPENDICULAR,COLISION,URBANA,CRUCE CON SEÃAL PARE,DESOBEDIENCIA A SEÃALIZACION,SEÃALIZACION DESOBEDECER SEÃAL PARE,SAN MARTIN,COCHRANE,COCHRANE - SAN MARTIN,0, , ,BIDIRECCIONAL,CONCRETO,BUENO,SECO,DESPEJADO,0,1,0,0,8,81,8103,BiobÃ­o,ConcepciÃ³n,Chiguayante,Interseccion,"COCHRANE & SAN MARTIN, Chiguayante",-36.920709,-73.023925,Bici_2023.csv
-8133434.58489779,-4414486.15297952,2207,2023,1570044,2023/11/03 00:00:00+00,Noviembre,3,Viernes,1899/12/30 00:00:00+00,07:10:00,7,REGION BIO BIO,CONCEPCION,COLISION,COLISION,URBANA,CRUCE CON SEÃAL CEDA EL PASO,IMPRUDENCIA DEL CONDUCTOR,CONDUCCION NO ATENTO CONDICIONES TRANSITO MOMENTO,PADRE HURTADO,GENERAL CRUZ,GENERAL CRUZ - PADRE HURTADO,0, , ,UNIDIRECCIONAL,CONCRETO,BUENO,SECO,DESPEJADO,0,0,0,1,8,81,8101,BiobÃ­o,ConcepciÃ³n,ConcepciÃ³n,Interseccion,"GENERAL CRUZ & PADRE HURTADO, ConcepciÃ³n",-36.82316,-73.063886,Bici_2023.csv
-8136800.21842696,-4410885.41317092,2212,2023,1569555,2023/11/03 00:00:00+00,Noviembre,3,Viernes,1899/12/30 00:00:00+00,15:00:00,15,REGION BIO BIO,HUALPEN,COLISION,COLISION,URBANA,CRUCE SIN SEÃALIZACION,IMPRUDENCIA DEL CONDUCTOR,NO RESPETAR DERECHO PREFERENTE DE PASO A PEATON,HUALQUI,QUIRIHUE,HUALQUI - QUIRIHUE,0, , ,BIDIRECCIONAL,CONCRETO,BUENO,SECO,DESPEJADO,0,0,0,1,8,81,8112,BiobÃ­o,ConcepciÃ³n,HualpÃ©n,Interseccion,"HUALQUI & QUIRIHUE, HualpÃ©n",-36.797263,-73.09412,Bici_2023.csv
-8128654.97124109,-4430084.05770115,2232,2023,1575276,2023/11/07 00:00:00+00,Noviembre,7,Martes,1899/12/30 00:00:00+00,18:15:00,18,REGION BIO BIO,CHIGUAYANTE,COLISION PERPENDICULAR,COLISION,URBANA,TRAMO DE VIA RECTA,IMPRUDENCIA DEL CONDUCTOR,CONDUCCION NO ATENTO CONDICIONES TRANSITO MOMENTO,MANUEL RODRIGUEZ,PROGRESO,MANUEL RODRIGUEZ - PROGRESO,0, , ,BIDIRECCIONAL CON BANDEJON,CONCRETO,BUENO,SECO,DESPEJADO,0,0,1,0,8,81,8103,BiobÃ­o,ConcepciÃ³n,Chiguayante,Interseccion,"MANUEL RODRIGUEZ & PROGRESO, Chiguayante",-36.935241,-73.02095,Bici_2023.csv
-8139165.86888128,-4416550.9023515,2243,2023,1571464,2023/11/09 00:00:00+00,Noviembre,9,Jueves,1899/12/30 00:00:00+00,07:50:00,7,REGION BIO BIO,SAN PEDRO DE LA PAZ,COLISION LATERAL,COLISION,URBANA,TRAMO DE VIA RECTA,DESOBEDIENCIA A SEÃALIZACION,SEÃALIZACION DESOBEDECER OTRA,PEDRO AGUIRRE CERDA,LOS AVELLANOS,LOS AVELLANOS - PEDRO AGUIRRE CERDA,0, , ,UNIDIRECCIONAL,CONCRETO,BUENO,SECO,DESPEJADO,0,0,1,1,8,81,8108,BiobÃ­o,ConcepciÃ³n,San Pedro de la Paz,Interseccion,"LOS AVELLANOS & PEDRO AGUIRRE CERDA, San Pedro de la Paz",-36.838006,-73.115371,Bici_2023.csv
-8129079.43240382,-4428938.07839316,2251,2023,1577222,2023/11/10 00:00:00+00,Noviembre,10,Viernes,1899/12/30 00:00:00+00,20:50:00,20,REGION BIO BIO,CHIGUAYANTE,COLISION PERPENDICULAR,COLISION,URBANA,CRUCE CON SEMAFORO FUNCIONANDO,IMPRUDENCIA DEL CONDUCTOR,CONDUCCION NO ATENTO CONDICIONES TRANSITO MOMENTO,MANUEL RODRIGUEZ,PASAJE CUATRO,MANUEL RODRIGUEZ - PASAJE CUATRO,0, , ,BIDIRECCIONAL CON BANDEJON,ASFALTO,BUENO,SECO,NUBLADO,0,1,0,0,8,81,8103,BiobÃ­o,ConcepciÃ³n,Chiguayante,Interseccion,"MANUEL RODRIGUEZ & PASAJE CUATRO, Chiguayante",-36.927012,-73.024763,Bici_2023.csv