ï»¿X,Y,FID,AÃ±o,IdAccident,Fecha,Mes,Dia_mes,Dia_semana,Hora,Hora_texto,Hora_aprox,RegiÃ³n,Comuna,Tipo_Accid,Tipo__CONA,Zona,UbicaciÃ³n,Causa__CON,Causa_Acci,Calle_Uno,Calle_Dos,Intersecci,NÃºmero,Ruta,Ubicaci_1,Calzada,Tipo_Calza,Estado_Cal,CondiciÃ³n,Estado_Atm,Fallecidos,Graves,Menos_Grav,Leves,CUT_REG,CUT_PROV,CUT_COM,REGION,PROVINCIA,COMUNA1,Tipo_direc,Direccion,Lat,Lon,Archivo_Origen
-8135989.14457251,-4410247.62084508,2324,2023,1573793,2023/11/23 00:00:00+00,Noviembre,23,Jueves,1899/12/30 00:00:00+00,22:00:00,22,REGION BIO BIO,HUALPEN,COLISION,COLISION,URBANA,CRUCE CON SEÃAL PARE,DESOBEDIENCIA A SEÃALIZACION,SEÃALIZACION DESOBEDECER SEÃAL PARE,CRISTOBAL COLON,CARAMPANGUE,CARAMPANGUE - CRISTOBAL COLON,0, , ,BIDIRECCIONAL,CONCRETO,BUENO,SECO,DESPEJADO,0,0,0,1,8,81,8112,BiobÃ­o,ConcepciÃ³n,HualpÃ©n,Interseccion,"CARAMPANGUE & CRISTOBAL COLON, HualpÃ©n",-36.792675,-73.086834,Bici_2023.csv
-8138447.07899602,-4399690.53344632,2329,2023,1575355,2023/11/24 00:00:00+00,Noviembre,24,Viernes,1899/12/30 00:00:00+00,13:55:00,13,REGION BIO BIO,TALCAHUANO,COLISION LATERAL,COLISION,URBANA,TRAMO DE VIA RECTA,DESOBEDIENCIA A SEÃALIZACION,SEÃALIZACION DESOBEDECER OTRA,BLANCO ENCALADA,BAQUEDANO,BAQUEDANO - BLANCO ENCALADA,0, , ,BIDIRECCIONAL CON BANDEJON,CONCRETO,BUENO,SECO,DESPEJADO,0,0,0,1,8,81,8110,BiobÃ­o,ConcepciÃ³n,Talcahuano,Interseccion,"BAQUEDANO & BLANCO ENCALADA, Talcahuano",-36.716692,-73.108914,Bici_2023.csv
-8129367.63862115,-4427925.75346283,2334,2023,1577337,2023/11/24 00:00:00+00,Noviembre,24,Viernes,1899/12/30 00:00:00+00,21:00:00,21,REGION BIO BIO,CHIGUAYANTE,COLISION PERPENDICULAR,COLISION,URBANA,CRUCE CON SEMAFORO FUNCIONANDO,IMPRUDENCIA DEL CONDUCTOR,CONDUCCION NO ATENTO CONDICIONES TRANSITO MOMENTO,MANUEL RODRIGUEZ,EMILIO ROJAS,EMILIO ROJAS - MANUEL RODRIGUEZ,0, , ,UNIDIRECCIONAL,ASFALTO,BUENO,SECO,DESPEJADO,0,0,0,1,8,81,8103,BiobÃ­o,ConcepciÃ³n,Chiguayante,Interseccion,"EMILIO ROJAS & MANUEL RODRIGUEZ, Chiguayante",-36.919742,-73.027352,Bici_2023.csv
-8130341.5728461,-4414313.43648201,2335,2023,1574568,2023/11/24 00:00:00+00,Noviembre,24,Viernes,1899/12/30 00:00:00+00,21:30:00,21,REGION BIO BIO,CONCEPCION,COLISION PERPENDICULAR,COLISION,URBANA,CRUCE CON SEMAFORO FUNCIONANDO,IMPRUDENCIA DEL CONDUCTOR,CONDUCCION NO ATENTO CONDICIONES TRANSITO MOMENTO,ROOSEVELT,VALENTIN LETELIER,ROOSEVELT - VALENTIN LETELIER,0, , ,BIDIRECCIONAL,CONCRETO,BUENO,SECO,DESPEJADO,0,0,0,1,8,81,8101,BiobÃ­o,ConcepciÃ³n,ConcepciÃ³n,Interseccion,"ROOSEVELT & VALENTIN LETELIER, ConcepciÃ³n",-36.821918,-73.036101,Bici_2023.csv
-8136888.04946067,-4408596.60023316,2341,2023,1573828,2023/11/26 00:00:00+00,Noviembre,26,Domingo,1899/12/30 00:00:00+00,15:30:00,15,REGION BIO BIO,HUALPEN,COLISION,COLISION,URBANA,TRAMO DE VIA RECTA,IMPRUDENCIA DEL CONDUCTOR,NO RESPETAR DERECHO PREFERENTE DE PASO A VEHICULO,LAS GOLONDRINAS,GENOVA,GENOVA - LAS GOLONDRINAS,0, , ,BIDIRECCIONAL,CONCRETO,BUENO,SECO,DESPEJADO,0,0,0,1,8,81,8112,BiobÃ­o,ConcepciÃ³n,HualpÃ©n,Interseccion,"GENOVA & LAS GOLONDRINAS, HualpÃ©n",-36.780797,-73.094909,Bici_2023.csv
-8141230.8454355,-4416512.09594403,2389,2023,1581455,2023/12/04 00:00:00+00,Diciembre,4,Lunes,1899/12/30 00:00:00+00,19:30:00,19,REGION BIO BIO,SAN PEDRO DE LA PAZ,COLISION LATERAL,COLISION,URBANA,CRUCE CON SEÃAL PARE,IMPRUDENCIA DEL CONDUCTOR,CONDUCCION NO ATENTO CONDICIONES TRANSITO MOMENTO,DANIEL BELMAR,SEGUNDA LONGITUDINAL,DANIEL BELMAR - SEGUNDA LONGITUDINAL,0, , ,BIDIRECCIONAL,CONCRETO,BUENO,SECO,DESPEJADO,0,0,0,0,8,81,8108,BiobÃ­o,ConcepciÃ³n,San Pedro de la Paz,Interseccion,"DANIEL BELMAR & SEGUNDA LONGITUDINAL, San Pedro de la Paz",-36.837727,-73.133921,Bici_2023.csv
-8140990.2839491,-4418567.91770098,2416,2023,1578454,2023/12/14 00:00:00+00,Diciembre,14,Jueves,1899/12/30 00:00:00+00,08:30:00,8,REGION BIO BIO,SAN PEDRO DE LA PAZ,COLISION,COLISION,URBANA,PUENTE,IMPRUDENCIA DEL CONDUCTOR,CONDUCCION CAMBIAR SORPRESIVAMENTE PISTA CIRCULACION,CICLOVIA CAMINO CORONEL,PUENTE LOS BATROS,CICLOVIA CAMINO CORONEL - PUENTE LOS BATROS,0, , ,BIDIRECCIONAL,CONCRETO,BUENO,SECO,DESPEJADO,0,0,0,1,8,81,8108,BiobÃ­o,ConcepciÃ³n,San Pedro de la Paz,Interseccion,"CICLOVIA CAMINO CORONEL & PUENTE LOS BATROS, San Pedro de la Paz",-36.852506,-73.13176,Bici_2023.csv
-8130306.61852599,-4414177.43464263,2467,2023,1580042,2023/12/21 00:00:00+00,Diciembre,21,Jueves,1899/12/30 00:00:00+00,11:24:00,11,REGION BIO BIO,CONCEPCION,COLISION LATERAL,COLISION,URBANA,CRUCE CON SEMAFORO FUNCIONANDO,IMPRUDENCIA DEL CONDUCTOR,CONDUCCION NO ATENTO CONDICIONES TRANSITO MOMENTO,ROOSEVELT,LUIS URRUTIA MANZANO,LUIS URRUTIA MANZANO - ROOSEVELT,0, , ,BIDIRECCIONAL,CONCRETO,BUENO,SECO,DESPEJADO,0,0,0,1,8,81,8101,BiobÃ­o,ConcepciÃ³n,ConcepciÃ³n,Interseccion,"LUIS URRUTIA MANZANO & ROOSEVELT, ConcepciÃ³n",-36.82094,-73.035787,Bici_2023.csv
-8136543.0703587,-4405348.68119515,2475,2023,1580896,2023/12/23 00:00:00+00,Diciembre,23,SÃ¡bado,1899/12/30 00:00:00+00,22:10:00,22,REGION BIO BIO,TALCAHUANO,COLISION LATERAL,COLISION,URBANA,CRUCE CON SEMAFORO FUNCIONANDO,DESOBEDIENCIA A SEÃALIZACION,SEÃALIZACION DESOBEDECER LUZ ROJA DE SEMAFORO,LAS AMAPOLAS,LAS HORTENSIAS,LAS AMAPOLAS - LAS HORTENSIAS,0, , ,BIDIRECCIONAL,CONCRETO,BUENO,SECO,DESPEJADO,0,0,0,1,8,81,8110,BiobÃ­o,ConcepciÃ³n,Talcahuano,Interseccion,"LAS AMAPOLAS & LAS HORTENSIAS, Talcahuano",-36.757425,-73.09181,Bici_2023.csv
-8139775.0472173,-4400382.71967195,14,2024,1654581,2024/11/12 00:00:00+00,Noviembre,12,Martes,1899/12/30 00:00:00+00,18:45:00,18,REGION BIO BIO,TALCAHUANO,COLISION LATERAL,COLISION,URBANA,TRAMO DE VIA RECTA,IMPRUDENCIA DEL CONDUCTOR,CONDUCCION CAMBIAR SORPRESIVAMENTE PISTA CIRCULACION,COLOMBIA, ,- COLOMBIA,118, , ,BIDIRECCIONAL,CONCRETO,BUENO,SECO,DESPEJADO,0,0,0,0,8,81,8110,BiobÃ­o,ConcepciÃ³n,Talcahuano,Numero,"COLOMBIA 118, Talcahuano",-36.721676,-73.120843,Bici_2024.csv
-8136864.6158507,-4403954.55572596,46,2024,1659948,2024/12/26 00:00:00+00,Diciembre,26,Jueves,1899/12/30 00:00:00+00,00:10:00,0,REGION BIO BIO,TALCAHUANO,COLISION LATERAL,COLISION,URBANA,CRUCE CON SEMAFORO FUNCIONANDO,DESOBEDIENCIA A SEÃALIZACION,SENALIZACION DESOBEDECER LUZ ROJA DE SEMAFORO,CRISTOBAL COLON, ,- CRISTOBAL COLON,3594, , ,BIDIRECCIONAL CON BANDEJON,CONCRETO,BUENO,SECO,DESPEJADO,0,0,0,1,8,81,8110,BiobÃ­o,ConcepciÃ³n,Talcahuano,Numero,"CRISTOBAL COLON 3594, Talcahuano",-36.747391,-73.094698,Bici_2024.csv
-8136178.09695148,-4405795.24353266,47,2024,1659952,2024/12/26 00:00:00+00,Diciembre,26,Jueves,1899/12/30 00:00:00+00,18:30:00,18,REGION BIO BIO,TALCAHUANO,COLISION LATERAL,COLISION,URBANA,CRUCE CON SEMAFORO FUNCIONANDO,DESOBEDIENCIA A SEÃALIZACION,SENALIZACION DESOBEDECER LUZ ROJA DE SEMAFORO,CRISTOBAL COLON, ,- CRISTOBAL COLON,5335, , ,BIDIRECCIONAL CON BANDEJON,CONCRETO,BUENO,SECO,DESPEJADO,0,0,0,1,8,81,8110,BiobÃ­o,ConcepciÃ³n,Talcahuano,Numero,"CRISTOBAL COLON 5335, Talcahuano",-36.760639,-73.088531,Bici_2024.csv
-8136292.54732522,-4405489.94514999,54,2024,1660747,2024/12/28 00:00:00+00,Diciembre,28,SÃ¡bado,1899/12/30 00:00:00+00,23:00:00,23,REGION BIO BIO,TALCAHUANO,COLISION LATERAL,COLISION,URBANA,TRAMO DE VIA RECTA,IMPRUDENCIA DEL CONDUCTOR,CONDUCCION SIN MANTENER DISTANCIA RAZONABLE NI PRUDENTE,GOMEZ CARRENO, ,- GOMEZ CARRENO,5125, , ,BIDIRECCIONAL,CONCRETO,BUENO,SECO,DESPEJADO,0,0,1,0,8,81,8110,BiobÃ­o,ConcepciÃ³n,Talcahuano,Numero,"GOMEZ CARRENO 5125, Talcahuano",-36.758442,-73.08956,Bici_2024.csv
-8141425.42249891,-4420661.37111697,126,2024,1598869,2024/03/16 00:00:00+00,Marzo,16,SÃ¡bado,1899/12/30 00:00:00+00,20:40:00,20,REGION BIO BIO,SAN PEDRO DE LA PAZ,COLISION PERPENDICULAR,COLISION,RURAL,CRUCE CON SEMAFORO FUNCIONANDO,DESOBEDIENCIA A SEÃALIZACION,SENALIZACION DESOBEDECER LUZ ROJA DE SEMAFORO, , , ,0,RUTA 160,8,BIDIRECCIONAL CON BANDEJON,CONCRETO,BUENO,SECO,DESPEJADO,1,0,0,0,8,81,8108,BiobÃ­o,ConcepciÃ³n,San Pedro de la Paz,Ruta,RUTA 160 km 8,-36.867553,-73.135669,Bici_2024.csv
-8141188.19136885,-4419431.35226451,133,2024,1600564,2024/03/30 00:00:00+00,Marzo,30,SÃ¡bado,1899/12/30 00:00:00+00,16:05:00,16,REGION BIO BIO,SAN PEDRO DE LA PAZ,COLISION PERPENDICULAR,COLISION,RURAL,CRUCE CON SEMAFORO FUNCIONANDO,IMPRUDENCIA DEL CONDUCTOR,NO RESPETAR DERECHO PREFERENTE DE PASO A VEHICULO, , , ,0,RUTA 160,7,BIDIRECCIONAL CON BANDEJON,CONCRETO,BUENO,SECO,DESPEJADO,0,1,0,0,8,81,8108,BiobÃ­o,ConcepciÃ³n,San Pedro de la Paz,Ruta,RUTA 160 km 7,-36.858712,-73.133538,Bici_2024.csv
-8136929.06246652,-4403768.13534087,159,2024,1615338,2024/05/23 00:00:00+00,Mayo,23,Jueves,1899/12/30 00:00:00+00,10:00:00,10,REGION BIO BIO,TALCAHUANO,COLISION LATERAL,COLISION,RURAL,TRAMO DE VIA RECTA,IMPRUDENCIA DEL CONDUCTOR,CONDUCCION CAMBIAR SORPRESIVAMENTE PISTA CIRCULACION, , , ,0,RUTA 154,"9,6",BIDIRECCIONAL CON BANDEJON,CONCRETO,BUENO,SECO,DESPEJADO,0,0,0,0,8,81,8110,BiobÃ­o,ConcepciÃ³n,Talcahuano,Ruta,"RUTA 154 km 9,6",-36.746049,-73.095277,Bici_2024.csv
-8141188.19136885,-4419431.35226451,186,2024,1624495,2024/07/15 00:00:00+00,Julio,15,Lunes,1899/12/30 00:00:00+00,17:15:00,17,REGION BIO BIO,SAN PEDRO DE LA PAZ,COLISION PERPENDICULAR,COLISION,RURAL,CRUCE CON SEMAFORO FUNCIONANDO,IMPRUDENCIA DEL CONDUCTOR,NO RESPETAR DERECHO PREFERENTE DE PASO A VEHICULO, , , ,0,RUTA 160,7,BIDIRECCIONAL CON BANDEJON,CONCRETO,BUENO,SECO,DESPEJADO,0,0,0,0,8,81,8108,BiobÃ­o,ConcepciÃ³n,San Pedro de la Paz,Ruta,RUTA 160 km 7,-36.858712,-73.133538,Bici_2024.csv
-8129831.50693928,-4427575.43073518,350,2024,1586133,2024/01/11 00:00:00+00,Enero,11,Jueves,1899/12/30 00:00:00+00,08:50:00,8,REGION BIO BIO,CHIGUAYANTE,COLISION PERPENDICULAR,COLISION,URBANA,CRUCE CON SEMAFORO FUNCIONANDO,IMPRUDENCIA DEL CONDUCTOR,CONDUCCION NO ATENTO CONDICIONES TRANSITO MOMENTO,OROZIMBO BARBOSA,MANUEL RODRIGUEZ,MANUEL RODRIGUEZ - OROZIMBO BARBOSA,0, , ,BIDIRECCIONAL,CONCRETO,BUENO,SECO,DESPEJADO,0,0,0,2,8,81,8103,BiobÃ­o,ConcepciÃ³n,Chiguayante,Interseccion,"MANUEL RODRIGUEZ & OROZIMBO BARBOSA, Chiguayante",-36.917226,-73.031519,Bici_2024.csv
-8135806.35796863,-4413642.34407194,358,2024,1586355,2024/01/18 00:00:00+00,Enero,18,Jueves,1899/12/30 00:00:00+00,07:50:00,7,REGION BIO BIO,HUALPEN,COLISION,COLISION,URBANA,ENLACE A NIVEL,IMPRUDENCIA DEL CONDUCTOR,CONDUCCION CONTRA SENTIDO DEL TRANSITO,COSTANERA,PUENTE JUAN PABLO II,COSTANERA - PUENTE JUAN PABLO II,0, , ,BIDIRECCIONAL CON BANDEJON,CONCRETO,BUENO,SECO,DESPEJADO,0,0,0,1,8,81,8112,BiobÃ­o,ConcepciÃ³n,HualpÃ©n,Interseccion,"COSTANERA & PUENTE JUAN PABLO II, HualpÃ©n",-36.817092,-73.085192,Bici_2024.csv
-8130263.31524407,-4413555.4361108,394,2024,1587641,2024/01/23 00:00:00+00,Enero,23,Martes,1899/12/30 00:00:00+00,18:10:00,18,REGION BIO BIO,CONCEPCION,COLISION,COLISION,URBANA,TRAMO DE VIA RECTA,DESOBEDIENCIA A SEÃALIZACION,SENALIZACION DESOBEDECER LUZ ROJA DE SEMAFORO,LOS CARRERA,VILUMILLA,LOS CARRERA - VILUMILLA,0, , ,UNIDIRECCIONAL,CONCRETO,BUENO,SECO,DESPEJADO,0,0,1,0,8,81,8101,BiobÃ­o,ConcepciÃ³n,ConcepciÃ³n,Interseccion,"LOS CARRERA & VILUMILLA, ConcepciÃ³n",-36.816467,-73.035398,Bici_2024.csv
-8141572.62966808,-4418882.62051805,442,2024,1606026,2024/04/13 00:00:00+00,Abril,13,SÃ¡bado,1899/12/30 00:00:00+00,17:20:00,17,REGION BIO BIO,SAN PEDRO DE LA PAZ,COLISION PERPENDICULAR,COLISION,URBANA,CRUCE CON SENAL PARE,ALCOHOL EN CONDUCTOR,CONDUCCION BAJO LA INFLUENCIA DEL ALCOHOL,5 DE OCTUBRE,CALLE UNO,5 DE OCTUBRE - CALLE UNO,0, , ,BIDIRECCIONAL,CONCRETO,BUENO,SECO,DESPEJADO,0,1,0,0,8,81,8108,BiobÃ­o,ConcepciÃ³n,San Pedro de la Paz,Interseccion,"5 DE OCTUBRE & CALLE UNO, San Pedro de la Paz",-36.854768,-73.136991,Bici_2024.csv
-8140112.41853376,-4415231.14662264,443,2024,1606056,2024/04/19 00:00:00+00,Abril,19,Viernes,1899/12/30 00:00:00+00,06:50:00,6,REGION BIO BIO,SAN PEDRO DE LA PAZ,COLISION PERPENDICULAR,COLISION,URBANA,CRUCE CON SENAL CEDA EL PASO,IMPRUDENCIA DEL CONDUCTOR,NO RESPETAR DERECHO PREFERENTE DE PASO A VEHICULO,4 NORTE,LAS TORRES,4 NORTE - LAS TORRES,0, , ,BIDIRECCIONAL,CONCRETO,BUENO,SECO,DESPEJADO,0,0,0,1,8,81,8108,BiobÃ­o,ConcepciÃ³n,San Pedro de la Paz,Interseccion,"4 NORTE & LAS TORRES, San Pedro de la Paz",-36.828517,-73.123874,Bici_2024.csv
-8131796.70784503,-4415067.16579248,460,2024,1606849,2024/04/25 00:00:00+00,Abril,25,Jueves,1899/12/30 00:00:00+00,19:00:00,19,REGION BIO BIO,CONCEPCION,CHOQUE,CHOQUE,URBANA,CRUCE CON SEMAFORO FUNCIONANDO,IMPRUDENCIA DEL CONDUCTOR,CONDUCCION NO ATENTO CONDICIONES TRANSITO MOMENTO,O'HIGGINS,ANIBAL PINTO,ANIBAL PINTO - O'HIGGINS,0, , ,UNIDIRECCIONAL,CONCRETO,BUENO,SECO,DESPEJADO,0,0,0,1,8,81,8101,BiobÃ­o,ConcepciÃ³n,ConcepciÃ³n,Interseccion,"ANIBAL PINTO & O'HIGGINS, ConcepciÃ³n",-36.827338,-73.049173,Bici_2024.csv
-8142550.09272089,-4416630.88016107,486,2024,1608174,2024/04/23 00:00:00+00,Abril,23,Martes,1899/12/30 00:00:00+00,20:15:00,20,REGION BIO BIO,SAN PEDRO DE LA PAZ,COLISION LATERAL,COLISION,URBANA,CRUCE SIN SENALIZACION,IMPRUDENCIA DEL CONDUCTOR,ADELANTAMIENTO SIN EL ESPACIO O TIEMPO SUFICIENTE,IRENE MORALES,PASAJE DIECISIETE,IRENE MORALES - PASAJE DIECISIETE,0, , ,BIDIRECCIONAL,CONCRETO,BUENO,SECO,DESPEJADO,0,0,0,1,8,81,8108,BiobÃ­o,ConcepciÃ³n,San Pedro de la Paz,Interseccion,"IRENE MORALES & PASAJE DIECISIETE, San Pedro de la Paz",-36.838581,-73.145772,Bici_2024.csv
-8132804.96185786,-4413804.48146119,494,2024,1608557,2024/04/11 00:00:00+00,Abril,11,Jueves,1899/12/30 00:00:00+00,13:15:00,13,REGION BIO BIO,CONCEPCION,COLISION LATERAL,COLISION,URBANA,CRUCE CON SEMAFORO FUNCIONANDO,IMPRUDENCIA DEL CONDUCTOR,CONDUCCION NO ATENTO CONDICIONES TRANSITO MOMENTO,MANUEL RODRIGUEZ,RENGO,MANUEL RODRIGUEZ - RENGO,0, , ,BIDIRECCIONAL CON BANDEJON,CONCRETO,BUENO,SECO,DESPEJADO,0,0,0,0,8,81,8101,BiobÃ­o,ConcepciÃ³n,ConcepciÃ³n,Interseccion,"MANUEL RODRIGUEZ & RENGO, ConcepciÃ³n",-36.818258,-73.05823,Bici_2024.csv
-8130320.64478183,-4414135.71663532,501,2024,1609093,2024/05/05 00:00:00+00,Mayo,5,Domingo,1899/12/30 00:00:00+00,22:30:00,22,REGION BIO BIO,CONCEPCION,COLISION PERPENDICULAR,COLISION,URBANA,CRUCE CON SEMAFORO FUNCIONANDO,DESOBEDIENCIA A SEÃALIZACION,SENALIZACION DESOBEDECER LUZ ROJA DE SEMAFORO,LIENTUR,BARROS ARANA,BARROS ARANA - LIENTUR,0, , ,UNIDIRECCIONAL,CONCRETO,BUENO,SECO,DESPEJADO,0,0,0,1,8,81,8101,BiobÃ­o,ConcepciÃ³n,ConcepciÃ³n,Interseccion,"BARROS ARANA & LIENTUR, ConcepciÃ³n",-36.82064,-73.035913,Bici_2024.csv
-8131182.59159904,-4414007.22620032,502,2024,1609099,2024/05/05 00:00:00+00,Mayo,5,Domingo,1899/12/30 00:00:00+00,20:45:00,20,REGION BIO BIO,CONCEPCION,COLISION PERPENDICULAR,COLISION,URBANA,CRUCE CON SEMAFORO FUNCIONANDO,IMPRUDENCIA DEL CONDUCTOR,CONDUCCION NO ATENTO CONDICIONES TRANSITO MOMENTO,LOS CARRERA,PAICAVI,LOS CARRERA - PAICAVI,0, , ,BIDIRECCIONAL CON BANDEJON,CONCRETO,BUENO,SECO,DESPEJADO,0,0,0,1,8,81,8101,BiobÃ­o,ConcepciÃ³n,ConcepciÃ³n,Interseccion,"LOS CARRERA & PAICAVI, ConcepciÃ³n",-36.819716,-73.043656,Bici_2024.csv
-8130623.99039424,-4413560.72009458,519,2024,1609834,2024/05/08 00:00:00+00,Mayo,8,MiÃ©rcoles,1899/12/30 00:00:00+00,17:50:00,17,REGION BIO BIO,CONCEPCION,COLISION LATERAL,COLISION,URBANA,TRAMO DE VIA RECTA,IMPRUDENCIA DEL CONDUCTOR,CONDUCCION CAMBIAR SORPRESIVAMENTE PISTA CIRCULACION,LIENTUR,LAS HERAS,LAS HERAS - LIENTUR,0, , ,UNIDIRECCIONAL,CONCRETO,BUENO,SECO,NUBLADO,0,0,0,0,8,81,8101,BiobÃ­o,ConcepciÃ³n,ConcepciÃ³n,Interseccion,"LAS HERAS & LIENTUR, ConcepciÃ³n",-36.816505,-73.038638,Bici_2024.csv
-8131963.27518797,-4413363.96299482,525,2024,1610042,2024/05/09 00:00:00+00,Mayo,9,Jueves,1899/12/30 00:00:00+00,19:54:00,19,REGION BIO BIO,CONCEPCION,COLISION PERPENDICULAR,COLISION,URBANA,CRUCE CON SENAL CEDA EL PASO,DESOBEDIENCIA A SEÃALIZACION,SENALIZACION DESOBEDECER SENAL CEDA EL PASO,MANUEL RODRIGUEZ,OROMPELLO,MANUEL RODRIGUEZ - OROMPELLO,0, , ,UNIDIRECCIONAL,CONCRETO,BUENO,SECO,DESPEJADO,0,0,0,1,8,81,8101,BiobÃ­o,ConcepciÃ³n,ConcepciÃ³n,Interseccion,"MANUEL RODRIGUEZ & OROMPELLO, ConcepciÃ³n",-36.81509,-73.050669,Bici_2024.csv
-8129817.03540548,-4426067.75468174,548,2024,1611532,2024/05/08 00:00:00+00,Mayo,8,MiÃ©rcoles,1899/12/30 00:00:00+00,08:00:00,8,REGION BIO BIO,CHIGUAYANTE,COLISION PERPENDICULAR,COLISION,URBANA,CRUCE CON SENAL PARE,IMPRUDENCIA DEL CONDUCTOR,CONDUCCION NO ATENTO CONDICIONES TRANSITO MOMENTO,8 ORIENTE,CALLE UNO,8 ORIENTE - CALLE UNO,0, , ,BIDIRECCIONAL,CONCRETO,BUENO,SECO,NUBLADO,0,0,0,1,8,81,8103,BiobÃ­o,ConcepciÃ³n,Chiguayante,Interseccion,"8 ORIENTE & CALLE UNO, Chiguayante",-36.906397,-73.031389,Bici_2024.csv
-8138346.78006802,-4409118.78879622,559,2024,1612045,2024/05/21 00:00:00+00,Mayo,21,Martes,1899/12/30 00:00:00+00,18:40:00,18,REGION BIO BIO,HUALPEN,COLISION,COLISION,URBANA,CRUCE CON SENAL CEDA EL PASO,DESOBEDIENCIA A SEÃALIZACION,SENALIZACION DESOBEDECER SENAL CEDA EL PASO,SUIZA,FINLANDIA,FINLANDIA - SUIZA,0, , ,BIDIRECCIONAL,CONCRETO,BUENO,SECO,DESPEJADO,0,0,0,0,8,81,8112,BiobÃ­o,ConcepciÃ³n,HualpÃ©n,Interseccion,"FINLANDIA & SUIZA, HualpÃ©n",-36.784554,-73.108013,Bici_2024.csv
-8139315.03699894,-4416542.13960196,561,2024,1612114,2024/05/16 00:00:00+00,Mayo,16,Jueves,1899/12/30 00:00:00+00,19:30:00,19,REGION BIO BIO,SAN PEDRO DE LA PAZ,COLISION PERPENDICULAR,COLISION,URBANA,CRUCE CON SENAL CEDA EL PASO,DESOBEDIENCIA A SEÃALIZACION,SENALIZACION DESOBEDECER SENAL CEDA EL PASO,CICLOVIA PEDRO AGUIRRE CERDA,LOS NARANJOS,CICLOVIA PEDRO AGUIRRE CERDA - LOS NARANJOS,0, , ,UNIDIRECCIONAL,CONCRETO,BUENO,SECO,DESPEJADO,0,0,0,0,8,81,8108,BiobÃ­o,ConcepciÃ³n,San Pedro de la Paz,Interseccion,"CICLOVIA PEDRO AGUIRRE CERDA & LOS NARANJOS, San Pedro de la Paz",-36.837943,-73.116711,Bici_2024.csv
-8129837.74083077,-4426251.79970362,587,2024,1613526,2024/05/15 00:00:00+00,Mayo,15,MiÃ©rcoles,1899/12/30 00:00:00+00,10:10:00,10,REGION BIO BIO,CHIGUAYANTE,COLISION PERPENDICULAR,COLISION,URBANA,CICLOVIA,IMPRUDENCIA DEL CONDUCTOR,CONDUCCION NO ATENTO CONDICIONES TRANSITO MOMENTO,8 ORIENTE,CALLE TRES,8 ORIENTE - CALLE TRES,0, , ,BIDIRECCIONAL,CONCRETO,BUENO,SECO,NUBLADO,0,0,0,1,8,81,8103,BiobÃ­o,ConcepciÃ³n,Chiguayante,Interseccion,"8 ORIENTE & CALLE TRES, Chiguayante",-36.907719,-73.031575,Bici_2024.csv
-8130623.99039424,-4413560.72009458,601,2024,1614256,2024/05/08 00:00:00+00,Mayo,8,MiÃ©rcoles,1899/12/30 00:00:00+00,17:50:00,17,REGION BIO BIO,CONCEPCION,COLISION LATERAL,COLISION,URBANA,CRUCE CON SEMAFORO FUNCIONANDO,IMPRUDENCIA DEL CONDUCTOR,CONDUCCION NO ATENTO CONDICIONES TRANSITO MOMENTO,LIENTUR,LAS HERAS,LAS HERAS - LIENTUR,0, , ,UNIDIRECCIONAL,CONCRETO,BUENO,SECO,DESPEJADO,0,0,0,0,8,81,8101,BiobÃ­o,ConcepciÃ³n,ConcepciÃ³n,Interseccion,"LAS HERAS & LIENTUR, ConcepciÃ³n",-36.816505,-73.038638,Bici_2024.csv
-8133565.051341,-4415724.17566939,618,2024,1615610,2024/06/03 00:00:00+00,Junio,3,Lunes,1899/12/30 00:00:00+00,02:00:00,2,REGION BIO BIO,CONCEPCION,COLISION PERPENDICULAR,COLISION,URBANA,TRAMO DE VIA RECTA,IMPRUDENCIA DEL CONDUCTOR,CONDUCCION NO ATENTO CONDICIONES TRANSITO MOMENTO,COSTANERA,CENTRAL NORTE,CENTRAL NORTE - COSTANERA,0, , ,UNIDIRECCIONAL,CONCRETO,BUENO,HUMEDO,DESPEJADO,0,1,0,0,8,81,8101,BiobÃ­o,ConcepciÃ³n,ConcepciÃ³n,Interseccion,"CENTRAL NORTE & COSTANERA, ConcepciÃ³n",-36.832062,-73.065058,Bici_2024.csv
-8128876.94230573,-4429918.60792191,619,2024,1615629,2024/05/17 00:00:00+00,Mayo,17,Viernes,1899/12/30 00:00:00+00,12:27:00,12,REGION BIO BIO,CHIGUAYANTE,COLISION LATERAL,COLISION,URBANA,CRUCE CON SENAL CEDA EL PASO,IMPRUDENCIA DEL CONDUCTOR,CONDUCCION NO ATENTO CONDICIONES TRANSITO MOMENTO,AVENIDA CIENTO UNO,LIBERTAD,AVENIDA CIENTO UNO - LIBERTAD,0, , ,BIDIRECCIONAL,ASFALTO,BUENO,SECO,DESPEJADO,0,0,0,1,8,81,8103,BiobÃ­o,ConcepciÃ³n,Chiguayante,Interseccion,"AVENIDA CIENTO UNO & LIBERTAD, Chiguayante",-36.934053,-73.022944,Bici_2024.csv