ï»¿X,Y,FID,AÃ±o,IdAccident,Fecha,Mes,Dia_mes,Dia_semana,Hora,Hora_texto,Hora_aprox,RegiÃ³n,Comuna,Tipo_Accid,Tipo__CONA,Zona,UbicaciÃ³n,Causa__CON,Causa_Acci,Calle_Uno,Calle_Dos,Intersecci,NÃºmero,Ruta,Ubicaci_1,Calzada,Tipo_Calza,Estado_Cal,CondiciÃ³n,Estado_Atm,Fallecidos,Graves,Menos_Grav,Leves,CUT_REG,CUT_PROV,CUT_COM,REGION,PROVINCIA,COMUNA1,Tipo_direc,Direccion,Lat,Lon,Archivo_Origen
-8129121.62254649,-4429213.80404289,621,2024,1615743,2024/05/27 00:00:00+00,Mayo,27,Lunes,1899/12/30 00:00:00+00,13:00:00,13,REGION BIO BIO,CHIGUAYANTE,COLISION PERPENDICULAR,COLISION,URBANA,CRUCE CON SENAL CEDA EL PASO,DESOBEDIENCIA A SEÃALIZACION,SENALIZACION DESOBEDECER SENAL CEDA EL PASO,CORBETA CHACABUCO,BLINDADO BLANCO,BLINDADO BLANCO - CORBETA CHACABUCO,0, , ,BIDIRECCIONAL,CONCRETO,BUENO,SECO,DESPEJADO,0,0,1,0,8,81,8103,BiobÃ­o,ConcepciÃ³n,Chiguayante,Interseccion,"BLINDADO BLANCO & CORBETA CHACABUCO, Chiguayante",-36.928992,-73.025142,Bici_2024.csv
-8130972.53171992,-4413903.35032679,671,2024,1619676,2024/06/21 00:00:00+00,Junio,21,Viernes,1899/12/30 00:00:00+00,09:30:00,9,REGION BIO BIO,CONCEPCION,COLISION LATERAL,COLISION,URBANA,TRAMO DE VIA RECTA,IMPRUDENCIA DEL CONDUCTOR,CONDUCCION CAMBIAR SORPRESIVAMENTE PISTA CIRCULACION,LOS CARRERA,LAUTARO,LAUTARO - LOS CARRERA,0, , ,BIDIRECCIONAL CON BANDEJON,ASFALTO,REGULAR,HUMEDO,NUBLADO,0,0,1,0,8,81,8101,BiobÃ­o,ConcepciÃ³n,ConcepciÃ³n,Interseccion,"LAUTARO & LOS CARRERA, ConcepciÃ³n",-36.818969,-73.041769,Bici_2024.csv
-8138346.78006802,-4409118.78879622,687,2024,1620795,2024/06/26 00:00:00+00,Junio,26,MiÃ©rcoles,1899/12/30 00:00:00+00,19:30:00,19,REGION BIO BIO,HUALPEN,COLISION,COLISION,URBANA,CRUCE CON SENAL CEDA EL PASO,IMPRUDENCIA DEL CONDUCTOR,NO RESPETAR DERECHO PREFERENTE DE PASO A VEHICULO,FINLANDIA,SUIZA,FINLANDIA - SUIZA,0, , ,BIDIRECCIONAL,CONCRETO,BUENO,MOJADO,LLOVIZNA,0,0,0,0,8,81,8112,BiobÃ­o,ConcepciÃ³n,HualpÃ©n,Interseccion,"FINLANDIA & SUIZA, HualpÃ©n",-36.784554,-73.108013,Bici_2024.csv
-8141953.64288922,-4424284.6878083,719,2024,1623495,2024/07/02 00:00:00+00,Julio,2,Martes,1899/12/30 00:00:00+00,10:00:00,10,REGION BIO BIO,SAN PEDRO DE LA PAZ,COLISION PERPENDICULAR,COLISION,URBANA,CRUCE CON SENAL PARE,IMPRUDENCIA DEL CONDUCTOR,CONDUCCION NO ATENTO CONDICIONES TRANSITO MOMENTO,MANUEL BLANCO ENCALADA,BENJAMIN SUBERCASEAUX,BENJAMIN SUBERCASEAUX - MANUEL BLANCO ENCALADA,0, , ,BIDIRECCIONAL,CONCRETO,BUENO,SECO,DESPEJADO,0,0,0,0,8,81,8108,BiobÃ­o,ConcepciÃ³n,San Pedro de la Paz,Interseccion,"BENJAMIN SUBERCASEAUX & MANUEL BLANCO ENCALADA, San Pedro de la Paz",-36.893588,-73.140414,Bici_2024.csv
-8137594.95255052,-4416638.29711105,724,2024,1623886,2024/07/09 00:00:00+00,Julio,9,Martes,1899/12/30 00:00:00+00,17:00:00,17,REGION BIO BIO,SAN PEDRO DE LA PAZ,COLISION PERPENDICULAR,COLISION,URBANA,CRUCE CON SEMAFORO FUNCIONANDO,DESOBEDIENCIA A SEÃALIZACION,SENALIZACION DESOBEDECER LUZ ROJA DE SEMAFORO,PEDRO AGUIRRE CERDA,LOS CANELOS,LOS CANELOS - PEDRO AGUIRRE CERDA,0, , ,BIDIRECCIONAL CON BANDEJON,CONCRETO,BUENO,SECO,DESPEJADO,0,0,0,2,8,81,8108,BiobÃ­o,ConcepciÃ³n,San Pedro de la Paz,Interseccion,"LOS CANELOS & PEDRO AGUIRRE CERDA, San Pedro de la Paz",-36.838634,-73.101259,Bici_2024.csv
-8131384.41383585,-4414851.8984552,756,2024,1625939,2024/07/17 00:00:00+00,Julio,17,MiÃ©rcoles,1899/12/30 00:00:00+00,15:20:00,15,REGION BIO BIO,CONCEPCION,COLISION PERPENDICULAR,COLISION,URBANA,CRUCE CON SEMAFORO FUNCIONANDO,DESOBEDIENCIA A SEÃALIZACION,SENALIZACION DESOBEDECER LUZ ROJA DE SEMAFORO,O'HIGGINS,TUCAPEL,O'HIGGINS - TUCAPEL,0, , ,UNIDIRECCIONAL,CONCRETO,BUENO,SECO,DESPEJADO,0,0,0,0,8,81,8101,BiobÃ­o,ConcepciÃ³n,ConcepciÃ³n,Interseccion,"O'HIGGINS & TUCAPEL, ConcepciÃ³n",-36.82579,-73.045469,Bici_2024.csv
-8130545.06487527,-4413698.3827016,758,2024,1625952,2024/07/16 00:00:00+00,Julio,16,Martes,1899/12/30 00:00:00+00,00:15:00,0,REGION BIO BIO,CONCEPCION,COLISION POR ALCANCE,COLISION,URBANA,CRUCE CON SEMAFORO FUNCIONANDO,IMPRUDENCIA DEL CONDUCTOR,CONDUCCION SIN MANTENER DISTANCIA RAZONABLE NI PRUDENTE,LIENTUR,LOS CARRERA,LIENTUR - LOS CARRERA,0, , ,BIDIRECCIONAL,CONCRETO,BUENO,SECO,DESPEJADO,0,0,0,1,8,81,8101,BiobÃ­o,ConcepciÃ³n,ConcepciÃ³n,Interseccion,"LIENTUR & LOS CARRERA, ConcepciÃ³n",-36.817495,-73.037929,Bici_2024.csv
-8138461.43914354,-4409909.00036876,759,2024,1625964,2024/07/22 00:00:00+00,Julio,22,Lunes,1899/12/30 00:00:00+00,07:50:00,7,REGION BIO BIO,HUALPEN,COLISION,COLISION,URBANA,CRUCE SIN SENALIZACION,IMPRUDENCIA DEL CONDUCTOR,CONDUCCION NO ATENTO CONDICIONES TRANSITO MOMENTO,GRAN BRETANA,IRLANDA,GRAN BRETANA - IRLANDA,0, , ,BIDIRECCIONAL,CONCRETO,BUENO,SECO,DESPEJADO,0,0,0,1,8,81,8112,BiobÃ­o,ConcepciÃ³n,HualpÃ©n,Interseccion,"GRAN BRETANA & IRLANDA, HualpÃ©n",-36.790239,-73.109043,Bici_2024.csv
-8129377.43473634,-4428728.5039366,768,2024,1626435,2024/06/29 00:00:00+00,Junio,29,SÃ¡bado,1899/12/30 00:00:00+00,13:00:00,13,REGION BIO BIO,CHIGUAYANTE,COLISION PERPENDICULAR,COLISION,URBANA,CRUCE SIN SENALIZACION,VELOCIDAD IMPRUDENTE,VELOCIDAD NO RAZONABLE NI PRUDENTE,CHIGUAY,PERU,CHIGUAY - PERU,0, , ,BIDIRECCIONAL,CONCRETO,BUENO,SECO,NUBLADO,0,0,0,1,8,81,8103,BiobÃ­o,ConcepciÃ³n,Chiguayante,Interseccion,"CHIGUAY & PERU, Chiguayante",-36.925507,-73.02744,Bici_2024.csv
-8128752.32301896,-4413256.58397329,772,2024,1626607,2024/07/24 00:00:00+00,Julio,24,MiÃ©rcoles,1899/12/30 00:00:00+00,16:00:00,16,REGION BIO BIO,CONCEPCION,COLISION,COLISION,URBANA,TRAMO DE VIA RECTA,IMPRUDENCIA DEL CONDUCTOR,CONDUCCION NO ATENTO CONDICIONES TRANSITO MOMENTO,GENERAL BONILLA,TEGUALDA,GENERAL BONILLA - TEGUALDA,0, , ,BIDIRECCIONAL CON BANDEJON,CONCRETO,BUENO,SECO,DESPEJADO,0,1,0,0,8,81,8101,BiobÃ­o,ConcepciÃ³n,ConcepciÃ³n,Interseccion,"GENERAL BONILLA & TEGUALDA, ConcepciÃ³n",-36.814318,-73.021825,Bici_2024.csv
-8133360.11215845,-4414094.13785075,774,2024,1626762,2024/07/05 00:00:00+00,Julio,5,Viernes,1899/12/30 00:00:00+00,07:40:00,7,REGION BIO BIO,CONCEPCION,COLISION LATERAL,COLISION,URBANA,CRUCE CON SEMAFORO FUNCIONANDO,IMPRUDENCIA DEL CONDUCTOR,CONDUCCION NO ATENTO CONDICIONES TRANSITO MOMENTO,MANUEL RODRIGUEZ,SERRANO,MANUEL RODRIGUEZ - SERRANO,0, , ,BIDIRECCIONAL CON BANDEJON,CONCRETO,BUENO,SECO,NUBLADO,0,0,0,1,8,81,8101,BiobÃ­o,ConcepciÃ³n,ConcepciÃ³n,Interseccion,"MANUEL RODRIGUEZ & SERRANO, ConcepciÃ³n",-36.820341,-73.063217,Bici_2024.csv
-8137429.31462513,-4416653.23324572,778,2024,1627135,2024/07/27 00:00:00+00,Julio,27,SÃ¡bado,1899/12/30 00:00:00+00,19:45:00,19,REGION BIO BIO,SAN PEDRO DE LA PAZ,COLISION PERPENDICULAR,COLISION,URBANA,ROTONDA,DESOBEDIENCIA A SEÃALIZACION,SENALIZACION DESOBEDECER SENAL CEDA EL PASO,PEDRO AGUIRRE CERDA,PRESIDENTE JORGE ALESSANDRI,PEDRO AGUIRRE CERDA - PRESIDENTE JORGE ALESSANDRI,0, , ,BIDIRECCIONAL CON BANDEJON,CONCRETO,BUENO,SECO,DESPEJADO,0,1,0,0,8,81,8108,BiobÃ­o,ConcepciÃ³n,San Pedro de la Paz,Interseccion,"PEDRO AGUIRRE CERDA & PRESIDENTE JORGE ALESSANDRI, San Pedro de la Paz",-36.838742,-73.099771,Bici_2024.csv
-8129817.03540548,-4426067.75468174,805,2024,1628941,2024/07/28 00:00:00+00,Julio,28,Domingo,1899/12/30 00:00:00+00,17:15:00,17,REGION BIO BIO,CHIGUAYANTE,COLISION PERPENDICULAR,COLISION,URBANA,CRUCE CON SENAL PARE,IMPRUDENCIA DEL CONDUCTOR,CONDUCCION NO ATENTO CONDICIONES TRANSITO MOMENTO,8 ORIENTE,CALLE UNO,8 ORIENTE - CALLE UNO,0, , ,BIDIRECCIONAL,CONCRETO,BUENO,SECO,DESPEJADO,0,0,0,1,8,81,8103,BiobÃ­o,ConcepciÃ³n,Chiguayante,Interseccion,"8 ORIENTE & CALLE UNO, Chiguayante",-36.906397,-73.031389,Bici_2024.csv
-8135966.04064635,-4408149.16622434,823,2024,1585112,2024/01/11 00:00:00+00,Enero,11,Jueves,1899/12/30 00:00:00+00,20:00:00,20,REGION BIO BIO,TALCAHUANO,COLISION LATERAL,COLISION,URBANA,CRUCE CON SEMAFORO FUNCIONANDO,DESOBEDIENCIA A SEÃALIZACION,SENALIZACION DESOBEDECER LUZ ROJA DE SEMAFORO,CRISTOBAL COLON, ,- CRISTOBAL COLON,3300, , ,BIDIRECCIONAL CON BANDEJON,CONCRETO,BUENO,SECO,DESPEJADO,0,0,0,1,8,81,8110,BiobÃ­o,ConcepciÃ³n,Talcahuano,Numero,"CRISTOBAL COLON 3300, Talcahuano",-36.777578,-73.086626,Bici_2024.csv
-8135804.68817627,-4407149.70039146,829,2024,1588312,2024/01/29 00:00:00+00,Enero,29,Lunes,1899/12/30 00:00:00+00,16:30:00,16,REGION BIO BIO,TALCAHUANO,COLISION LATERAL,COLISION,URBANA,CRUCE CON SENAL PARE,DESOBEDIENCIA A SEÃALIZACION,SENALIZACION DESOBEDECER SENAL PARE,RIO HUASCO,ARETAGA ALEMPARTE,ARETAGA ALEMPARTE - RIO HUASCO,0, , ,BIDIRECCIONAL,CONCRETO,BUENO,SECO,DESPEJADO,0,0,0,1,8,81,8110,BiobÃ­o,ConcepciÃ³n,Talcahuano,Interseccion,"ARETAGA ALEMPARTE & RIO HUASCO, Talcahuano",-36.770386,-73.085177,Bici_2024.csv
-8135739.34363517,-4407294.08969547,832,2024,1588335,2024/01/26 00:00:00+00,Enero,26,Viernes,1899/12/30 00:00:00+00,13:20:00,13,REGION BIO BIO,TALCAHUANO,COLISION LATERAL,COLISION,URBANA,CRUCE SIN SENALIZACION,IMPRUDENCIA DEL CONDUCTOR,NO RESPETAR DERECHO PREFERENTE DE PASO A VEHICULO,RIO RENAICO,RIO PETORCA,RIO PETORCA - RIO RENAICO,0, , ,BIDIRECCIONAL,CONCRETO,BUENO,SECO,DESPEJADO,0,0,0,1,8,81,8110,BiobÃ­o,ConcepciÃ³n,Talcahuano,Interseccion,"RIO PETORCA & RIO RENAICO, Talcahuano",-36.771425,-73.08459,Bici_2024.csv
-8128654.97124109,-4430084.05770115,835,2024,1588354,2024/01/27 00:00:00+00,Enero,27,SÃ¡bado,1899/12/30 00:00:00+00,15:00:00,15,REGION BIO BIO,CHIGUAYANTE,COLISION PERPENDICULAR,COLISION,URBANA,CRUCE CON SEMAFORO FUNCIONANDO,IMPRUDENCIA DEL CONDUCTOR,CONDUCCION CAMBIAR SORPRESIVAMENTE PISTA CIRCULACION,PROGRESO,MANUEL RODRIGUEZ,MANUEL RODRIGUEZ - PROGRESO,0, , ,BIDIRECCIONAL CON BANDEJON,CONCRETO,BUENO,SECO,DESPEJADO,0,0,0,1,8,81,8103,BiobÃ­o,ConcepciÃ³n,Chiguayante,Interseccion,"MANUEL RODRIGUEZ & PROGRESO, Chiguayante",-36.935241,-73.02095,Bici_2024.csv
-8128426.67413469,-4430850.40321583,863,2024,1588284,2024/01/18 00:00:00+00,Enero,18,Jueves,1899/12/30 00:00:00+00,09:00:00,9,REGION BIO BIO,CHIGUAYANTE,COLISION PERPENDICULAR,COLISION,URBANA,CICLOVIA,IMPRUDENCIA DEL CONDUCTOR,CONDUCCION NO ATENTO CONDICIONES TRANSITO MOMENTO,MANUEL RODRIGUEZ, ,- MANUEL RODRIGUEZ,2150, , ,BIDIRECCIONAL,CONCRETO,BUENO,SECO,DESPEJADO,0,0,0,1,8,81,8103,BiobÃ­o,ConcepciÃ³n,Chiguayante,Numero,"MANUEL RODRIGUEZ 2150, Chiguayante",-36.940743,-73.018899,Bici_2024.csv
-8138123.78585481,-4402163.15767062,864,2024,1588325,2024/01/17 00:00:00+00,Enero,17,MiÃ©rcoles,1899/12/30 00:00:00+00,18:10:00,18,REGION BIO BIO,TALCAHUANO,COLISION LATERAL,COLISION,URBANA,CRUCE CON SEMAFORO FUNCIONANDO,DESOBEDIENCIA A SEÃALIZACION,SENALIZACION DESOBEDECER LUZ ROJA DE SEMAFORO,CRISTOBAL COLON, ,- CRISTOBAL COLON,2194, , ,BIDIRECCIONAL CON BANDEJON,CONCRETO,BUENO,SECO,DESPEJADO,0,0,0,1,8,81,8110,BiobÃ­o,ConcepciÃ³n,Talcahuano,Numero,"CRISTOBAL COLON 2194, Talcahuano",-36.734495,-73.10601,Bici_2024.csv
-8136073.38772337,-4416710.25899589,866,2024,1588445,2024/01/31 00:00:00+00,Enero,31,MiÃ©rcoles,1899/12/30 00:00:00+00,19:25:00,19,REGION BIO BIO,SAN PEDRO DE LA PAZ,CHOQUE LATERAL,CHOQUE,URBANA,CICLOVIA,IMPRUDENCIA DEL CONDUCTOR,VIRAJES INDEBIDOS,PEDRO AGUIRRE CERDA, ,- PEDRO AGUIRRE CERDA,768, , ,BIDIRECCIONAL CON BANDEJON,CONCRETO,BUENO,SECO,DESPEJADO,0,1,0,0,8,81,8108,BiobÃ­o,ConcepciÃ³n,San Pedro de la Paz,Numero,"PEDRO AGUIRRE CERDA 768, San Pedro de la Paz",-36.839152,-73.087591,Bici_2024.csv
-8139361.31399182,-4399431.59303809,871,2024,1588745,2024/01/26 00:00:00+00,Enero,26,Viernes,1899/12/30 00:00:00+00,09:30:00,9,REGION BIO BIO,TALCAHUANO,VOLCADURA,VOLCADURA,URBANA,TRAMO DE VIA RECTA,IMPRUDENCIA DEL CONDUCTOR,CONDUCCION NO ATENTO CONDICIONES TRANSITO MOMENTO,VALDIVIA, ,- VALDIVIA,462, , ,BIDIRECCIONAL,CONCRETO,BUENO,SECO,DESPEJADO,0,1,0,0,8,81,8110,BiobÃ­o,ConcepciÃ³n,Talcahuano,Numero,"VALDIVIA 462, Talcahuano",-36.714827,-73.117127,Bici_2024.csv
-8131492.6163809,-4413379.39751924,877,2024,1589614,2024/01/12 00:00:00+00,Enero,12,Viernes,1899/12/30 00:00:00+00,19:40:00,19,REGION BIO BIO,CONCEPCION,COLISION LATERAL,COLISION,URBANA,TRAMO DE VIA RECTA,IMPRUDENCIA DEL CONDUCTOR,CONDUCCION NO ATENTO CONDICIONES TRANSITO MOMENTO,PAICAVI, ,- PAICAVI,1248, , ,BIDIRECCIONAL CON BANDEJON,CONCRETO,BUENO,SECO,DESPEJADO,0,0,0,1,8,81,8101,BiobÃ­o,ConcepciÃ³n,ConcepciÃ³n,Numero,"PAICAVI 1248, ConcepciÃ³n",-36.815201,-73.046441,Bici_2024.csv
-8131879.11223168,-4414405.20966973,879,2024,1589963,2024/01/24 00:00:00+00,Enero,24,MiÃ©rcoles,1899/12/30 00:00:00+00,19:45:00,19,REGION BIO BIO,CONCEPCION,COLISION LATERAL,COLISION,URBANA,CRUCE CON SEMAFORO FUNCIONANDO,DESOBEDIENCIA A SEÃALIZACION,SENALIZACION DESOBEDECER LUZ ROJA DE SEMAFORO,LOS CARRERA, ,- LOS CARRERA,830, , ,BIDIRECCIONAL CON BANDEJON,CONCRETO,BUENO,SECO,DESPEJADO,0,0,0,0,8,81,8101,BiobÃ­o,ConcepciÃ³n,ConcepciÃ³n,Numero,"LOS CARRERA 830, ConcepciÃ³n",-36.822578,-73.049913,Bici_2024.csv
-8131540.26112296,-4414680.01042264,883,2024,1590591,2024/02/08 00:00:00+00,Febrero,8,Jueves,1899/12/30 00:00:00+00,11:30:00,11,REGION BIO BIO,CONCEPCION,ATROPELLO,ATROPELLO,URBANA,TRAMO DE VIA RECTA,IMPRUDENCIA DEL PEATON,PEATON CRUZA CALZADA FUERA PASO PEATONES,BARROS ARANA, ,- BARROS ARANA,971, , ,UNIDIRECCIONAL,CONCRETO,BUENO,SECO,DESPEJADO,0,0,0,2,8,81,8101,BiobÃ­o,ConcepciÃ³n,ConcepciÃ³n,Numero,"BARROS ARANA 971, ConcepciÃ³n",-36.824554,-73.046869,Bici_2024.csv
-8136145.65977657,-4417115.90629711,907,2024,1593463,2024/02/01 00:00:00+00,Febrero,1,Jueves,1899/12/30 00:00:00+00,08:55:00,8,REGION BIO BIO,SAN PEDRO DE LA PAZ,COLISION POR ALCANCE,COLISION,URBANA,CICLOCALLE (CICLOS + VEHICULOS,IMPRUDENCIA DEL CONDUCTOR,NO RESPETAR DERECHO PREFERENTE DE PASO A VEHICULO,PEDRO AGUIRRE CERDA, ,- PEDRO AGUIRRE CERDA,781, , ,BIDIRECCIONAL,ASFALTO,BUENO,SECO,DESPEJADO,0,0,0,1,8,81,8108,BiobÃ­o,ConcepciÃ³n,San Pedro de la Paz,Numero,"PEDRO AGUIRRE CERDA 781, San Pedro de la Paz",-36.842068,-73.08824,Bici_2024.csv
-8140525.27547448,-4398634.58652599,909,2024,1594079,2024/02/27 00:00:00+00,Febrero,27,Martes,1899/12/30 00:00:00+00,14:55:00,14,REGION BIO BIO,TALCAHUANO,COLISION LATERAL,COLISION,URBANA,TRAMO DE VIA RECTA,VELOCIDAD IMPRUDENTE,VELOCIDAD NO RAZONABLE NI PRUDENTE,NUEVA LOS LOBOS, ,- NUEVA LOS LOBOS,2555, , ,BIDIRECCIONAL,CONCRETO,BUENO,SECO,DESPEJADO,0,0,0,1,8,81,8110,BiobÃ­o,ConcepciÃ³n,Talcahuano,Numero,"NUEVA LOS LOBOS 2555, Talcahuano",-36.709088,-73.127583,Bici_2024.csv
-8129992.47492297,-4425088.97274698,912,2024,1594230,2024/02/22 00:00:00+00,Febrero,22,Jueves,1899/12/30 00:00:00+00,19:10:00,19,REGION BIO BIO,CHIGUAYANTE,COLISION PERPENDICULAR,COLISION,URBANA,CRUCE CON SENAL CEDA EL PASO,IMPRUDENCIA DEL CONDUCTOR,CONDUCCION NO ATENTO CONDICIONES TRANSITO MOMENTO,8 ORIENTE, ,- 8 ORIENTE,720, , ,BIDIRECCIONAL CON BANDEJON,CONCRETO,BUENO,SECO,DESPEJADO,0,1,0,0,8,81,8103,BiobÃ­o,ConcepciÃ³n,Chiguayante,Numero,"8 ORIENTE 720, Chiguayante",-36.899366,-73.032965,Bici_2024.csv
-8139110.34932052,-4415840.43179893,916,2024,1594733,2024/02/27 00:00:00+00,Febrero,27,Martes,1899/12/30 00:00:00+00,19:10:00,19,REGION BIO BIO,SAN PEDRO DE LA PAZ,COLISION LATERAL,COLISION,URBANA,TRAMO DE VIA RECTA,IMPRUDENCIA DEL CONDUCTOR,VIRAJES INDEBIDOS,LOS CLAVELES, ,- LOS CLAVELES,455, , ,UNIDIRECCIONAL,CONCRETO,BUENO,SECO,DESPEJADO,0,0,1,0,8,81,8108,BiobÃ­o,ConcepciÃ³n,San Pedro de la Paz,Numero,"LOS CLAVELES 455, San Pedro de la Paz",-36.832898,-73.114872,Bici_2024.csv
-8137151.29561064,-4403243.66396429,944,2024,1598069,2024/03/14 00:00:00+00,Marzo,14,Jueves,1899/12/30 00:00:00+00,16:40:00,16,REGION BIO BIO,TALCAHUANO,COLISION LATERAL,COLISION,URBANA,TRAMO DE VIA RECTA,IMPRUDENCIA DEL CONDUCTOR,NO RESPETAR DERECHO PREFERENTE DE PASO A VEHICULO,GOMEZ CARRENO, ,- GOMEZ CARRENO,3221, , ,BIDIRECCIONAL,CONCRETO,BUENO,SECO,DESPEJADO,0,0,0,0,8,81,8110,BiobÃ­o,ConcepciÃ³n,Talcahuano,Numero,"GOMEZ CARRENO 3221, Talcahuano",-36.742274,-73.097274,Bici_2024.csv
-8138411.37173314,-4402834.84429279,952,2024,1599319,2024/03/20 00:00:00+00,Marzo,20,MiÃ©rcoles,1899/12/30 00:00:00+00,10:35:00,10,REGION BIO BIO,TALCAHUANO,COLISION LATERAL,COLISION,URBANA,OTROS NO CONSIDERADOS,DESOBEDIENCIA A SEÃALIZACION,SENALIZACION DESOBEDECER OTRA,ALTO HORNO, ,- ALTO HORNO,898, , ,BIDIRECCIONAL CON BANDEJON,CONCRETO,BUENO,SECO,DESPEJADO,0,0,0,1,8,81,8110,BiobÃ­o,ConcepciÃ³n,Talcahuano,Numero,"ALTO HORNO 898, Talcahuano",-36.739331,-73.108593,Bici_2024.csv
-8136401.82114226,-4408716.50928089,965,2024,1601080,2024/03/26 00:00:00+00,Marzo,26,Martes,1899/12/30 00:00:00+00,19:15:00,19,REGION BIO BIO,TALCAHUANO,COLISION LATERAL,COLISION,URBANA,TRAMO DE VIA RECTA,IMPRUDENCIA DEL CONDUCTOR,CONDUCCION NO ATENTO CONDICIONES TRANSITO MOMENTO,LAS GOLONDRINAS, ,- LAS GOLONDRINAS,1072, , ,BIDIRECCIONAL CON BANDEJON,CONCRETO,BUENO,SECO,DESPEJADO,0,1,0,0,8,81,8110,BiobÃ­o,ConcepciÃ³n,Talcahuano,Numero,"LAS GOLONDRINAS 1072, Talcahuano",-36.78166,-73.090541,Bici_2024.csv
-8138157.7018535,-4404511.95332801,966,2024,1601083,2024/03/30 00:00:00+00,Marzo,30,SÃ¡bado,1899/12/30 00:00:00+00,16:15:00,16,REGION BIO BIO,TALCAHUANO,COLISION LATERAL,COLISION,URBANA,CRUCE CON SEMAFORO FUNCIONANDO,IMPRUDENCIA DEL CONDUCTOR,CONDUCCION SIN MANTENER DISTANCIA RAZONABLE NI PRUDENTE,DESIDERIO GARCIA, ,- DESIDERIO GARCIA,110, , ,BIDIRECCIONAL,CONCRETO,BUENO,SECO,DESPEJADO,0,0,0,0,8,81,8110,BiobÃ­o,ConcepciÃ³n,Talcahuano,Numero,"DESIDERIO GARCIA 110, Talcahuano",-36.751403,-73.106314,Bici_2024.csv
-8135915.59856793,-4407029.89615113,974,2024,1602096,2024/04/01 00:00:00+00,Abril,1,Lunes,1899/12/30 00:00:00+00,07:30:00,7,REGION BIO BIO,TALCAHUANO,COLISION LATERAL,COLISION,URBANA,TRAMO DE VIA RECTA,IMPRUDENCIA DEL CONDUCTOR,ADELANTAMIENTO SIN EL ESPACIO O TIEMPO SUFICIENTE,CRISTOBAL COLON, ,- CRISTOBAL COLON,5998, , ,BIDIRECCIONAL,CONCRETO,BUENO,SECO,DESPEJADO,0,0,0,1,8,81,8110,BiobÃ­o,ConcepciÃ³n,Talcahuano,Numero,"CRISTOBAL COLON 5998, Talcahuano",-36.769524,-73.086173,Bici_2024.csv
-8137671.26829534,-4411090.23433299,978,2024,1602731,2024/04/09 00:00:00+00,Abril,9,Martes,1899/12/30 00:00:00+00,11:50:00,11,REGION BIO BIO,HUALPEN,COLISION,COLISION,URBANA,TRAMO DE VIA RECTA,IMPRUDENCIA DEL CONDUCTOR,CONDUCCION SIN MANTENER DISTANCIA RAZONABLE NI PRUDENTE,ESLOVENIA, ,- ESLOVENIA,842, , ,BIDIRECCIONAL,CONCRETO,BUENO,SECO,DESPEJADO,0,0,0,0,8,81,8112,BiobÃ­o,ConcepciÃ³n,HualpÃ©n,Numero,"ESLOVENIA 842, HualpÃ©n",-36.798736,-73.101945,Bici_2024.csv
-8129725.36929286,-4412508.77201509,995,2024,1604963,2024/04/04 00:00:00+00,Abril,4,Jueves,1899/12/30 00:00:00+00,07:35:00,7,REGION BIO BIO,CONCEPCION,COLISION POR ALCANCE,COLISION,URBANA,TRAMO DE VIA RECTA,IMPRUDENCIA DEL CONDUCTOR,CONDUCCION NO ATENTO CONDICIONES TRANSITO MOMENTO,JOSE MIGUEL GARCIA, ,- JOSE MIGUEL GARCIA,200, , ,UNIDIRECCIONAL,CONCRETO,BUENO,SECO,DESPEJADO,0,0,0,0,8,81,8101,BiobÃ­o,ConcepciÃ³n,ConcepciÃ³n,Numero,"JOSE MIGUEL GARCIA 200, ConcepciÃ³n",-36.808939,-73.030566,Bici_2024.csv
-8127904.41590499,-4433051.15521291,1018,2024,1608382,2024/04/09 00:00:00+00,Abril,9,Martes,1899/12/30 00:00:00+00,12:00:00,12,REGION BIO BIO,CHIGUAYANTE,COLISION LATERAL,COLISION,URBANA,TRAMO DE VIA RECTA,IMPRUDENCIA DEL CONDUCTOR,CONDUCCION NO ATENTO CONDICIONES TRANSITO MOMENTO,21 DE MAYO, ,- 21 DE MAYO,3225, , ,BIDIRECCIONAL CON BANDEJON,CONCRETO,BUENO,SECO,DESPEJADO,0,0,0,0,8,81,8103,BiobÃ­o,ConcepciÃ³n,Chiguayante,Numero,"21 DE MAYO 3225, Chiguayante",-36.956543,-73.014208,Bici_2024.csv