ï»¿X,Y,FID,AÃ±o,IdAccident,Fecha,Mes,Dia_mes,Dia_semana,Hora,Hora_texto,Hora_aprox,RegiÃ³n,Comuna,Tipo_Accid,Tipo__CONA,Zona,UbicaciÃ³n,Causa__CON,Causa_Acci,Calle_Uno,Calle_Dos,Intersecci,NÃºmero,Ruta,Ubicaci_1,Calzada,Tipo_Calza,Estado_Cal,CondiciÃ³n,Estado_Atm,Fallecidos,Graves,Menos_Grav,Leves,CUT_REG,CUT_PROV,CUT_COM,REGION,PROVINCIA,COMUNA1,Tipo_direc,Direccion,Lat,Lon,Archivo_Origen
-8139344.26117053,-4400819.21787305,1030,2024,1611793,2024/05/03 00:00:00+00,Mayo,3,Viernes,1899/12/30 00:00:00+00,08:20:00,8,REGION BIO BIO,TALCAHUANO,ATROPELLO,ATROPELLO,URBANA,TRAMO DE VIA RECTA,IMPRUDENCIA DEL CONDUCTOR,NO RESPETAR DERECHO PREFERENTE DE PASO A PEATON,CRISTOBAL COLON, ,- CRISTOBAL COLON,3236, , ,BIDIRECCIONAL CON BANDEJON,CONCRETO,BUENO,SECO,DESPEJADO,0,1,0,1,8,81,8110,BiobÃ­o,ConcepciÃ³n,Talcahuano,Numero,"CRISTOBAL COLON 3236, Talcahuano",-36.724819,-73.116974,Bici_2024.csv
-8129992.47492297,-4425088.97274698,1044,2024,1615625,2024/05/16 00:00:00+00,Mayo,16,Jueves,1899/12/30 00:00:00+00,18:35:00,18,REGION BIO BIO,CHIGUAYANTE,COLISION PERPENDICULAR,COLISION,URBANA,CRUCE CON SENAL PARE,IMPRUDENCIA DEL CONDUCTOR,CONDUCCION NO ATENTO CONDICIONES TRANSITO MOMENTO,8 ORIENTE, ,- 8 ORIENTE,720, , ,UNIDIRECCIONAL,CONCRETO,BUENO,SECO,DESPEJADO,0,0,0,1,8,81,8103,BiobÃ­o,ConcepciÃ³n,Chiguayante,Numero,"8 ORIENTE 720, Chiguayante",-36.899366,-73.032965,Bici_2024.csv
-8137520.44267499,-4415983.23989244,1065,2024,1619689,2024/06/21 00:00:00+00,Junio,21,Viernes,1899/12/30 00:00:00+00,08:15:00,8,REGION BIO BIO,SAN PEDRO DE LA PAZ,COLISION LATERAL,COLISION,URBANA,TRAMO DE VIA RECTA,IMPRUDENCIA DEL CONDUCTOR,CONDUCCION SIN MANTENER DISTANCIA RAZONABLE NI PRUDENTE,LOS PENSAMIENTOS, ,- LOS PENSAMIENTOS,135, , ,BIDIRECCIONAL,CONCRETO,BUENO,HUMEDO,DESPEJADO,0,0,0,1,8,81,8108,BiobÃ­o,ConcepciÃ³n,San Pedro de la Paz,Numero,"LOS PENSAMIENTOS 135, San Pedro de la Paz",-36.833925,-73.10059,Bici_2024.csv
-8130769.71664683,-4415231.92296193,1088,2024,1625802,2024/07/14 00:00:00+00,Julio,14,Domingo,1899/12/30 00:00:00+00,14:11:00,14,REGION BIO BIO,CONCEPCION,COLISION,COLISION,URBANA,TRAMO DE VIA RECTA,FALLAS MECANICAS,FALLAS MECANICAS NEUMATICOS,VICTOR LAMAS, ,- VICTOR LAMAS,1240, , ,UNIDIRECCIONAL,CONCRETO,BUENO,SECO,DESPEJADO,0,0,0,2,8,81,8101,BiobÃ­o,ConcepciÃ³n,ConcepciÃ³n,Numero,"VICTOR LAMAS 1240, ConcepciÃ³n",-36.828523,-73.039947,Bici_2024.csv
-8135779.55248015,-4407007.83791592,1148,2024,1639049,2024/09/15 00:00:00+00,Septiembre,15,Domingo,1899/12/30 00:00:00+00,11:40:00,11,REGION BIO BIO,TALCAHUANO,COLISION LATERAL,COLISION,URBANA,TRAMO DE VIA RECTA,IMPRUDENCIA DEL CONDUCTOR,NO RESPETAR DERECHO PREFERENTE DE PASO A VEHICULO,ARTEAGA ALEMPARTE, ,- ARTEAGA ALEMPARTE,6015, , ,BIDIRECCIONAL,CONCRETO,BUENO,SECO,DESPEJADO,0,0,0,1,8,81,8110,BiobÃ­o,ConcepciÃ³n,Talcahuano,Numero,"ARTEAGA ALEMPARTE 6015, Talcahuano",-36.769365,-73.084951,Bici_2024.csv
-8132098.46829016,-4415866.20324379,1154,2024,1639906,2024/09/26 00:00:00+00,Septiembre,26,Jueves,1899/12/30 00:00:00+00,16:25:00,16,REGION BIO BIO,CONCEPCION,COLISION LATERAL,COLISION,URBANA,TRAMO DE VIA RECTA,IMPRUDENCIA DEL CONDUCTOR,CONDUCCION NO ATENTO CONDICIONES TRANSITO MOMENTO,ANGOL, ,- ANGOL,47, , ,UNIDIRECCIONAL,CONCRETO,BUENO,SECO,DESPEJADO,0,0,0,0,8,81,8101,BiobÃ­o,ConcepciÃ³n,ConcepciÃ³n,Numero,"ANGOL 47, ConcepciÃ³n",-36.833083,-73.051883,Bici_2024.csv
-8138437.31254748,-4402783.63267139,1164,2024,1641391,2024/09/25 00:00:00+00,Septiembre,25,MiÃ©rcoles,1899/12/30 00:00:00+00,07:15:00,7,REGION BIO BIO,TALCAHUANO,COLISION LATERAL,COLISION,URBANA,TRAMO DE VIA RECTA,IMPRUDENCIA DEL CONDUCTOR,NO RESPETAR DERECHO PREFERENTE DE PASO A VEHICULO,ALTO HORNO, ,- ALTO HORNO,998, , ,BIDIRECCIONAL CON BANDEJON,CONCRETO,BUENO,SECO,DESPEJADO,0,0,1,0,8,81,8110,BiobÃ­o,ConcepciÃ³n,Talcahuano,Numero,"ALTO HORNO 998, Talcahuano",-36.738962,-73.108826,Bici_2024.csv
-8128724.85273048,-4429990.49869552,1173,2024,1643332,2024/10/01 00:00:00+00,Octubre,1,Martes,1899/12/30 00:00:00+00,22:15:00,22,REGION BIO BIO,CHIGUAYANTE,COLISION PERPENDICULAR,COLISION,URBANA,CICLOVIA,IMPRUDENCIA DEL CONDUCTOR,CONDUCCION NO ATENTO CONDICIONES TRANSITO MOMENTO,MANUEL RODRIGUEZ, ,- MANUEL RODRIGUEZ,1400, , ,UNIDIRECCIONAL,CONCRETO,BUENO,SECO,DESPEJADO,0,0,0,0,8,81,8103,BiobÃ­o,ConcepciÃ³n,Chiguayante,Numero,"MANUEL RODRIGUEZ 1400, Chiguayante",-36.934569,-73.021578,Bici_2024.csv
-8127566.76585565,-4431640.02107112,1174,2024,1643348,2024/10/04 00:00:00+00,Octubre,4,Viernes,1899/12/30 00:00:00+00,20:15:00,20,REGION BIO BIO,CHIGUAYANTE,COLISION PERPENDICULAR,COLISION,URBANA,CRUCE CON SENAL CEDA EL PASO,DESOBEDIENCIA A SEÃALIZACION,SENALIZACION DESOBEDECER SENAL CEDA EL PASO,O'HIGGINS, ,- O'HIGGINS,6039, , ,BIDIRECCIONAL,CONCRETO,BUENO,SECO,DESPEJADO,0,0,0,1,8,81,8103,BiobÃ­o,ConcepciÃ³n,Chiguayante,Numero,"O'HIGGINS 6039, Chiguayante",-36.946413,-73.011174,Bici_2024.csv
-8133535.89511883,-4413219.80176592,1178,2024,1644477,2024/10/18 00:00:00+00,Octubre,18,Viernes,1899/12/30 00:00:00+00,08:00:00,8,REGION BIO BIO,CONCEPCION,COLISION,COLISION,URBANA,TRAMO DE VIA RECTA,IMPRUDENCIA DEL CONDUCTOR,CONDUCCION NO ATENTO CONDICIONES TRANSITO MOMENTO,CAMINO LOS CARROS, ,- CAMINO LOS CARROS,1955, , ,BIDIRECCIONAL CON BANDEJON,CONCRETO,BUENO,SECO,DESPEJADO,0,0,0,0,8,81,8101,BiobÃ­o,ConcepciÃ³n,ConcepciÃ³n,Numero,"CAMINO LOS CARROS 1955, ConcepciÃ³n",-36.814053,-73.064796,Bici_2024.csv
-8132011.5670525,-4418185.0583979,1192,2024,1647759,2024/10/27 00:00:00+00,Octubre,27,Domingo,1899/12/30 00:00:00+00,16:00:00,16,REGION BIO BIO,CONCEPCION,COLISION,COLISION,URBANA,TRAMO DE VIA RECTA,IMPRUDENCIA DEL CONDUCTOR,CONDUCCION NO ATENTO CONDICIONES TRANSITO MOMENTO,PEDRO DE VALDIVIA, ,- PEDRO DE VALDIVIA,1337, , ,BIDIRECCIONAL CON BANDEJON,CONCRETO,BUENO,SECO,DESPEJADO,0,0,0,1,8,81,8101,BiobÃ­o,ConcepciÃ³n,ConcepciÃ³n,Numero,"PEDRO DE VALDIVIA 1337, ConcepciÃ³n",-36.849754,-73.051103,Bici_2024.csv
-8133535.89511883,-4413219.80176592,1194,2024,1648181,2024/10/18 00:00:00+00,Octubre,18,Viernes,1899/12/30 00:00:00+00,08:00:00,8,REGION BIO BIO,CONCEPCION,CHOQUE LATERAL,CHOQUE,URBANA,TRAMO DE VIA RECTA,IMPRUDENCIA DEL CONDUCTOR,CONDUCCION NO ATENTO CONDICIONES TRANSITO MOMENTO,CAMINO LOS CARROS, ,- CAMINO LOS CARROS,1955, , ,BIDIRECCIONAL,CONCRETO,BUENO,SECO,DESPEJADO,0,0,0,1,8,81,8101,BiobÃ­o,ConcepciÃ³n,ConcepciÃ³n,Numero,"CAMINO LOS CARROS 1955, ConcepciÃ³n",-36.814053,-73.064796,Bici_2024.csv
-8129811.02462052,-4425899.5062278,1224,2024,1651542,2024/11/18 00:00:00+00,Noviembre,18,Lunes,1899/12/30 00:00:00+00,20:30:00,20,REGION BIO BIO,CHIGUAYANTE,COLISION PERPENDICULAR,COLISION,URBANA,CICLOVIA,IMPRUDENCIA DEL CONDUCTOR,CONDUCCION NO ATENTO CONDICIONES TRANSITO MOMENTO,8 ORIENTE, ,- 8 ORIENTE,1508, , ,BIDIRECCIONAL,CONCRETO,BUENO,SECO,DESPEJADO,0,0,0,1,8,81,8103,BiobÃ­o,ConcepciÃ³n,Chiguayante,Numero,"8 ORIENTE 1508, Chiguayante",-36.905188,-73.031335,Bici_2024.csv
-8125504.40701266,-4415080.80867354,1245,2024,1589008,2024/01/31 00:00:00+00,Enero,31,MiÃ©rcoles,1899/12/30 00:00:00+00,17:20:00,17,REGION BIO BIO,CONCEPCION,COLISION POR ALCANCE,COLISION,URBANA,TRAMO DE VIA RECTA,IMPRUDENCIA DEL CONDUCTOR,CONDUCCION SIN MANTENER DISTANCIA RAZONABLE NI PRUDENTE,JORGE GIACAMAN,LA OBRA,JORGE GIACAMAN - LA OBRA,0, , ,BIDIRECCIONAL,CONCRETO,BUENO,SECO,DESPEJADO,0,0,1,0,8,81,8101,BiobÃ­o,ConcepciÃ³n,ConcepciÃ³n,Interseccion,"JORGE GIACAMAN & LA OBRA, ConcepciÃ³n",-36.827436,-72.992648,Bici_2024.csv
-8130545.06487527,-4413698.3827016,1248,2024,1631242,2024/07/19 00:00:00+00,Julio,19,Viernes,1899/12/30 00:00:00+00,00:15:00,0,REGION BIO BIO,CONCEPCION,COLISION LATERAL,COLISION,URBANA,CRUCE CON SEMAFORO FUNCIONANDO,IMPRUDENCIA DEL CONDUCTOR,CONDUCCION NO ATENTO CONDICIONES TRANSITO MOMENTO,LOS CARRERA,LIENTUR,LIENTUR - LOS CARRERA,0, , ,BIDIRECCIONAL CON BANDEJON,CONCRETO,BUENO,SECO,DESPEJADO,0,0,0,1,8,81,8101,BiobÃ­o,ConcepciÃ³n,ConcepciÃ³n,Interseccion,"LIENTUR & LOS CARRERA, ConcepciÃ³n",-36.817495,-73.037929,Bici_2024.csv
-8130139.97324827,-4413471.72703357,1265,2024,1631711,2024/07/27 00:00:00+00,Julio,27,SÃ¡bado,1899/12/30 00:00:00+00,15:00:00,15,REGION BIO BIO,CONCEPCION,CHOQUE FRENTE/POSTERIOR,CHOQUE,URBANA,CRUCE CON SEMAFORO FUNCIONANDO,IMPRUDENCIA DEL CONDUCTOR,CONDUCCION NO ATENTO CONDICIONES TRANSITO MOMENTO,LOS CARRERA,FRESIA,FRESIA - LOS CARRERA,0, , ,BIDIRECCIONAL CON BANDEJON,CONCRETO,BUENO,MOJADO,DESPEJADO,0,0,0,1,8,81,8101,BiobÃ­o,ConcepciÃ³n,ConcepciÃ³n,Interseccion,"FRESIA & LOS CARRERA, ConcepciÃ³n",-36.815865,-73.03429,Bici_2024.csv
-8138073.15675965,-4410221.62619873,1286,2024,1632468,2024/08/24 00:00:00+00,Agosto,24,SÃ¡bado,1899/12/30 00:00:00+00,21:40:00,21,REGION BIO BIO,HUALPEN,COLISION,COLISION,URBANA,CRUCE SIN SENALIZACION,IMPRUDENCIA DEL CONDUCTOR,CONDUCCION NO ATENTO CONDICIONES TRANSITO MOMENTO,VALENCIA,BREMEN,BREMEN - VALENCIA,0, , ,BIDIRECCIONAL,CONCRETO,BUENO,HUMEDO,DESPEJADO,0,0,0,1,8,81,8112,BiobÃ­o,ConcepciÃ³n,HualpÃ©n,Interseccion,"BREMEN & VALENCIA, HualpÃ©n",-36.792488,-73.105555,Bici_2024.csv
-8137594.95255052,-4416638.29711105,1297,2024,1590528,2024/02/07 00:00:00+00,Febrero,7,MiÃ©rcoles,1899/12/30 00:00:00+00,19:20:00,19,REGION BIO BIO,SAN PEDRO DE LA PAZ,COLISION,COLISION,URBANA,CRUCE CON SEMAFORO FUNCIONANDO,DESOBEDIENCIA A SEÃALIZACION,SENALIZACION DESOBEDECER LUZ ROJA DE SEMAFORO,PEDRO AGUIRRE CERDA,LOS CANELOS,LOS CANELOS - PEDRO AGUIRRE CERDA,0, , ,UNIDIRECCIONAL,CONCRETO,BUENO,SECO,DESPEJADO,0,0,0,1,8,81,8108,BiobÃ­o,ConcepciÃ³n,San Pedro de la Paz,Interseccion,"LOS CANELOS & PEDRO AGUIRRE CERDA, San Pedro de la Paz",-36.838634,-73.101259,Bici_2024.csv
-8138737.06620275,-4408716.26908012,1314,2024,1633364,2024/08/27 00:00:00+00,Agosto,27,Martes,1899/12/30 00:00:00+00,12:50:00,12,REGION BIO BIO,HUALPEN,COLISION,COLISION,URBANA,CRUCE CON SENAL PARE,IMPRUDENCIA DEL CONDUCTOR,CONDUCCION NO ATENTO CONDICIONES TRANSITO MOMENTO,GRAN BRETANA,YUGOSLAVIA,GRAN BRETANA - YUGOSLAVIA,0, , ,BIDIRECCIONAL,CONCRETO,BUENO,SECO,DESPEJADO,0,0,0,0,8,81,8112,BiobÃ­o,ConcepciÃ³n,HualpÃ©n,Interseccion,"GRAN BRETANA & YUGOSLAVIA, HualpÃ©n",-36.781658,-73.111519,Bici_2024.csv
-8126577.41558441,-4413744.82685152,1327,2024,1633778,2024/08/29 00:00:00+00,Agosto,29,Jueves,1899/12/30 00:00:00+00,15:15:00,15,REGION BIO BIO,CONCEPCION,COLISION,COLISION,URBANA,TRAMO DE VIA RECTA,IMPRUDENCIA DEL CONDUCTOR,CONDUCCION NO ATENTO CONDICIONES TRANSITO MOMENTO,TARRAGONA NORTE,VALLE NOBLE,TARRAGONA NORTE - VALLE NOBLE,0, , ,BIDIRECCIONAL,CONCRETO,BUENO,SECO,DESPEJADO,0,0,0,0,8,81,8101,BiobÃ­o,ConcepciÃ³n,ConcepciÃ³n,Interseccion,"TARRAGONA NORTE & VALLE NOBLE, ConcepciÃ³n",-36.817829,-73.002287,Bici_2024.csv
-8133029.3819513,-4412325.86879012,1342,2024,1591603,2024/02/14 00:00:00+00,Febrero,14,MiÃ©rcoles,1899/12/30 00:00:00+00,11:30:00,11,REGION BIO BIO,CONCEPCION,COLISION PERPENDICULAR,COLISION,URBANA,CRUCE CON SENAL PARE,DESOBEDIENCIA A SEÃALIZACION,SENALIZACION DESOBEDECER SENAL PARE,ANIBAL PINTO,CALLE UNO,ANIBAL PINTO - CALLE UNO,0, , ,BIDIRECCIONAL,CONCRETO,BUENO,SECO,DESPEJADO,0,0,0,1,8,81,8101,BiobÃ­o,ConcepciÃ³n,ConcepciÃ³n,Interseccion,"ANIBAL PINTO & CALLE UNO, ConcepciÃ³n",-36.807624,-73.060246,Bici_2024.csv
-8129817.03540548,-4426067.75468174,1348,2024,1591836,2024/02/01 00:00:00+00,Febrero,1,Jueves,1899/12/30 00:00:00+00,08:35:00,8,REGION BIO BIO,CHIGUAYANTE,COLISION PERPENDICULAR,COLISION,URBANA,CRUCE CON SENAL PARE,IMPRUDENCIA DEL CONDUCTOR,CONDUCCION SIN MANTENER DISTANCIA RAZONABLE NI PRUDENTE,CALLE UNO,8 ORIENTE,8 ORIENTE - CALLE UNO,0, , ,BIDIRECCIONAL,ASFALTO,BUENO,SECO,DESPEJADO,0,0,0,1,8,81,8103,BiobÃ­o,ConcepciÃ³n,Chiguayante,Interseccion,"8 ORIENTE & CALLE UNO, Chiguayante",-36.906397,-73.031389,Bici_2024.csv
-8130397.45523048,-4414566.25433563,1355,2024,1634344,2024/08/31 00:00:00+00,Agosto,31,SÃ¡bado,1899/12/30 00:00:00+00,20:30:00,20,REGION BIO BIO,CONCEPCION,COLISION,COLISION,URBANA,CRUCE CON SEMAFORO FUNCIONANDO,IMPRUDENCIA DEL CONDUCTOR,CONDUCCION NO ATENTO CONDICIONES TRANSITO MOMENTO,ROOSEVELT,CAMINO NONGUEN,CAMINO NONGUEN - ROOSEVELT,0, , ,BIDIRECCIONAL,CONCRETO,BUENO,SECO,DESPEJADO,0,1,0,0,8,81,8101,BiobÃ­o,ConcepciÃ³n,ConcepciÃ³n,Interseccion,"CAMINO NONGUEN & ROOSEVELT, ConcepciÃ³n",-36.823736,-73.036603,Bici_2024.csv
-8131478.03352761,-4413638.17247359,1357,2024,1634421,2024/08/13 00:00:00+00,Agosto,13,Martes,1899/12/30 00:00:00+00,20:45:00,20,REGION BIO BIO,CONCEPCION,COLISION LATERAL,COLISION,URBANA,CRUCE CON SEMAFORO FUNCIONANDO,IMPRUDENCIA DEL CONDUCTOR,CONDUCCION NO ATENTO CONDICIONES TRANSITO MOMENTO,PAICAVI,MANUEL BULNES,MANUEL BULNES - PAICAVI,0, , ,BIDIRECCIONAL CON BANDEJON,CONCRETO,BUENO,SECO,DESPEJADO,0,0,0,0,8,81,8101,BiobÃ­o,ConcepciÃ³n,ConcepciÃ³n,Interseccion,"MANUEL BULNES & PAICAVI, ConcepciÃ³n",-36.817062,-73.04631,Bici_2024.csv
-8136552.86647389,-4404771.10219888,1370,2024,1592531,2024/02/06 00:00:00+00,Febrero,6,Martes,1899/12/30 00:00:00+00,22:00:00,22,REGION BIO BIO,TALCAHUANO,COLISION LATERAL,COLISION,URBANA,CRUCE CON SEMAFORO FUNCIONANDO,DESOBEDIENCIA A SEÃALIZACION,SENALIZACION DESOBEDECER LUZ ROJA DE SEMAFORO,GOMEZ CARRENO,JUAN GUILLERMO SOSA,GOMEZ CARRENO - JUAN GUILLERMO SOSA,0, , ,BIDIRECCIONAL,CONCRETO,BUENO,SECO,DESPEJADO,0,1,0,1,8,81,8110,BiobÃ­o,ConcepciÃ³n,Talcahuano,Interseccion,"GOMEZ CARRENO & JUAN GUILLERMO SOSA, Talcahuano",-36.753268,-73.091898,Bici_2024.csv
-8136072.75179965,-4406375.00095836,1376,2024,1634797,2024/08/24 00:00:00+00,Agosto,24,SÃ¡bado,1899/12/30 00:00:00+00,14:00:00,14,REGION BIO BIO,TALCAHUANO,COLISION LATERAL,COLISION,URBANA,CRUCE CON SENAL CEDA EL PASO,DESOBEDIENCIA A SEÃALIZACION,SENALIZACION DESOBEDECER SENAL CEDA EL PASO,LAS HORTENSIAS,LAGO LLANQUIHUE,LAGO LLANQUIHUE - LAS HORTENSIAS,0, , ,BIDIRECCIONAL,CONCRETO,BUENO,SECO,DESPEJADO,0,1,0,0,8,81,8110,BiobÃ­o,ConcepciÃ³n,Talcahuano,Interseccion,"LAGO LLANQUIHUE & LAS HORTENSIAS, Talcahuano",-36.764811,-73.087585,Bici_2024.csv
-8136105.91871836,-4409526.74470591,1407,2024,1593387,2024/02/27 00:00:00+00,Febrero,27,Martes,1899/12/30 00:00:00+00,08:45:00,8,REGION BIO BIO,HUALPEN,COLISION,COLISION,URBANA,CRUCE CON SENAL CEDA EL PASO,DESOBEDIENCIA A SEÃALIZACION,SENALIZACION DESOBEDECER SENAL CEDA EL PASO,CAMPANARIO,CHAITEN,CAMPANARIO - CHAITEN,0, , ,BIDIRECCIONAL,CONCRETO,BUENO,SECO,DESPEJADO,0,0,0,1,8,81,8112,BiobÃ­o,ConcepciÃ³n,HualpÃ©n,Interseccion,"CAMPANARIO & CHAITEN, HualpÃ©n",-36.787489,-73.087883,Bici_2024.csv
-8137604.27906443,-4416641.17300111,1417,2024,1593516,2024/02/07 00:00:00+00,Febrero,7,MiÃ©rcoles,1899/12/30 00:00:00+00,19:20:00,19,REGION BIO BIO,SAN PEDRO DE LA PAZ,COLISION POR ALCANCE,COLISION,URBANA,CRUCE CON SEMAFORO FUNCIONANDO,IMPRUDENCIA DEL CONDUCTOR,CONDUCCION NO ATENTO CONDICIONES TRANSITO MOMENTO,RUTA 160,LOS CANELOS,LOS CANELOS - RUTA 160,0, , ,BIDIRECCIONAL CON BANDEJON,CONCRETO,BUENO,SECO,DESPEJADO,0,0,0,1,8,81,8108,BiobÃ­o,ConcepciÃ³n,San Pedro de la Paz,Interseccion,"LOS CANELOS & RUTA 160, San Pedro de la Paz",-36.838655,-73.101343,Bici_2024.csv
-8137429.31462513,-4416653.23324572,1422,2024,1593554,2024/02/09 00:00:00+00,Febrero,9,Viernes,1899/12/30 00:00:00+00,20:30:00,20,REGION BIO BIO,SAN PEDRO DE LA PAZ,COLISION LATERAL,COLISION,URBANA,CRUCE CON SENAL CEDA EL PASO,IMPRUDENCIA DEL CONDUCTOR,CONDUCCION NO ATENTO CONDICIONES TRANSITO MOMENTO,PRESIDENTE JORGE ALESSANDRI,PEDRO AGUIRRE CERDA,PEDRO AGUIRRE CERDA - PRESIDENTE JORGE ALESSANDRI,0, , ,UNIDIRECCIONAL,CONCRETO,BUENO,SECO,DESPEJADO,0,0,0,1,8,81,8108,BiobÃ­o,ConcepciÃ³n,San Pedro de la Paz,Interseccion,"PEDRO AGUIRRE CERDA & PRESIDENTE JORGE ALESSANDRI, San Pedro de la Paz",-36.838742,-73.099771,Bici_2024.csv
-8129579.59093162,-4425288.45263081,1426,2024,1636381,2024/09/04 00:00:00+00,Septiembre,4,MiÃ©rcoles,1899/12/30 00:00:00+00,09:20:00,9,REGION BIO BIO,CHIGUAYANTE,COLISION PERPENDICULAR,COLISION,URBANA,CRUCE CON SENAL CEDA EL PASO,IMPRUDENCIA DEL CONDUCTOR,CONDUCCION NO ATENTO CONDICIONES TRANSITO MOMENTO,OBISPO FUENZALIDA,MANANTIALES,MANANTIALES - OBISPO FUENZALIDA,0, , ,BIDIRECCIONAL,CONCRETO,BUENO,SECO,DESPEJADO,0,0,0,0,8,81,8103,BiobÃ­o,ConcepciÃ³n,Chiguayante,Interseccion,"MANANTIALES & OBISPO FUENZALIDA, Chiguayante",-36.900799,-73.029256,Bici_2024.csv
-8130471.85010183,-4414194.24714314,1436,2024,1593747,2024/02/28 00:00:00+00,Febrero,28,MiÃ©rcoles,1899/12/30 00:00:00+00,09:35:00,9,REGION BIO BIO,CONCEPCION,COLISION,COLISION,URBANA,PASO PARA PEATONES,IMPRUDENCIA DEL CONDUCTOR,CONDUCCION NO ATENTO CONDICIONES TRANSITO MOMENTO,BARROS ARANA,AINAVILLO,AINAVILLO - BARROS ARANA,0, , ,UNIDIRECCIONAL,CONCRETO,BUENO,SECO,DESPEJADO,0,0,0,1,8,81,8101,BiobÃ­o,ConcepciÃ³n,ConcepciÃ³n,Interseccion,"AINAVILLO & BARROS ARANA, ConcepciÃ³n",-36.821061,-73.037271,Bici_2024.csv
-8142477.84637136,-4418243.63930281,1440,2024,1593800,2024/02/13 00:00:00+00,Febrero,13,Martes,1899/12/30 00:00:00+00,21:30:00,21,REGION BIO BIO,SAN PEDRO DE LA PAZ,COLISION FRONTAL,COLISION,URBANA,CRUCE SIN SENALIZACION,IMPRUDENCIA DEL CONDUCTOR,NO RESPETAR DERECHO PREFERENTE DE PASO A PEATON,FRESIA,GALVARINO,FRESIA - GALVARINO,0, , ,BIDIRECCIONAL,CONCRETO,BUENO,SECO,NUBLADO,0,0,0,1,8,81,8108,BiobÃ­o,ConcepciÃ³n,San Pedro de la Paz,Interseccion,"FRESIA & GALVARINO, San Pedro de la Paz",-36.850175,-73.145123,Bici_2024.csv
-8136707.93452457,-4403700.92006129,1447,2024,1637145,2024/09/07 00:00:00+00,Septiembre,7,SÃ¡bado,1899/12/30 00:00:00+00,13:15:00,13,REGION BIO BIO,TALCAHUANO,COLISION LATERAL,COLISION,URBANA,CRUCE SIN SENALIZACION,IMPRUDENCIA DEL CONDUCTOR,NO RESPETAR DERECHO PREFERENTE DE PASO A VEHICULO,RAMON GALLEGOS,CRISTOBAL COLON,CRISTOBAL COLON - RAMON GALLEGOS,0, , ,BIDIRECCIONAL,CONCRETO,BUENO,SECO,DESPEJADO,0,0,0,1,8,81,8110,BiobÃ­o,ConcepciÃ³n,Talcahuano,Interseccion,"CRISTOBAL COLON & RAMON GALLEGOS, Talcahuano",-36.745565,-73.093291,Bici_2024.csv
-8141188.09875103,-4400499.90641987,1519,2024,1595541,2024/03/04 00:00:00+00,Marzo,4,Lunes,1899/12/30 00:00:00+00,19:30:00,19,REGION BIO BIO,TALCAHUANO,COLISION LATERAL,COLISION,URBANA,CRUCE SIN SENALIZACION,IMPRUDENCIA DEL CONDUCTOR,NO RESPETAR DERECHO PREFERENTE DE PASO A VEHICULO,LOS PEHUENCHES,LOS YAGANES,LOS PEHUENCHES - LOS YAGANES,0, , ,BIDIRECCIONAL,CONCRETO,BUENO,SECO,DESPEJADO,0,0,0,0,8,81,8110,BiobÃ­o,ConcepciÃ³n,Talcahuano,Interseccion,"LOS PEHUENCHES & LOS YAGANES, Talcahuano",-36.72252,-73.133537,Bici_2024.csv
-8131830.0257575,-4412950.99349022,1601,2024,1641240,2024/09/13 00:00:00+00,Septiembre,13,Viernes,1899/12/30 00:00:00+00,08:45:00,8,REGION BIO BIO,CONCEPCION,COLISION LATERAL,COLISION,URBANA,TRAMO DE VIA RECTA,IMPRUDENCIA DEL CONDUCTOR,CONDUCCION NO ATENTO CONDICIONES TRANSITO MOMENTO,VICUNA MACKENNA,APICAVI,APICAVI - VICUNA MACKENNA,0, , ,BIDIRECCIONAL,CONCRETO,BUENO,SECO,DESPEJADO,0,0,0,1,8,81,8101,BiobÃ­o,ConcepciÃ³n,ConcepciÃ³n,Interseccion,"APICAVI & VICUNA MACKENNA, ConcepciÃ³n",-36.81212,-73.049472,Bici_2024.csv
-8131550.50251611,-4412799.01918366,1604,2024,1597105,2024/02/16 00:00:00+00,Febrero,16,Viernes,1899/12/30 00:00:00+00,08:20:00,8,REGION BIO BIO,CONCEPCION,CHOQUE LATERAL,CHOQUE,URBANA,TRAMO DE VIA RECTA,IMPRUDENCIA DEL CONDUCTOR,CONDUCCION NO ATENTO CONDICIONES TRANSITO MOMENTO,VICUNA MACKENNA,LAUTARO,LAUTARO - VICUNA MACKENNA,0, , ,BIDIRECCIONAL,CONCRETO,BUENO,SECO,DESPEJADO,0,0,0,1,8,81,8101,BiobÃ­o,ConcepciÃ³n,ConcepciÃ³n,Interseccion,"LAUTARO & VICUNA MACKENNA, ConcepciÃ³n",-36.811027,-73.046961,Bici_2024.csv