ï»¿X,Y,FID,AÃ±o,IdAccident,Fecha,Mes,Dia_mes,Dia_semana,Hora,Hora_texto,Hora_aprox,RegiÃ³n,Comuna,Tipo_Accid,Tipo__CONA,Zona,UbicaciÃ³n,Causa__CON,Causa_Acci,Calle_Uno,Calle_Dos,Intersecci,NÃºmero,Ruta,Ubicaci_1,Calzada,Tipo_Calza,Estado_Cal,CondiciÃ³n,Estado_Atm,Fallecidos,Graves,Menos_Grav,Leves,CUT_REG,CUT_PROV,CUT_COM,REGION,PROVINCIA,COMUNA1,Tipo_direc,Direccion,Lat,Lon,Archivo_Origen
-8133029.3819513,-4412325.86879012,1608,2024,1597126,2024/02/16 00:00:00+00,Febrero,16,Viernes,1899/12/30 00:00:00+00,11:30:00,11,REGION BIO BIO,CONCEPCION,COLISION LATERAL,COLISION,URBANA,TRAMO DE VIA RECTA,IMPRUDENCIA DEL CONDUCTOR,CONDUCCION NO ATENTO CONDICIONES TRANSITO MOMENTO,ANIBAL PINTO,CALLE UNO,ANIBAL PINTO - CALLE UNO,0, , ,UNIDIRECCIONAL,CONCRETO,BUENO,SECO,DESPEJADO,0,0,0,1,8,81,8101,BiobÃ­o,ConcepciÃ³n,ConcepciÃ³n,Interseccion,"ANIBAL PINTO & CALLE UNO, ConcepciÃ³n",-36.807624,-73.060246,Bici_2024.csv
-8128998.2805507,-4429172.58400385,1613,2024,1641837,2024/09/17 00:00:00+00,Septiembre,17,Martes,1899/12/30 00:00:00+00,16:30:00,16,REGION BIO BIO,CHIGUAYANTE,COLISION PERPENDICULAR,COLISION,URBANA,CRUCE SIN SENALIZACION,IMPRUDENCIA DEL CONDUCTOR,CONDUCCION NO ATENTO CONDICIONES TRANSITO MOMENTO,MANUEL RODRIGUEZ,CORBETA CHACABUCO,CORBETA CHACABUCO - MANUEL RODRIGUEZ,0, , ,BIDIRECCIONAL CON BANDEJON,CONCRETO,BUENO,SECO,NUBLADO,0,1,0,0,8,81,8103,BiobÃ­o,ConcepciÃ³n,Chiguayante,Interseccion,"CORBETA CHACABUCO & MANUEL RODRIGUEZ, Chiguayante",-36.928696,-73.024034,Bici_2024.csv
-8133102.29621777,-4413917.95129195,1616,2024,1641869,2024/10/02 00:00:00+00,Octubre,2,MiÃ©rcoles,1899/12/30 00:00:00+00,08:15:00,8,REGION BIO BIO,CONCEPCION,COLISION LATERAL,COLISION,URBANA,CRUCE CON SENAL PARE,IMPRUDENCIA DEL CONDUCTOR,CONDUCCION NO ATENTO CONDICIONES TRANSITO MOMENTO,MANUEL RODRIGUEZ,ANGOL,ANGOL - MANUEL RODRIGUEZ,0, , ,BIDIRECCIONAL CON BANDEJON,CONCRETO,BUENO,SECO,DESPEJADO,0,0,0,1,8,81,8101,BiobÃ­o,ConcepciÃ³n,ConcepciÃ³n,Interseccion,"ANGOL & MANUEL RODRIGUEZ, ConcepciÃ³n",-36.819074,-73.060901,Bici_2024.csv
-8136759.92072677,-4411298.30250027,1657,2024,1643223,2024/10/11 00:00:00+00,Octubre,11,Viernes,1899/12/30 00:00:00+00,10:30:00,10,REGION BIO BIO,HUALPEN,COLISION,COLISION,URBANA,CRUCE CON SENAL PARE,DESOBEDIENCIA A SEÃALIZACION,SENALIZACION DESOBEDECER SENAL PARE,POSTDAM,QUIRIHUE,POSTDAM - QUIRIHUE,0, , ,BIDIRECCIONAL,CONCRETO,BUENO,SECO,DESPEJADO,0,0,1,0,8,81,8112,BiobÃ­o,ConcepciÃ³n,HualpÃ©n,Interseccion,"POSTDAM & QUIRIHUE, HualpÃ©n",-36.800233,-73.093758,Bici_2024.csv
-8137716.60043064,-4410450.85390385,1665,2024,1643469,2024/10/14 00:00:00+00,Octubre,14,Lunes,1899/12/30 00:00:00+00,19:30:00,19,REGION BIO BIO,HUALPEN,COLISION,COLISION,URBANA,CRUCE CON SENAL CEDA EL PASO,DESOBEDIENCIA A SEÃALIZACION,SENALIZACION DESOBEDECER SENAL CEDA EL PASO,FRANKFORT,BREMEN,BREMEN - FRANKFORT,0, , ,BIDIRECCIONAL,CONCRETO,BUENO,SECO,DESPEJADO,0,0,0,1,8,81,8112,BiobÃ­o,ConcepciÃ³n,HualpÃ©n,Interseccion,"BREMEN & FRANKFORT, HualpÃ©n",-36.794137,-73.102352,Bici_2024.csv
-8128846.99736271,-4430196.16949722,1687,2024,1598613,2024/03/01 00:00:00+00,Marzo,1,Viernes,1899/12/30 00:00:00+00,19:10:00,19,REGION BIO BIO,CHIGUAYANTE,COLISION PERPENDICULAR,COLISION,URBANA,CRUCE CON SENAL CEDA EL PASO,IMPRUDENCIA DEL CONDUCTOR,CONDUCCION NO ATENTO CONDICIONES TRANSITO MOMENTO,O'HIGGINS,PROGRESO,O'HIGGINS - PROGRESO,0, , ,BIDIRECCIONAL,CONCRETO,BUENO,SECO,DESPEJADO,0,0,0,1,8,81,8103,BiobÃ­o,ConcepciÃ³n,Chiguayante,Interseccion,"O'HIGGINS & PROGRESO, Chiguayante",-36.936046,-73.022675,Bici_2024.csv
-8135987.14082168,-4409876.75136111,1716,2024,1599153,2024/03/25 00:00:00+00,Marzo,25,Lunes,1899/12/30 00:00:00+00,19:20:00,19,REGION BIO BIO,HUALPEN,COLISION,COLISION,URBANA,CRUCE CON SEMAFORO FUNCIONANDO,DESOBEDIENCIA A SEÃALIZACION,SENALIZACION DESOBEDECER LUZ ROJA DE SEMAFORO,CURANILAHUE,CRISTOBAL COLON,CRISTOBAL COLON - CURANILAHUE,0, , ,BIDIRECCIONAL,CONCRETO,BUENO,SECO,DESPEJADO,0,0,0,1,8,81,8112,BiobÃ­o,ConcepciÃ³n,HualpÃ©n,Interseccion,"CRISTOBAL COLON & CURANILAHUE, HualpÃ©n",-36.790007,-73.086816,Bici_2024.csv
-8131057.46849139,-4412145.26241661,1841,2024,1647274,2024/10/28 00:00:00+00,Octubre,28,Lunes,1899/12/30 00:00:00+00,15:44:00,15,REGION BIO BIO,CONCEPCION,COLISION LATERAL,COLISION,URBANA,CRUCE SIN SENALIZACION,IMPRUDENCIA DEL CONDUCTOR,CONDUCCION NO ATENTO CONDICIONES TRANSITO MOMENTO,FRESIA,EJERCITO,EJERCITO - FRESIA,0, , ,UNIDIRECCIONAL,CONCRETO,BUENO,SECO,DESPEJADO,0,1,0,0,8,81,8101,BiobÃ­o,ConcepciÃ³n,ConcepciÃ³n,Interseccion,"EJERCITO & FRESIA, ConcepciÃ³n",-36.806325,-73.042532,Bici_2024.csv
-8129170.71444193,-4430368.72648866,1842,2024,1601502,2024/03/12 00:00:00+00,Marzo,12,Martes,1899/12/30 00:00:00+00,21:00:00,21,REGION BIO BIO,CHIGUAYANTE,COLISION FRONTAL,COLISION,URBANA,TRAMO DE VIA RECTA,IMPRUDENCIA DEL CONDUCTOR,CONDUCCION NO ATENTO CONDICIONES TRANSITO MOMENTO,PROGRESO,PASAJE SEIS,PASAJE SEIS - PROGRESO,0, , ,BIDIRECCIONAL,CONCRETO,BUENO,SECO,DESPEJADO,0,0,0,1,8,81,8103,BiobÃ­o,ConcepciÃ³n,Chiguayante,Interseccion,"PASAJE SEIS & PROGRESO, Chiguayante",-36.937285,-73.025583,Bici_2024.csv
-8129428.6417021,-4427767.71693813,1853,2024,1601679,2024/03/16 00:00:00+00,Marzo,16,SÃ¡bado,1899/12/30 00:00:00+00,12:15:00,12,REGION BIO BIO,CHIGUAYANTE,COLISION PERPENDICULAR,COLISION,URBANA,OTROS NO CONSIDERADOS,IMPRUDENCIA DEL CONDUCTOR,CONDUCCION NO ATENTO CONDICIONES TRANSITO MOMENTO,MANUEL RODRIGUEZ,QUINTANILLA,MANUEL RODRIGUEZ - QUINTANILLA,0, , ,BIDIRECCIONAL CON BANDEJON,ASFALTO,BUENO,SECO,DESPEJADO,0,1,0,0,8,81,8103,BiobÃ­o,ConcepciÃ³n,Chiguayante,Interseccion,"MANUEL RODRIGUEZ & QUINTANILLA, Chiguayante",-36.918607,-73.0279,Bici_2024.csv
-8138744.52460863,-4410948.38813827,1855,2024,1601701,2024/04/04 00:00:00+00,Abril,4,Jueves,1899/12/30 00:00:00+00,14:00:00,14,REGION BIO BIO,HUALPEN,COLISION,COLISION,URBANA,CRUCE CON SENAL CEDA EL PASO,DESOBEDIENCIA A SEÃALIZACION,SENALIZACION DESOBEDECER SENAL CEDA EL PASO,AVENIDA DOS,COSTANERA,AVENIDA DOS - COSTANERA,0, , ,BIDIRECCIONAL,CONCRETO,BUENO,SECO,DESPEJADO,0,0,0,0,8,81,8112,BiobÃ­o,ConcepciÃ³n,HualpÃ©n,Interseccion,"AVENIDA DOS & COSTANERA, HualpÃ©n",-36.797716,-73.111586,Bici_2024.csv
-8131057.46849139,-4412145.26241661,1909,2024,1648348,2024/10/28 00:00:00+00,Octubre,28,Lunes,1899/12/30 00:00:00+00,15:44:00,15,REGION BIO BIO,CONCEPCION,COLISION LATERAL,COLISION,URBANA,TRAMO DE VIA RECTA,IMPRUDENCIA DEL CONDUCTOR,CONDUCCION NO ATENTO CONDICIONES TRANSITO MOMENTO,FRESIA,EJERCITO,EJERCITO - FRESIA,0, , ,UNIDIRECCIONAL,CONCRETO,BUENO,SECO,DESPEJADO,0,1,0,0,8,81,8101,BiobÃ­o,ConcepciÃ³n,ConcepciÃ³n,Interseccion,"EJERCITO & FRESIA, ConcepciÃ³n",-36.806325,-73.042532,Bici_2024.csv
-8138890.46446106,-4417092.81593669,1949,2024,1649588,2024/10/28 00:00:00+00,Octubre,28,Lunes,1899/12/30 00:00:00+00,15:55:00,15,REGION BIO BIO,SAN PEDRO DE LA PAZ,COLISION POR ALCANCE,COLISION,URBANA,CRUCE SIN SENALIZACION,IMPRUDENCIA DEL CONDUCTOR,CONDUCCION NO ATENTO CONDICIONES TRANSITO MOMENTO,LOS BOLDOS,LOS MAQUIS,LOS BOLDOS - LOS MAQUIS,0, , ,BIDIRECCIONAL,CONCRETO,BUENO,SECO,DESPEJADO,0,0,0,0,8,81,8108,BiobÃ­o,ConcepciÃ³n,San Pedro de la Paz,Interseccion,"LOS BOLDOS & LOS MAQUIS, San Pedro de la Paz",-36.841902,-73.112897,Bici_2024.csv
-8129100.24920426,-4428869.56592722,1973,2024,1604616,2024/04/01 00:00:00+00,Abril,1,Lunes,1899/12/30 00:00:00+00,19:04:00,19,REGION BIO BIO,CHIGUAYANTE,COLISION PERPENDICULAR,COLISION,URBANA,CRUCE CON SENAL CEDA EL PASO,IMPRUDENCIA DEL CONDUCTOR,CONDUCCION NO ATENTO CONDICIONES TRANSITO MOMENTO,MANUEL RODRIGUEZ,LAS CONDES,LAS CONDES - MANUEL RODRIGUEZ,0, , ,BIDIRECCIONAL,CONCRETO,BUENO,SECO,DESPEJADO,0,0,0,0,8,81,8103,BiobÃ­o,ConcepciÃ³n,Chiguayante,Interseccion,"LAS CONDES & MANUEL RODRIGUEZ, Chiguayante",-36.92652,-73.02495,Bici_2024.csv
-8129837.74083077,-4426251.79970362,1975,2024,1604629,2024/04/09 00:00:00+00,Abril,9,Martes,1899/12/30 00:00:00+00,10:50:00,10,REGION BIO BIO,CHIGUAYANTE,COLISION PERPENDICULAR,COLISION,URBANA,CRUCE CON SENAL CEDA EL PASO,IMPRUDENCIA DEL CONDUCTOR,CONDUCCION NO ATENTO CONDICIONES TRANSITO MOMENTO,CALLE TRES,8 ORIENTE,8 ORIENTE - CALLE TRES,0, , ,BIDIRECCIONAL,CONCRETO,BUENO,SECO,DESPEJADO,0,0,0,1,8,81,8103,BiobÃ­o,ConcepciÃ³n,Chiguayante,Interseccion,"8 ORIENTE & CALLE TRES, Chiguayante",-36.907719,-73.031575,Bici_2024.csv
-8134868.15730023,-4411930.1793777,1980,2024,1604700,2024/04/18 00:00:00+00,Abril,18,Jueves,1899/12/30 00:00:00+00,17:50:00,17,REGION BIO BIO,HUALPEN,COLISION,COLISION,URBANA,ENLACE A DESNIVEL,IMPRUDENCIA DEL CONDUCTOR,CONDUCCION NO ATENTO CONDICIONES TRANSITO MOMENTO,PRESIDENTE JORGE ALESSANDRI RODRIGUEZ,CRISTOBAL COLON,CRISTOBAL COLON - PRESIDENTE JORGE ALESSANDRI RODRIGUEZ,0, , ,BIDIRECCIONAL CON BANDEJON,CONCRETO,BUENO,SECO,DESPEJADO,0,0,0,0,8,81,8112,BiobÃ­o,ConcepciÃ³n,HualpÃ©n,Interseccion,"CRISTOBAL COLON & PRESIDENTE JORGE ALESSANDRI RODRIGUEZ, HualpÃ©n",-36.804778,-73.076764,Bici_2024.csv
-8132430.03781287,-4415566.04230265,1983,2024,1604805,2024/04/17 00:00:00+00,Abril,17,MiÃ©rcoles,1899/12/30 00:00:00+00,19:50:00,19,REGION BIO BIO,CONCEPCION,COLISION POR ALCANCE,COLISION,URBANA,TRAMO DE VIA RECTA,IMPRUDENCIA DEL CONDUCTOR,CONDUCCION NO ATENTO CONDICIONES TRANSITO MOMENTO,SAN MARTIN,OBISPO HIPOLITO SALAS,OBISPO HIPOLITO SALAS - SAN MARTIN,0, , ,UNIDIRECCIONAL,CONCRETO,BUENO,SECO,NUBLADO,0,0,1,0,8,81,8101,BiobÃ­o,ConcepciÃ³n,ConcepciÃ³n,Interseccion,"OBISPO HIPOLITO SALAS & SAN MARTIN, ConcepciÃ³n",-36.830925,-73.054862,Bici_2024.csv
-8130334.67103767,-4413763.46019019,2033,2024,1651966,2024/11/20 00:00:00+00,Noviembre,20,MiÃ©rcoles,1899/12/30 00:00:00+00,18:30:00,18,REGION BIO BIO,CONCEPCION,COLISION LATERAL,COLISION,URBANA,CRUCE CON SEMAFORO FUNCIONANDO,IMPRUDENCIA DEL CONDUCTOR,NO RESPETAR DERECHO PREFERENTE DE PASO A VEHICULO,MAIPU,PELANTARO,MAIPU - PELANTARO,0, , ,UNIDIRECCIONAL,CONCRETO,BUENO,SECO,DESPEJADO,0,0,0,1,8,81,8101,BiobÃ­o,ConcepciÃ³n,ConcepciÃ³n,Interseccion,"MAIPU & PELANTARO, ConcepciÃ³n",-36.817963,-73.036039,Bici_2024.csv
-8135454.14309976,-4410706.77738369,2044,2024,1652372,2024/11/25 00:00:00+00,Noviembre,25,Lunes,1899/12/30 00:00:00+00,14:25:00,14,REGION BIO BIO,HUALPEN,COLISION,COLISION,URBANA,CRUCE CON SENAL PARE,IMPRUDENCIA DEL CONDUCTOR,CONDUCCION NO ATENTO CONDICIONES TRANSITO MOMENTO,ARTEAGA ALEMPARTE,LOS ZORZALEZ,ARTEAGA ALEMPARTE - LOS ZORZALEZ,0, , ,BIDIRECCIONAL,CONCRETO,BUENO,SECO,DESPEJADO,0,0,0,0,8,81,8112,BiobÃ­o,ConcepciÃ³n,HualpÃ©n,Interseccion,"ARTEAGA ALEMPARTE & LOS ZORZALEZ, HualpÃ©n",-36.795978,-73.082028,Bici_2024.csv
-8133177.32555457,-4416471.75968488,2047,2024,1652561,2024/11/24 00:00:00+00,Noviembre,24,Domingo,1899/12/30 00:00:00+00,20:30:00,20,REGION BIO BIO,CONCEPCION,COLISION FRONTAL,COLISION,URBANA,CRUCE CON SEMAFORO FUNCIONANDO,DESOBEDIENCIA A SEÃALIZACION,SENALIZACION DESOBEDECER LUZ INTERMITENTE SEMAFORO,ESMERALDA,COSTANERA,COSTANERA - ESMERALDA,0, , ,BIDIRECCIONAL CON BANDEJON,CONCRETO,BUENO,SECO,DESPEJADO,0,0,0,1,8,81,8101,BiobÃ­o,ConcepciÃ³n,ConcepciÃ³n,Interseccion,"COSTANERA & ESMERALDA, ConcepciÃ³n",-36.837437,-73.061575,Bici_2024.csv
-8132932.97927228,-4414584.61098133,2054,2024,1652814,2024/11/14 00:00:00+00,Noviembre,14,Jueves,1899/12/30 00:00:00+00,19:35:00,19,REGION BIO BIO,CONCEPCION,COLISION LATERAL,COLISION,URBANA,CRUCE CON SENAL PARE,DESOBEDIENCIA A SEÃALIZACION,SENALIZACION DESOBEDECER SENAL PARE,OBISPO HIPOLITO SALAS,JUAN MARTINEZ DE ROZAS,JUAN MARTINEZ DE ROZAS - OBISPO HIPOLITO SALAS,0, , ,UNIDIRECCIONAL,CONCRETO,BUENO,SECO,DESPEJADO,0,0,0,0,8,81,8101,BiobÃ­o,ConcepciÃ³n,ConcepciÃ³n,Interseccion,"JUAN MARTINEZ DE ROZAS & OBISPO HIPOLITO SALAS, ConcepciÃ³n",-36.823868,-73.05938,Bici_2024.csv
-8135486.42575209,-4407760.20673167,2106,2024,1654587,2024/11/18 00:00:00+00,Noviembre,18,Lunes,1899/12/30 00:00:00+00,19:45:00,19,REGION BIO BIO,TALCAHUANO,COLISION LATERAL,COLISION,URBANA,CRUCE CON SENAL CEDA EL PASO,DESOBEDIENCIA A SEÃALIZACION,SENALIZACION DESOBEDECER SENAL CEDA EL PASO,SAN CARLOS,BENAVENTE,BENAVENTE - SAN CARLOS,0, , ,BIDIRECCIONAL,CONCRETO,BUENO,SECO,DESPEJADO,0,0,0,0,8,81,8110,BiobÃ­o,ConcepciÃ³n,Talcahuano,Interseccion,"BENAVENTE & SAN CARLOS, Talcahuano",-36.774779,-73.082318,Bici_2024.csv
-8130397.45523048,-4414566.25433563,2116,2024,1654858,2024/12/03 00:00:00+00,Diciembre,3,Martes,1899/12/30 00:00:00+00,09:00:00,9,REGION BIO BIO,CONCEPCION,COLISION LATERAL,COLISION,URBANA,CICLOVIA,IMPRUDENCIA DEL CONDUCTOR,CONDUCCION NO ATENTO CONDICIONES TRANSITO MOMENTO,ROOSEVELT,CAMINO NONGUEN,CAMINO NONGUEN - ROOSEVELT,0, , ,BIDIRECCIONAL,CONCRETO,BUENO,SECO,DESPEJADO,0,0,0,0,8,81,8101,BiobÃ­o,ConcepciÃ³n,ConcepciÃ³n,Interseccion,"CAMINO NONGUEN & ROOSEVELT, ConcepciÃ³n",-36.823736,-73.036603,Bici_2024.csv
-8129817.03540548,-4426067.75468174,2117,2024,1654885,2024/12/01 00:00:00+00,Diciembre,1,Domingo,1899/12/30 00:00:00+00,17:00:00,17,REGION BIO BIO,CHIGUAYANTE,COLISION PERPENDICULAR,COLISION,URBANA,CRUCE CON SENAL PARE,IMPRUDENCIA DEL CONDUCTOR,CONDUCCION NO ATENTO CONDICIONES TRANSITO MOMENTO,8 ORIENTE,CALLE UNO,8 ORIENTE - CALLE UNO,0, , ,BIDIRECCIONAL,CONCRETO,BUENO,SECO,DESPEJADO,0,0,0,1,8,81,8103,BiobÃ­o,ConcepciÃ³n,Chiguayante,Interseccion,"8 ORIENTE & CALLE UNO, Chiguayante",-36.906397,-73.031389,Bici_2024.csv
-8128389.91953351,-4430829.86713057,2118,2024,1654894,2024/12/04 00:00:00+00,Diciembre,4,MiÃ©rcoles,1899/12/30 00:00:00+00,08:10:00,8,REGION BIO BIO,CHIGUAYANTE,COLISION PERPENDICULAR,COLISION,URBANA,CRUCE CON SEMAFORO FUNCIONANDO,IMPRUDENCIA DEL CONDUCTOR,CONDUCCION NO ATENTO CONDICIONES TRANSITO MOMENTO,MANQUIMAVIDA,MANUEL RODRIGUEZ,MANQUIMAVIDA - MANUEL RODRIGUEZ,0, , ,BIDIRECCIONAL CON BANDEJON,CONCRETO,BUENO,SECO,DESPEJADO,0,0,0,1,8,81,8103,BiobÃ­o,ConcepciÃ³n,Chiguayante,Interseccion,"MANQUIMAVIDA & MANUEL RODRIGUEZ, Chiguayante",-36.940596,-73.018569,Bici_2024.csv
-8130768.14913482,-4414999.45180465,2133,2024,1655517,2024/12/07 00:00:00+00,Diciembre,7,SÃ¡bado,1899/12/30 00:00:00+00,08:25:00,8,REGION BIO BIO,CONCEPCION,COLISION PERPENDICULAR,COLISION,URBANA,TRAMO DE VIA RECTA,IMPRUDENCIA DEL CONDUCTOR,CONDUCCION NO ATENTO CONDICIONES TRANSITO MOMENTO,COCHRANE,PLAZA PERU,COCHRANE - PLAZA PERU,0, , ,UNIDIRECCIONAL,CONCRETO,BUENO,SECO,DESPEJADO,0,0,0,1,8,81,8101,BiobÃ­o,ConcepciÃ³n,ConcepciÃ³n,Interseccion,"COCHRANE & PLAZA PERU, ConcepciÃ³n",-36.826851,-73.039933,Bici_2024.csv
-8136265.00201854,-4408438.76158178,2149,2024,1656304,2024/12/10 00:00:00+00,Diciembre,10,Martes,1899/12/30 00:00:00+00,07:30:00,7,REGION BIO BIO,TALCAHUANO,COLISION LATERAL,COLISION,URBANA,CRUCE SIN SENALIZACION,IMPRUDENCIA DEL CONDUCTOR,NO RESPETAR DERECHO PREFERENTE DE PASO A VEHICULO,2 PONIENTE,SAN MIGUEL,2 PONIENTE - SAN MIGUEL,0, , ,BIDIRECCIONAL,CONCRETO,BUENO,SECO,DESPEJADO,0,0,0,1,8,81,8110,BiobÃ­o,ConcepciÃ³n,Talcahuano,Interseccion,"2 PONIENTE & SAN MIGUEL, Talcahuano",-36.779661,-73.089312,Bici_2024.csv
-8130614.41691803,-4414267.685158,2163,2024,1656987,2024/12/13 00:00:00+00,Diciembre,13,Viernes,1899/12/30 00:00:00+00,11:47:00,11,REGION BIO BIO,CONCEPCION,COLISION PERPENDICULAR,COLISION,URBANA,CRUCE CON SENAL PARE,DESOBEDIENCIA A SEÃALIZACION,SENALIZACION DESOBEDECER SENAL PARE,BARROS ARANA,GALVARINO,BARROS ARANA - GALVARINO,0, , ,UNIDIRECCIONAL,CONCRETO,BUENO,SECO,DESPEJADO,0,0,0,0,8,81,8101,BiobÃ­o,ConcepciÃ³n,ConcepciÃ³n,Interseccion,"BARROS ARANA & GALVARINO, ConcepciÃ³n",-36.821589,-73.038552,Bici_2024.csv
-8142895.2722536,-4415245.69393301,2267,2024,1661917,2024/12/04 00:00:00+00,Diciembre,4,MiÃ©rcoles,1899/12/30 00:00:00+00,08:40:00,8,REGION BIO BIO,SAN PEDRO DE LA PAZ,COLISION PERPENDICULAR,COLISION,URBANA,CRUCE SIN SENALIZACION,IMPRUDENCIA DEL CONDUCTOR,NO RESPETAR DERECHO PREFERENTE DE PASO A VEHICULO,EL SOL,VENUS,EL SOL - VENUS,0, , ,BIDIRECCIONAL,CONCRETO,BUENO,SECO,DESPEJADO,0,0,0,1,8,81,8108,BiobÃ­o,ConcepciÃ³n,San Pedro de la Paz,Interseccion,"EL SOL & VENUS, San Pedro de la Paz",-36.828622,-73.148873,Bici_2024.csv
-8141541.42681481,-4423437.59577994,2277,2024,1662205,2024/12/26 00:00:00+00,Diciembre,26,Jueves,1899/12/30 00:00:00+00,14:40:00,14,REGION BIO BIO,SAN PEDRO DE LA PAZ,COLISION LATERAL,COLISION,URBANA,CICLOVIA,IMPRUDENCIA DEL CONDUCTOR,CONDUCCION NO ATENTO CONDICIONES TRANSITO MOMENTO,CICLOVIA,LAS ARAUCARIAS,CICLOVIA - LAS ARAUCARIAS,0, , ,UNIDIRECCIONAL,CONCRETO,BUENO,SECO,DESPEJADO,0,0,0,1,8,81,8108,BiobÃ­o,ConcepciÃ³n,San Pedro de la Paz,Interseccion,"CICLOVIA & LAS ARAUCARIAS, San Pedro de la Paz",-36.887502,-73.136711,Bici_2024.csv
-8137594.95255052,-4416638.29711105,2278,2024,1662236,2024/12/22 00:00:00+00,Diciembre,22,Domingo,1899/12/30 00:00:00+00,19:20:00,19,REGION BIO BIO,SAN PEDRO DE LA PAZ,COLISION,COLISION,URBANA,TRAMO DE VIA RECTA,DESOBEDIENCIA A SEÃALIZACION,SENALIZACION DESOBEDECER LUZ ROJA DE SEMAFORO,PEDRO AGUIRRE CERDA,LOS CANELOS,LOS CANELOS - PEDRO AGUIRRE CERDA,0, , ,BIDIRECCIONAL,CONCRETO,BUENO,SECO,DESPEJADO,0,0,0,1,8,81,8108,BiobÃ­o,ConcepciÃ³n,San Pedro de la Paz,Interseccion,"LOS CANELOS & PEDRO AGUIRRE CERDA, San Pedro de la Paz",-36.838634,-73.101259,Bici_2024.csv
-8133283.19039031,-4410617.94718995,8,2024,1602220,2024/03/19 00:00:00+00,Marzo,19,Martes,1899/12/30 00:00:00+00,10:50:00,10,REGION BIO BIO,CONCEPCION,CHOQUE FRENTE/POSTERIOR,CHOQUE,URBANA,TRAMO DE VIA RECTA,IMPRUDENCIA DEL CONDUCTOR,CONDUCCION NO ATENTO CONDICIONES TRANSITO MOMENTO,PAICAVI, ,- PAICAVI,3280, , ,BIDIRECCIONAL CON BANDEJON,CONCRETO,BUENO,SECO,DESPEJADO,0,0,0,0,8,81,8101,BiobÃ­o,ConcepciÃ³n,ConcepciÃ³n,Numero,"PAICAVI 3280, ConcepciÃ³n",-36.795339,-73.062526,Moto_2024.csv
-8138444.94238537,-4401229.60912826,63,2024,1585132,2024/01/06 00:00:00+00,Enero,6,SÃ¡bado,1899/12/30 00:00:00+00,19:30:00,19,REGION BIO BIO,TALCAHUANO,CHOQUE FRENTE/POSTERIOR,CHOQUE,URBANA,OTROS NO CONSIDERADOS,IMPRUDENCIA DEL CONDUCTOR,CONDUCCION NO ATENTO CONDICIONES TRANSITO MOMENTO,PEREZ GACITUA, ,- PEREZ GACITUA,279, , ,BIDIRECCIONAL,CONCRETO,BUENO,SECO,DESPEJADO,0,0,0,0,8,81,8110,BiobÃ­o,ConcepciÃ³n,Talcahuano,Numero,"PEREZ GACITUA 279, Talcahuano",-36.727774,-73.108895,Moto_2024.csv
-8128375.07503488,-4414063.29591187,98,2024,1586504,2024/01/18 00:00:00+00,Enero,18,Jueves,1899/12/30 00:00:00+00,15:00:00,15,REGION BIO BIO,CONCEPCION,COLISION LATERAL,COLISION,URBANA,TRAMO DE VIA RECTA,IMPRUDENCIA DEL CONDUCTOR,CONDUCCION SIN MANTENER DISTANCIA RAZONABLE NI PRUDENTE,GENERAL NOVOA, ,- GENERAL NOVOA,968, , ,UNIDIRECCIONAL,CONCRETO,BUENO,SECO,DESPEJADO,0,0,0,0,8,81,8101,BiobÃ­o,ConcepciÃ³n,ConcepciÃ³n,Numero,"GENERAL NOVOA 968, ConcepciÃ³n",-36.820119,-73.018436,Moto_2024.csv
-8131695.81327984,-4415016.95157292,117,2024,1587868,2024/01/27 00:00:00+00,Enero,27,SÃ¡bado,1899/12/30 00:00:00+00,02:50:00,2,REGION BIO BIO,CONCEPCION,COLISION,COLISION,URBANA,TRAMO DE VIA RECTA,IMPRUDENCIA DEL CONDUCTOR,CONDUCCION SIN MANTENER DISTANCIA RAZONABLE NI PRUDENTE,O'HIGGINS, ,- O'HIGGINS,770, , ,UNIDIRECCIONAL,CONCRETO,BUENO,SECO,DESPEJADO,0,0,0,0,8,81,8101,BiobÃ­o,ConcepciÃ³n,ConcepciÃ³n,Numero,"O'HIGGINS 770, ConcepciÃ³n",-36.826977,-73.048266,Moto_2024.csv