ï»¿X,Y,FID,AÃ±o,IdAccident,Fecha,Mes,Dia_mes,Dia_semana,Hora,Hora_texto,Hora_aprox,RegiÃ³n,Comuna,Tipo_Accid,Tipo__CONA,Zona,UbicaciÃ³n,Causa__CON,Causa_Acci,Calle_Uno,Calle_Dos,Intersecci,NÃºmero,Ruta,Ubicaci_1,Calzada,Tipo_Calza,Estado_Cal,CondiciÃ³n,Estado_Atm,Fallecidos,Graves,Menos_Grav,Leves,CUT_REG,CUT_PROV,CUT_COM,REGION,PROVINCIA,COMUNA1,Tipo_direc,Direccion,Lat,Lon,Archivo_Origen
-8124649.84395048,-4413524.25950579,1106,2024,1631080,2024/08/17 00:00:00+00,Agosto,17,SÃ¡bado,1899/12/30 00:00:00+00,13:00:00,13,REGION BIO BIO,CONCEPCION,ATROPELLO,ATROPELLO,URBANA,CRUCE CON SEMAFORO FUNCIONANDO,IMPRUDENCIA DEL CONDUCTOR,NO RESPETAR DERECHO PREFERENTE DE PASO A PEATON,21 DE MAYO, ,- 21 DE MAYO,3225, , ,BIDIRECCIONAL CON BANDEJON,CONCRETO,BUENO,SECO,DESPEJADO,0,1,0,0,8,81,8101,BiobÃ­o,ConcepciÃ³n,ConcepciÃ³n,Numero,"21 DE MAYO 3225, ConcepciÃ³n",-36.816243,-72.984971,Moto_2024.csv
-8140951.03962072,-4418201.50038992,1142,2024,1595441,2024/03/09 00:00:00+00,Marzo,9,SÃ¡bado,1899/12/30 00:00:00+00,07:48:00,7,REGION BIO BIO,SAN PEDRO DE LA PAZ,COLISION PERPENDICULAR,COLISION,RURAL,CRUCE CON SEMAFORO FUNCIONANDO,DESOBEDIENCIA A SEÃALIZACION,SENALIZACION DESOBEDECER LUZ ROJA DE SEMAFORO, , , ,0,RUTA 160,6,BIDIRECCIONAL CON BANDEJON,CONCRETO,BUENO,SECO,DESPEJADO,0,1,0,2,8,81,8108,BiobÃ­o,ConcepciÃ³n,San Pedro de la Paz,Ruta,RUTA 160 km 6,-36.849872,-73.131407,Moto_2024.csv
-8137080.60517363,-4406202.88253547,1148,2024,1607216,2024/01/12 00:00:00+00,Enero,12,Viernes,1899/12/30 00:00:00+00,16:00:00,16,REGION BIO BIO,TALCAHUANO,VOLCADURA,VOLCADURA,URBANA,TRAMO DE VIA RECTA,DEFICIENCIAS VIALES,ANIMALES SUELTOS VIA PUBLICA,RIO PETROHUE, ,- RIO PETROHUE,658, , ,BIDIRECCIONAL,CONCRETO,BUENO,SECO,DESPEJADO,0,0,0,0,8,81,8110,BiobÃ­o,ConcepciÃ³n,Talcahuano,Numero,"RIO PETROHUE 658, Talcahuano",-36.763573,-73.096639,Moto_2024.csv
-8138501.95943819,-4402911.44652316,1151,2024,1607222,2024/04/18 00:00:00+00,Abril,18,Jueves,1899/12/30 00:00:00+00,17:15:00,17,REGION BIO BIO,TALCAHUANO,VOLCADURA,VOLCADURA,URBANA,TRAMO DE VIA RECTA,VELOCIDAD IMPRUDENTE,VELOCIDAD NO RAZONABLE NI PRUDENTE,ALTO HORNO, ,- ALTO HORNO,777, , ,BIDIRECCIONAL CON BANDEJON,CONCRETO,BUENO,SECO,DESPEJADO,0,0,0,0,8,81,8110,BiobÃ­o,ConcepciÃ³n,Talcahuano,Numero,"ALTO HORNO 777, Talcahuano",-36.739882,-73.109407,Moto_2024.csv
-8140278.0619138,-4404556.44586323,1154,2024,1607224,2024/04/18 00:00:00+00,Abril,18,Jueves,1899/12/30 00:00:00+00,17:35:00,17,REGION BIO BIO,TALCAHUANO,VOLCADURA,VOLCADURA,URBANA,TRAMO DE VIA RECTA,VELOCIDAD IMPRUDENTE,VELOCIDAD NO RAZONABLE NI PRUDENTE,GRAN BRETANA, ,- GRAN BRETANA,2910, , ,BIDIRECCIONAL CON BANDEJON,CONCRETO,BUENO,SECO,DESPEJADO,0,0,0,1,8,81,8110,BiobÃ­o,ConcepciÃ³n,Talcahuano,Numero,"GRAN BRETANA 2910, Talcahuano",-36.751723,-73.125362,Moto_2024.csv
-8132675.4750707,-4411533.62067581,1172,2024,1632143,2024/08/06 00:00:00+00,Agosto,6,Martes,1899/12/30 00:00:00+00,14:50:00,14,REGION BIO BIO,CONCEPCION,COLISION LATERAL,COLISION,URBANA,TRAMO DE VIA RECTA,IMPRUDENCIA DEL CONDUCTOR,CONDUCCION NO ATENTO CONDICIONES TRANSITO MOMENTO,CATALUNA, ,- CATALUNA,2677, , ,BIDIRECCIONAL,CONCRETO,BUENO,SECO,DESPEJADO,0,1,0,0,8,81,8101,BiobÃ­o,ConcepciÃ³n,ConcepciÃ³n,Numero,"CATALUNA 2677, ConcepciÃ³n",-36.801926,-73.057067,Moto_2024.csv
-8140977.97985031,-4417864.04770166,1211,2024,1633180,2024/08/28 00:00:00+00,Agosto,28,MiÃ©rcoles,1899/12/30 00:00:00+00,17:00:00,17,REGION BIO BIO,SAN PEDRO DE LA PAZ,COLISION LATERAL,COLISION,URBANA,TRAMO DE VIA RECTA,IMPRUDENCIA DEL CONDUCTOR,ADELANTAMIENTO SIN EL ESPACIO O TIEMPO SUFICIENTE,NUEVA UNO, ,- NUEVA UNO,3460, , ,BIDIRECCIONAL,CONCRETO,BUENO,SECO,DESPEJADO,0,0,0,0,8,81,8108,BiobÃ­o,ConcepciÃ³n,San Pedro de la Paz,Numero,"NUEVA UNO 3460, San Pedro de la Paz",-36.847446,-73.131649,Moto_2024.csv
-8139344.26117053,-4400819.21787305,1226,2024,1607954,2024/04/19 00:00:00+00,Abril,19,Viernes,1899/12/30 00:00:00+00,15:30:00,15,REGION BIO BIO,TALCAHUANO,COLISION POR ALCANCE,COLISION,URBANA,ROTONDA,IMPRUDENCIA DEL CONDUCTOR,CONDUCCION SIN MANTENER DISTANCIA RAZONABLE NI PRUDENTE,PRESIDENTE JORGE ALESSANDRI, ,- PRESIDENTE JORGE ALESSANDRI,5001, , ,UNIDIRECCIONAL,CONCRETO,BUENO,SECO,DESPEJADO,0,0,0,1,8,81,8110,BiobÃ­o,ConcepciÃ³n,Talcahuano,Numero,"PRESIDENTE JORGE ALESSANDRI 5001, Talcahuano",-36.724819,-73.116974,Moto_2024.csv
-8130570.77373318,-4422069.46759423,1248,2024,1608511,2024/04/19 00:00:00+00,Abril,19,Viernes,1899/12/30 00:00:00+00,18:45:00,18,REGION BIO BIO,CHIGUAYANTE,VOLCADURA,VOLCADURA,URBANA,TRAMO DE VIA RECTA,VELOCIDAD IMPRUDENTE,VELOCIDAD NO RAZONABLE NI PRUDENTE,CAMINO A CHIGUAYANTE, ,- CAMINO A CHIGUAYANTE,1945, , ,BIDIRECCIONAL CON BANDEJON,CONCRETO,BUENO,SECO,DESPEJADO,0,1,0,0,8,81,8103,BiobÃ­o,ConcepciÃ³n,Chiguayante,Numero,"CAMINO A CHIGUAYANTE 1945, Chiguayante",-36.877672,-73.03816,Moto_2024.csv
-8140785.96645251,-4398787.33381588,1287,2024,1609757,2024/05/03 00:00:00+00,Mayo,3,Viernes,1899/12/30 00:00:00+00,20:30:00,20,REGION BIO BIO,TALCAHUANO,COLISION LATERAL,COLISION,URBANA,TRAMO DE VIA RECTA,IMPRUDENCIA DEL CONDUCTOR,CONDUCCION NO ATENTO CONDICIONES TRANSITO MOMENTO,NUEVA LOS LOBOS, ,- NUEVA LOS LOBOS,962, , ,BIDIRECCIONAL,CONCRETO,BUENO,SECO,DESPEJADO,0,0,0,1,8,81,8110,BiobÃ­o,ConcepciÃ³n,Talcahuano,Numero,"NUEVA LOS LOBOS 962, Talcahuano",-36.710188,-73.129925,Moto_2024.csv
-8135972.40049583,-4416430.25649048,1289,2024,1634479,2024/08/30 00:00:00+00,Agosto,30,Viernes,1899/12/30 00:00:00+00,16:00:00,16,REGION BIO BIO,SAN PEDRO DE LA PAZ,COLISION POR ALCANCE,COLISION,URBANA,PUENTE,IMPRUDENCIA DEL CONDUCTOR,CONDUCCION SIN MANTENER DISTANCIA RAZONABLE NI PRUDENTE,PUENTE LLACOLEN, ,- PUENTE LLACOLEN,1, , ,BIDIRECCIONAL CON BANDEJON,CONCRETO,BUENO,SECO,DESPEJADO,0,0,0,0,8,81,8108,BiobÃ­o,ConcepciÃ³n,San Pedro de la Paz,Numero,"PUENTE LLACOLEN 1, San Pedro de la Paz",-36.837139,-73.086684,Moto_2024.csv
-8130750.41313468,-4413288.42817344,1316,2024,1610090,2024/04/13 00:00:00+00,Abril,13,SÃ¡bado,1899/12/30 00:00:00+00,11:00:00,11,REGION BIO BIO,CONCEPCION,CHOQUE FRENTE/POSTERIOR,CHOQUE,URBANA,TRAMO DE VIA RECTA,IMPRUDENCIA DEL CONDUCTOR,CONDUCCION NO ATENTO CONDICIONES TRANSITO MOMENTO,CAMILO HENRIQUEZ, ,- CAMILO HENRIQUEZ,1566, , ,BIDIRECCIONAL,CONCRETO,BUENO,SECO,DESPEJADO,0,1,0,0,8,81,8101,BiobÃ­o,ConcepciÃ³n,ConcepciÃ³n,Numero,"CAMILO HENRIQUEZ 1566, ConcepciÃ³n",-36.814547,-73.039774,Moto_2024.csv
-8126946.25008591,-4415858.71904337,1319,2024,1610095,2024/05/10 00:00:00+00,Mayo,10,Viernes,1899/12/30 00:00:00+00,20:00:00,20,REGION BIO BIO,CONCEPCION,ATROPELLO,ATROPELLO,URBANA,PASO PARA PEATONES,IMPRUDENCIA DEL CONDUCTOR,NO RESPETAR DERECHO PREFERENTE DE PASO A PEATON,CAMINO NONGUEN, ,- CAMINO NONGUEN,1108, , ,BIDIRECCIONAL,CONCRETO,BUENO,SECO,DESPEJADO,0,0,0,1,8,81,8101,BiobÃ­o,ConcepciÃ³n,ConcepciÃ³n,Numero,"CAMINO NONGUEN 1108, ConcepciÃ³n",-36.833029,-73.0056,Moto_2024.csv
-8133283.19039031,-4410617.94718995,1335,2024,1610198,2024/04/16 00:00:00+00,Abril,16,Martes,1899/12/30 00:00:00+00,18:35:00,18,REGION BIO BIO,CONCEPCION,COLISION LATERAL,COLISION,URBANA,TRAMO DE VIA RECTA,IMPRUDENCIA DEL CONDUCTOR,CONDUCCION CAMBIAR SORPRESIVAMENTE PISTA CIRCULACION,PAICAVI, ,- PAICAVI,3280, , ,BIDIRECCIONAL CON BANDEJON,CONCRETO,BUENO,SECO,DESPEJADO,0,0,0,0,8,81,8101,BiobÃ­o,ConcepciÃ³n,ConcepciÃ³n,Numero,"PAICAVI 3280, ConcepciÃ³n",-36.795339,-73.062526,Moto_2024.csv
-8127904.41590499,-4433051.15521291,1383,2024,1635977,2024/08/17 00:00:00+00,Agosto,17,SÃ¡bado,1899/12/30 00:00:00+00,13:00:00,13,REGION BIO BIO,CHIGUAYANTE,ATROPELLO,ATROPELLO,URBANA,TRAMO DE VIA RECTA,IMPRUDENCIA DEL CONDUCTOR,CONDUCCION NO ATENTO CONDICIONES TRANSITO MOMENTO,21 DE MAYO, ,- 21 DE MAYO,3225, , ,BIDIRECCIONAL CON BANDEJON,CONCRETO,BUENO,SECO,DESPEJADO,0,1,0,0,8,81,8103,BiobÃ­o,ConcepciÃ³n,Chiguayante,Numero,"21 DE MAYO 3225, Chiguayante",-36.956543,-73.014208,Moto_2024.csv
-8139924.70270283,-4405356.65046195,1392,2024,1636292,2024/09/07 00:00:00+00,Septiembre,7,SÃ¡bado,1899/12/30 00:00:00+00,19:10:00,19,REGION BIO BIO,TALCAHUANO,VOLCADURA,VOLCADURA,URBANA,TRAMO DE VIA RECTA,VELOCIDAD IMPRUDENTE,VELOCIDAD NO RAZONABLE NI PRUDENTE,GRAN BRETANA, ,- GRAN BRETANA,99, , ,BIDIRECCIONAL CON BANDEJON,CONCRETO,BUENO,SECO,DESPEJADO,0,0,0,1,8,81,8110,BiobÃ­o,ConcepciÃ³n,Talcahuano,Numero,"GRAN BRETANA 99, Talcahuano",-36.757482,-73.122188,Moto_2024.csv
-8130059.46068071,-4414294.33598953,1420,2024,1636754,2024/09/11 00:00:00+00,Septiembre,11,MiÃ©rcoles,1899/12/30 00:00:00+00,20:08:00,20,REGION BIO BIO,CONCEPCION,CHOQUE,CHOQUE,URBANA,TRAMO DE VIA RECTA,IMPRUDENCIA DEL CONDUCTOR,CONDUCIR VEHICULO EN RETROCESO,LUIS URRUTIA MANZANO, ,- LUIS URRUTIA MANZANO,269, , ,BIDIRECCIONAL,CONCRETO,BUENO,SECO,DESPEJADO,0,0,0,0,8,81,8101,BiobÃ­o,ConcepciÃ³n,ConcepciÃ³n,Numero,"LUIS URRUTIA MANZANO 269, ConcepciÃ³n",-36.821781,-73.033567,Moto_2024.csv
-8135745.22896307,-4406770.84893366,1429,2024,1606152,2024/04/13 00:00:00+00,Abril,13,SÃ¡bado,1899/12/30 00:00:00+00,20:30:00,20,REGION BIO BIO,TALCAHUANO,CHOQUE LATERAL,CHOQUE,RURAL,TRAMO DE VIA RECTA,IMPRUDENCIA DEL CONDUCTOR,CONDUCCION SIN MANTENER DISTANCIA RAZONABLE NI PRUDENTE, , , ,0,RUTA 154,7,BIDIRECCIONAL CON BANDEJON,CONCRETO,BUENO,SECO,DESPEJADO,0,0,0,2,8,81,8110,BiobÃ­o,ConcepciÃ³n,Talcahuano,Ruta,RUTA 154 km 7,-36.76766,-73.084643,Moto_2024.csv
-8129823.04256143,-4425436.34701268,1430,2024,1636898,2024/09/04 00:00:00+00,Septiembre,4,MiÃ©rcoles,1899/12/30 00:00:00+00,16:00:00,16,REGION BIO BIO,CHIGUAYANTE,COLISION LATERAL,COLISION,URBANA,TRAMO DE VIA RECTA,IMPRUDENCIA DEL CONDUCTOR,CONDUCCION NO ATENTO CONDICIONES TRANSITO MOMENTO,8 ORIENTE, ,- 8 ORIENTE,1243, , ,BIDIRECCIONAL CON BANDEJON,CONCRETO,BUENO,SECO,DESPEJADO,0,1,0,0,8,81,8103,BiobÃ­o,ConcepciÃ³n,Chiguayante,Numero,"8 ORIENTE 1243, Chiguayante",-36.901861,-73.031443,Moto_2024.csv
-8136417.14223302,-4412231.0489219,1448,2024,1637400,2024/09/15 00:00:00+00,Septiembre,15,Domingo,1899/12/30 00:00:00+00,17:30:00,17,REGION BIO BIO,HUALPEN,CHOQUE,CHOQUE,URBANA,TRAMO DE VIA RECTA,VELOCIDAD IMPRUDENTE,VELOCIDAD MAYOR QUE MAXIMA PERMITIDA,COSTANERA, ,- COSTANERA,9781, , ,BIDIRECCIONAL,CONCRETO,BUENO,SECO,DESPEJADO,0,0,0,1,8,81,8112,BiobÃ­o,ConcepciÃ³n,HualpÃ©n,Numero,"COSTANERA 9781, HualpÃ©n",-36.806942,-73.090679,Moto_2024.csv
-8132985.25606287,-4411066.50889096,1459,2024,1637599,2024/08/26 00:00:00+00,Agosto,26,Lunes,1899/12/30 00:00:00+00,16:30:00,16,REGION BIO BIO,CONCEPCION,COLISION POR ALCANCE,COLISION,URBANA,TRAMO DE VIA RECTA,IMPRUDENCIA DEL CONDUCTOR,CONDUCCION NO ATENTO CONDICIONES TRANSITO MOMENTO,PAICAVI, ,- PAICAVI,3380, , ,BIDIRECCIONAL CON BANDEJON,CONCRETO,BUENO,SECO,DESPEJADO,0,2,0,0,8,81,8101,BiobÃ­o,ConcepciÃ³n,ConcepciÃ³n,Numero,"PAICAVI 3380, ConcepciÃ³n",-36.798566,-73.05985,Moto_2024.csv
-8141188.19136885,-4419431.35226451,1466,2024,1608172,2024/04/18 00:00:00+00,Abril,18,Jueves,1899/12/30 00:00:00+00,08:00:00,8,REGION BIO BIO,SAN PEDRO DE LA PAZ,ATROPELLO,ATROPELLO,RURAL,CRUCE CON SEMAFORO FUNCIONANDO,IMPRUDENCIA DEL CONDUCTOR,NO RESPETAR DERECHO PREFERENTE DE PASO A PEATON, , , ,0,RUTA 160,7,BIDIRECCIONAL CON BANDEJON,CONCRETO,BUENO,SECO,DESPEJADO,0,0,0,1,8,81,8108,BiobÃ­o,ConcepciÃ³n,San Pedro de la Paz,Ruta,RUTA 160 km 7,-36.858712,-73.133538,Moto_2024.csv
-8142258.59950617,-4424966.63702564,1472,2024,1606044,2024/04/18 00:00:00+00,Abril,18,Jueves,1899/12/30 00:00:00+00,09:20:00,9,REGION BIO BIO,SAN PEDRO DE LA PAZ,ATROPELLO,ATROPELLO,RURAL,TRAMO DE VIA RECTA,IMPRUDENCIA DEL CONDUCTOR,NO RESPETAR DERECHO PREFERENTE DE PASO A PEATON, , , ,0,RUTA 160,"11,5",BIDIRECCIONAL CON BANDEJON,CONCRETO,BUENO,SECO,DESPEJADO,0,0,0,1,8,81,8108,BiobÃ­o,ConcepciÃ³n,San Pedro de la Paz,Ruta,"RUTA 160 km 11,5",-36.898487,-73.143153,Moto_2024.csv
-8135351.67592412,-4404692.55951383,1481,2024,1637929,2024/09/14 00:00:00+00,Septiembre,14,SÃ¡bado,1899/12/30 00:00:00+00,03:50:00,3,REGION BIO BIO,TALCAHUANO,VOLCADURA,VOLCADURA,URBANA,TRAMO DE VIA RECTA,ALCOHOL EN CONDUCTOR,CONDUCCION EN ESTADO DE EBRIEDAD,JAIME REPULLO, ,- JAIME REPULLO,2280, , ,BIDIRECCIONAL,CONCRETO,BUENO,SECO,DESPEJADO,0,0,0,1,8,81,8110,BiobÃ­o,ConcepciÃ³n,Talcahuano,Numero,"JAIME REPULLO 2280, Talcahuano",-36.752703,-73.081108,Moto_2024.csv
-8137112.66943939,-4403499.77536639,1483,2024,1637932,2024/09/11 00:00:00+00,Septiembre,11,MiÃ©rcoles,1899/12/30 00:00:00+00,08:45:00,8,REGION BIO BIO,TALCAHUANO,COLISION LATERAL,COLISION,URBANA,CRUCE CON SEMAFORO FUNCIONANDO,DESOBEDIENCIA A SEÃALIZACION,SENALIZACION DESOBEDECER LUZ ROJA DE SEMAFORO,CRISTOBAL COLON, ,- CRISTOBAL COLON,3309, , ,BIDIRECCIONAL CON BANDEJON,CONCRETO,BUENO,SECO,DESPEJADO,0,0,0,0,8,81,8110,BiobÃ­o,ConcepciÃ³n,Talcahuano,Numero,"CRISTOBAL COLON 3309, Talcahuano",-36.744117,-73.096927,Moto_2024.csv
-8132165.01249914,-4413432.13177089,1501,2024,1638402,2024/08/31 00:00:00+00,Agosto,31,SÃ¡bado,1899/12/30 00:00:00+00,17:40:00,17,REGION BIO BIO,CONCEPCION,COLISION LATERAL,COLISION,URBANA,TRAMO DE VIA RECTA,IMPRUDENCIA DEL CONDUCTOR,CONDUCCION NO ATENTO CONDICIONES TRANSITO MOMENTO,MANUEL RODRIGUEZ, ,- MANUEL RODRIGUEZ,947, , ,BIDIRECCIONAL CON BANDEJON,CONCRETO,REGULAR,SECO,DESPEJADO,0,1,0,0,8,81,8101,BiobÃ­o,ConcepciÃ³n,ConcepciÃ³n,Numero,"MANUEL RODRIGUEZ 947, ConcepciÃ³n",-36.81558,-73.052481,Moto_2024.csv
-8142139.87018932,-4424351.33958559,1531,2024,1608536,2024/04/26 00:00:00+00,Abril,26,Viernes,1899/12/30 00:00:00+00,16:15:00,16,REGION BIO BIO,SAN PEDRO DE LA PAZ,CHOQUE FRONTAL,CHOQUE,RURAL,TRAMO DE VIA RECTA,IMPRUDENCIA DEL CONDUCTOR,CONDUCCION NO ATENTO CONDICIONES TRANSITO MOMENTO, , , ,0,RUTA 160,11,BIDIRECCIONAL CON BANDEJON,CONCRETO,BUENO,SECO,DESPEJADO,0,1,0,0,8,81,8108,BiobÃ­o,ConcepciÃ³n,San Pedro de la Paz,Ruta,RUTA 160 km 11,-36.894067,-73.142087,Moto_2024.csv
-8133283.19039031,-4410617.94718995,1572,2024,1614328,2024/05/11 00:00:00+00,Mayo,11,SÃ¡bado,1899/12/30 00:00:00+00,14:30:00,14,REGION BIO BIO,CONCEPCION,COLISION POR ALCANCE,COLISION,URBANA,TRAMO DE VIA RECTA,IMPRUDENCIA DEL CONDUCTOR,CONDUCCION SIN MANTENER DISTANCIA RAZONABLE NI PRUDENTE,PAICAVI, ,- PAICAVI,3280, , ,BIDIRECCIONAL CON BANDEJON,CONCRETO,BUENO,SECO,DESPEJADO,0,0,0,0,8,81,8101,BiobÃ­o,ConcepciÃ³n,ConcepciÃ³n,Numero,"PAICAVI 3280, ConcepciÃ³n",-36.795339,-73.062526,Moto_2024.csv
-8136542.62508074,-4414573.62480321,1584,2024,1614835,2024/05/23 00:00:00+00,Mayo,23,Jueves,1899/12/30 00:00:00+00,19:30:00,19,REGION BIO BIO,HUALPEN,COLISION POR ALCANCE,COLISION,URBANA,PUENTE,IMPRUDENCIA DEL CONDUCTOR,CONDUCCION CAMBIAR SORPRESIVAMENTE PISTA CIRCULACION,PUENTE JUAN PABLO II, ,- PUENTE JUAN PABLO II,0, , ,BIDIRECCIONAL CON BANDEJON,CONCRETO,BUENO,SECO,DESPEJADO,0,0,0,0,8,81,8112,BiobÃ­o,ConcepciÃ³n,HualpÃ©n,Numero,"PUENTE JUAN PABLO II 0, HualpÃ©n",-36.823789,-73.091806,Moto_2024.csv
-8131140.55492142,-4408021.08289561,1593,2024,1640286,2024/09/07 00:00:00+00,Septiembre,7,SÃ¡bado,1899/12/30 00:00:00+00,12:15:00,12,REGION BIO BIO,CONCEPCION,CHOQUE FRENTE/POSTERIOR,CHOQUE,URBANA,TRAMO DE VIA RECTA,IMPRUDENCIA DEL CONDUCTOR,CONDUCCION NO ATENTO CONDICIONES TRANSITO MOMENTO,COSTANERA ANDALIEN PONIENTE, ,- COSTANERA ANDALIEN PONIENTE,221, , ,BIDIRECCIONAL,CONCRETO,BUENO,SECO,DESPEJADO,0,0,1,0,8,81,8101,BiobÃ­o,ConcepciÃ³n,ConcepciÃ³n,Numero,"COSTANERA ANDALIEN PONIENTE 221, ConcepciÃ³n",-36.776656,-73.043278,Moto_2024.csv
-8142772.971429,-4416511.05650453,1601,2024,1640361,2024/09/02 00:00:00+00,Septiembre,2,Lunes,1899/12/30 00:00:00+00,14:47:00,14,REGION BIO BIO,SAN PEDRO DE LA PAZ,COLISION POR ALCANCE,COLISION,URBANA,TRAMO DE VIA RECTA,IMPRUDENCIA DEL CONDUCTOR,CONDUCCION NO ATENTO CONDICIONES TRANSITO MOMENTO,CALLE UNO, ,- CALLE UNO,3570, , ,BIDIRECCIONAL,CONCRETO,BUENO,SECO,DESPEJADO,0,0,0,1,8,81,8108,BiobÃ­o,ConcepciÃ³n,San Pedro de la Paz,Numero,"CALLE UNO 3570, San Pedro de la Paz",-36.83772,-73.147774,Moto_2024.csv
-8136629.21536967,-4417890.69432836,1605,2024,1640376,2024/09/09 00:00:00+00,Septiembre,9,Lunes,1899/12/30 00:00:00+00,14:30:00,14,REGION BIO BIO,SAN PEDRO DE LA PAZ,COLISION,COLISION,URBANA,TRAMO DE VIA RECTA,IMPRUDENCIA DEL CONDUCTOR,CONDUCCION NO ATENTO CONDICIONES TRANSITO MOMENTO,CAMINO EL VENADO, ,- CAMINO EL VENADO,585, , ,BIDIRECCIONAL,CONCRETO,BUENO,SECO,DESPEJADO,0,0,0,2,8,81,8108,BiobÃ­o,ConcepciÃ³n,San Pedro de la Paz,Numero,"CAMINO EL VENADO 585, San Pedro de la Paz",-36.847638,-73.092584,Moto_2024.csv
-8144253.70615935,-4435726.81618767,1609,2024,1615297,2024/05/30 00:00:00+00,Mayo,30,Jueves,1899/12/30 00:00:00+00,08:15:00,8,REGION BIO BIO,CHIGUAYANTE,COLISION LATERAL,COLISION,URBANA,TRAMO DE VIA RECTA,IMPRUDENCIA DEL CONDUCTOR,CONDUCCION NO ATENTO CONDICIONES TRANSITO MOMENTO,CARDENAL RAUL SILVA HENRIQUEZ, ,- CARDENAL RAUL SILVA HENRIQUEZ,1135, , ,BIDIRECCIONAL CON BANDEJON,CONCRETO,BUENO,SECO,DESPEJADO,0,0,0,0,8,81,8103,BiobÃ­o,ConcepciÃ³n,Chiguayante,Numero,"CARDENAL RAUL SILVA HENRIQUEZ 1135, Chiguayante",-36.975747,-73.161076,Moto_2024.csv
-8136963.51978963,-4405922.55509987,1612,2024,1615326,2024/05/25 00:00:00+00,Mayo,25,SÃ¡bado,1899/12/30 00:00:00+00,18:30:00,18,REGION BIO BIO,TALCAHUANO,VOLCADURA,VOLCADURA,URBANA,TRAMO DE VIA RECTA,DEFICIENCIAS VIALES,ANIMALES SUELTOS VIA PUBLICA,RIO MAPOCHO, ,- RIO MAPOCHO,570, , ,BIDIRECCIONAL,CONCRETO,BUENO,SECO,DESPEJADO,0,1,0,0,8,81,8110,BiobÃ­o,ConcepciÃ³n,Talcahuano,Numero,"RIO MAPOCHO 570, Talcahuano",-36.761555,-73.095587,Moto_2024.csv
-8139080.32979344,-4398971.70255429,1615,2024,1615345,2024/05/30 00:00:00+00,Mayo,30,Jueves,1899/12/30 00:00:00+00,16:00:00,16,REGION BIO BIO,TALCAHUANO,VOLCADURA,VOLCADURA,URBANA,TRAMO DE VIA RECTA,VELOCIDAD IMPRUDENTE,VELOCIDAD NO RAZONABLE NI PRUDENTE,BLANCO ENCALADA, ,- BLANCO ENCALADA,83, , ,BIDIRECCIONAL CON BANDEJON,CONCRETO,BUENO,SECO,DESPEJADO,0,0,0,1,8,81,8110,BiobÃ­o,ConcepciÃ³n,Talcahuano,Numero,"BLANCO ENCALADA 83, Talcahuano",-36.711516,-73.114603,Moto_2024.csv
-8140127.51212088,-4399481.21957359,1621,2024,1615389,2024/05/29 00:00:00+00,Mayo,29,MiÃ©rcoles,1899/12/30 00:00:00+00,23:35:00,23,REGION BIO BIO,TALCAHUANO,COLISION LATERAL,COLISION,URBANA,TRAMO DE VIA RECTA,IMPRUDENCIA DEL CONDUCTOR,VIRAJES INDEBIDOS,TUMBES, ,- TUMBES,405, , ,BIDIRECCIONAL,CONCRETO,BUENO,SECO,DESPEJADO,0,0,0,1,8,81,8110,BiobÃ­o,ConcepciÃ³n,Talcahuano,Numero,"TUMBES 405, Talcahuano",-36.715185,-73.12401,Moto_2024.csv
-8132799.06192485,-4410963.12406938,1655,2024,1641218,2024/09/12 00:00:00+00,Septiembre,12,Jueves,1899/12/30 00:00:00+00,18:30:00,18,REGION BIO BIO,CONCEPCION,COLISION LATERAL,COLISION,URBANA,TRAMO DE VIA RECTA,IMPRUDENCIA DEL CONDUCTOR,CONDUCCION NO ATENTO CONDICIONES TRANSITO MOMENTO,ALONSO DE RIBERA, ,- ALONSO DE RIBERA,2850, , ,BIDIRECCIONAL CON BANDEJON,CONCRETO,BUENO,SECO,DESPEJADO,0,0,0,0,8,81,8101,BiobÃ­o,ConcepciÃ³n,ConcepciÃ³n,Numero,"ALONSO DE RIBERA 2850, ConcepciÃ³n",-36.797822,-73.058177,Moto_2024.csv
-8132246.39070932,-4417239.17961068,1665,2024,1641330,2024/10/02 00:00:00+00,Octubre,2,MiÃ©rcoles,1899/12/30 00:00:00+00,08:30:00,8,REGION BIO BIO,CONCEPCION,COLISION LATERAL,COLISION,URBANA,TRAMO DE VIA RECTA,IMPRUDENCIA DEL CONDUCTOR,CONDUCCION CAMBIAR SORPRESIVAMENTE PISTA CIRCULACION,PEDRO DE VALDIVIA, ,- PEDRO DE VALDIVIA,742, , ,BIDIRECCIONAL CON BANDEJON,CONCRETO,BUENO,SECO,DESPEJADO,0,1,0,0,8,81,8101,BiobÃ­o,ConcepciÃ³n,ConcepciÃ³n,Numero,"PEDRO DE VALDIVIA 742, ConcepciÃ³n",-36.842954,-73.053212,Moto_2024.csv