ï»¿X,Y,FID,AÃ±o,IdAccident,Fecha,Mes,Dia_mes,Dia_semana,Hora,Hora_texto,Hora_aprox,RegiÃ³n,Comuna,Tipo_Accid,Tipo__CONA,Zona,UbicaciÃ³n,Causa__CON,Causa_Acci,Calle_Uno,Calle_Dos,Intersecci,NÃºmero,Ruta,Ubicaci_1,Calzada,Tipo_Calza,Estado_Cal,CondiciÃ³n,Estado_Atm,Fallecidos,Graves,Menos_Grav,Leves,CUT_REG,CUT_PROV,CUT_COM,REGION,PROVINCIA,COMUNA1,Tipo_direc,Direccion,Lat,Lon,Archivo_Origen
-8142470.33565645,-4426074.69610044,1706,2024,1614945,2024/05/24 00:00:00+00,Mayo,24,Viernes,1899/12/30 00:00:00+00,18:30:00,18,REGION BIO BIO,SAN PEDRO DE LA PAZ,CHOQUE FRENTE/POSTERIOR,CHOQUE,RURAL,CRUCE CON SEMAFORO FUNCIONANDO,IMPRUDENCIA DEL CONDUCTOR,CONDUCCION SIN MANTENER DISTANCIA RAZONABLE NI PRUDENTE, , , ,0,RUTA 160,"12,4",BIDIRECCIONAL CON BANDEJON,CONCRETO,BUENO,SECO,DESPEJADO,0,0,0,1,8,81,8108,BiobÃ­o,ConcepciÃ³n,San Pedro de la Paz,Ruta,"RUTA 160 km 12,4",-36.906447,-73.145056,Moto_2024.csv
-8130393.96664462,-4423910.55564995,1708,2024,1642093,2024/09/29 00:00:00+00,Septiembre,29,Domingo,1899/12/30 00:00:00+00,14:30:00,14,REGION BIO BIO,CHIGUAYANTE,COLISION PERPENDICULAR,COLISION,URBANA,TRAMO DE VIA RECTA,IMPRUDENCIA DEL CONDUCTOR,CONDUCCION NO ATENTO CONDICIONES TRANSITO MOMENTO,COSTANERA, ,- COSTANERA,6, , ,BIDIRECCIONAL,ASFALTO,BUENO,HUMEDO,LLOVIZNA,0,1,0,0,8,81,8103,BiobÃ­o,ConcepciÃ³n,Chiguayante,Numero,"COSTANERA 6, Chiguayante",-36.8909,-73.036572,Moto_2024.csv
-8141901.09087231,-4423121.31228604,1725,2024,1614985,2024/05/27 00:00:00+00,Mayo,27,Lunes,1899/12/30 00:00:00+00,10:50:00,10,REGION BIO BIO,SAN PEDRO DE LA PAZ,VOLCADURA,VOLCADURA,RURAL,CRUCE CON SEMAFORO FUNCIONANDO,VELOCIDAD IMPRUDENTE,VELOCIDAD NO RAZONABLE NI PRUDENTE, , , ,0,RUTA 160,10,BIDIRECCIONAL CON BANDEJON,CONCRETO,BUENO,SECO,DESPEJADO,0,0,0,1,8,81,8108,BiobÃ­o,ConcepciÃ³n,San Pedro de la Paz,Ruta,RUTA 160 km 10,-36.88523,-73.139942,Moto_2024.csv
-8141188.19136885,-4419431.35226451,1777,2024,1617091,2024/06/06 00:00:00+00,Junio,6,Jueves,1899/12/30 00:00:00+00,23:50:00,23,REGION BIO BIO,SAN PEDRO DE LA PAZ,COLISION PERPENDICULAR,COLISION,RURAL,CRUCE CON SEMAFORO FUNCIONANDO,DESOBEDIENCIA A SEÃALIZACION,SENALIZACION DESOBEDECER LUZ ROJA DE SEMAFORO, , , ,0,RUTA 160,7,BIDIRECCIONAL CON BANDEJON,CONCRETO,BUENO,SECO,DESPEJADO,0,0,0,0,8,81,8108,BiobÃ­o,ConcepciÃ³n,San Pedro de la Paz,Ruta,RUTA 160 km 7,-36.858712,-73.133538,Moto_2024.csv
-8127651.95678066,-4430271.64943791,1790,2024,1643573,2024/10/09 00:00:00+00,Octubre,9,MiÃ©rcoles,1899/12/30 00:00:00+00,09:41:00,9,REGION BIO BIO,CHIGUAYANTE,CHOQUE FRENTE/POSTERIOR,CHOQUE,URBANA,TRAMO DE VIA RECTA,IMPRUDENCIA DEL CONDUCTOR,CONDUCCION NO ATENTO CONDICIONES TRANSITO MOMENTO,O'HIGGINS, ,- O'HIGGINS,5171, , ,BIDIRECCIONAL,CONCRETO,BUENO,SECO,DESPEJADO,0,0,0,0,8,81,8103,BiobÃ­o,ConcepciÃ³n,Chiguayante,Numero,"O'HIGGINS 5171, Chiguayante",-36.936588,-73.01194,Moto_2024.csv
-8142731.07526997,-4427428.51916837,1824,2024,1620424,2024/06/25 00:00:00+00,Junio,25,Martes,1899/12/30 00:00:00+00,12:50:00,12,REGION BIO BIO,SAN PEDRO DE LA PAZ,VOLCADURA,VOLCADURA,RURAL,TRAMO DE VIA RECTA,VELOCIDAD IMPRUDENTE,VELOCIDAD NO RAZONABLE NI PRUDENTE, , , ,0,RUTA 160,"13,5",BIDIRECCIONAL CON BANDEJON,CONCRETO,BUENO,CON ACEITE,DESPEJADO,0,0,0,1,8,81,8108,BiobÃ­o,ConcepciÃ³n,San Pedro de la Paz,Ruta,"RUTA 160 km 13,5",-36.916171,-73.147398,Moto_2024.csv
-8142494.24397726,-4426197.67175948,1827,2024,1620134,2024/06/25 00:00:00+00,Junio,25,Martes,1899/12/30 00:00:00+00,20:10:00,20,REGION BIO BIO,SAN PEDRO DE LA PAZ,ATROPELLO,ATROPELLO,RURAL,CRUCE CON SEMAFORO FUNCIONANDO,IMPRUDENCIA DEL PEATON,IMPRUDENCIA DEL PEATON, , , ,0,RUTA 160,"12,5",BIDIRECCIONAL CON BANDEJON,CONCRETO,BUENO,SECO,DESPEJADO,0,1,0,0,8,81,8108,BiobÃ­o,ConcepciÃ³n,San Pedro de la Paz,Ruta,"RUTA 160 km 12,5",-36.90733,-73.14527,Moto_2024.csv
-8136460.75356937,-4405575.03579876,1860,2024,1621758,2024/06/19 00:00:00+00,Junio,19,MiÃ©rcoles,1899/12/30 00:00:00+00,10:00:00,10,REGION BIO BIO,TALCAHUANO,COLISION LATERAL,COLISION,URBANA,TRAMO DE VIA RECTA,IMPRUDENCIA DEL CONDUCTOR,ADELANTAMIENTO SIN EL ESPACIO O TIEMPO SUFICIENTE,LAS HORTENSIAS, ,- LAS HORTENSIAS,5094, , ,BIDIRECCIONAL,CONCRETO,BUENO,SECO,DESPEJADO,0,0,0,0,8,81,8110,BiobÃ­o,ConcepciÃ³n,Talcahuano,Numero,"LAS HORTENSIAS 5094, Talcahuano",-36.759054,-73.091071,Moto_2024.csv
-8141107.59432093,-4418642.28310435,1912,2024,1622965,2024/06/04 00:00:00+00,Junio,4,Martes,1899/12/30 00:00:00+00,07:10:00,7,REGION BIO BIO,SAN PEDRO DE LA PAZ,COLISION LATERAL,COLISION,URBANA,TRAMO DE VIA RECTA,IMPRUDENCIA DEL CONDUCTOR,CONDUCCION NO ATENTO CONDICIONES TRANSITO MOMENTO,NUEVA UNO, ,- NUEVA UNO,4000, , ,BIDIRECCIONAL,CONCRETO,BUENO,SECO,NUBLADO,0,0,0,1,8,81,8108,BiobÃ­o,ConcepciÃ³n,San Pedro de la Paz,Numero,"NUEVA UNO 4000, San Pedro de la Paz",-36.853041,-73.132814,Moto_2024.csv
-8138245.92601199,-4404723.99785078,1923,2024,1645489,2024/10/08 00:00:00+00,Octubre,8,Martes,1899/12/30 00:00:00+00,19:20:00,19,REGION BIO BIO,TALCAHUANO,VOLCADURA,VOLCADURA,URBANA,TRAMO DE VIA RECTA,VELOCIDAD IMPRUDENTE,VELOCIDAD NO RAZONABLE NI PRUDENTE,DESIDERIO GARCIA, ,- DESIDERIO GARCIA,240, , ,BIDIRECCIONAL CON BANDEJON,CONCRETO,BUENO,SECO,DESPEJADO,0,1,0,0,8,81,8110,BiobÃ­o,ConcepciÃ³n,Talcahuano,Numero,"DESIDERIO GARCIA 240, Talcahuano",-36.752929,-73.107107,Moto_2024.csv
-8133918.60837784,-4415454.41363295,1968,2024,1646304,2024/10/27 00:00:00+00,Octubre,27,Domingo,1899/12/30 00:00:00+00,19:15:00,19,REGION BIO BIO,CONCEPCION,CHOQUE POSTERIOR,CHOQUE,URBANA,PUENTE,IMPRUDENCIA DEL CONDUCTOR,CONDUCCION NO ATENTO CONDICIONES TRANSITO MOMENTO,PUENTE LLACOLEN, ,- PUENTE LLACOLEN,2, , ,UNIDIRECCIONAL,CONCRETO,BUENO,SECO,DESPEJADO,0,0,0,1,8,81,8101,BiobÃ­o,ConcepciÃ³n,ConcepciÃ³n,Numero,"PUENTE LLACOLEN 2, ConcepciÃ³n",-36.830122,-73.068234,Moto_2024.csv
-8138602.8413241,-4403197.75232719,1973,2024,1646332,2024/10/21 00:00:00+00,Octubre,21,Lunes,1899/12/30 00:00:00+00,11:40:00,11,REGION BIO BIO,TALCAHUANO,VOLCADURA,VOLCADURA,URBANA,TRAMO DE VIA RECTA,VELOCIDAD IMPRUDENTE,VELOCIDAD NO RAZONABLE NI PRUDENTE,LOS SAUCES, ,- LOS SAUCES,599, , ,BIDIRECCIONAL,CONCRETO,BUENO,SECO,DESPEJADO,0,0,1,0,8,81,8110,BiobÃ­o,ConcepciÃ³n,Talcahuano,Numero,"LOS SAUCES 599, Talcahuano",-36.741943,-73.110313,Moto_2024.csv
-8140278.0619138,-4404556.44586323,1980,2024,1624984,2024/07/05 00:00:00+00,Julio,5,Viernes,1899/12/30 00:00:00+00,17:10:00,17,REGION BIO BIO,TALCAHUANO,CHOQUE FRONTAL,CHOQUE,URBANA,TRAMO DE VIA RECTA,VELOCIDAD IMPRUDENTE,VELOCIDAD NO RAZONABLE NI PRUDENTE,GRAN BRETANA, ,- GRAN BRETANA,2910, , ,BIDIRECCIONAL CON BANDEJON,CONCRETO,BUENO,SECO,DESPEJADO,0,0,0,1,8,81,8110,BiobÃ­o,ConcepciÃ³n,Talcahuano,Numero,"GRAN BRETANA 2910, Talcahuano",-36.751723,-73.125362,Moto_2024.csv
-8136738.27007655,-4404370.03067958,1982,2024,1625020,2024/07/10 00:00:00+00,Julio,10,MiÃ©rcoles,1899/12/30 00:00:00+00,23:30:00,23,REGION BIO BIO,TALCAHUANO,COLISION POR ALCANCE,COLISION,URBANA,TRAMO DE VIA RECTA,IMPRUDENCIA DEL CONDUCTOR,CONDUCCION CAMBIAR SORPRESIVAMENTE PISTA CIRCULACION,CRISTOBAL COLON, ,- CRISTOBAL COLON,3790, , ,BIDIRECCIONAL CON BANDEJON,CONCRETO,BUENO,SECO,DESPEJADO,0,0,0,0,8,81,8110,BiobÃ­o,ConcepciÃ³n,Talcahuano,Numero,"CRISTOBAL COLON 3790, Talcahuano",-36.750381,-73.093564,Moto_2024.csv
-8135941.47330302,-4402968.19380098,1989,2024,1646613,2024/10/19 00:00:00+00,Octubre,19,SÃ¡bado,1899/12/30 00:00:00+00,08:30:00,8,REGION BIO BIO,TALCAHUANO,COLISION LATERAL,COLISION,URBANA,TRAMO DE VIA RECTA,IMPRUDENCIA DEL CONDUCTOR,ADELANTAMIENTO SIN EL ESPACIO O TIEMPO SUFICIENTE,VASCO NUNEZ DE BALBOA, ,- VASCO NUNEZ DE BALBOA,7421, , ,BIDIRECCIONAL,CONCRETO,BUENO,SECO,DESPEJADO,0,0,0,0,8,81,8110,BiobÃ­o,ConcepciÃ³n,Talcahuano,Numero,"VASCO NUNEZ DE BALBOA 7421, Talcahuano",-36.740291,-73.086406,Moto_2024.csv
-8138286.37811232,-4417248.30149363,2043,2024,1605952,2024/04/09 00:00:00+00,Abril,9,Martes,1899/12/30 00:00:00+00,15:00:00,15,REGION BIO BIO,SAN PEDRO DE LA PAZ,COLISION PERPENDICULAR,COLISION,URBANA,CRUCE CON SENAL PARE,IMPRUDENCIA DEL CONDUCTOR,CONDUCCION NO ATENTO CONDICIONES TRANSITO MOMENTO,SAN PEDRO,LOS ACACIOS,LOS ACACIOS - SAN PEDRO,0, , ,BIDIRECCIONAL,CONCRETO,BUENO,SECO,DESPEJADO,0,0,0,1,8,81,8108,BiobÃ­o,ConcepciÃ³n,San Pedro de la Paz,Interseccion,"LOS ACACIOS & SAN PEDRO, San Pedro de la Paz",-36.84302,-73.10747,Moto_2024.csv
-8137151.76533436,-4416665.6533093,2048,2024,1606008,2024/04/12 00:00:00+00,Abril,12,Viernes,1899/12/30 00:00:00+00,08:10:00,8,REGION BIO BIO,SAN PEDRO DE LA PAZ,COLISION LATERAL,COLISION,URBANA,CRUCE CON SENAL PARE,IMPRUDENCIA DEL CONDUCTOR,CONDUCCION CAMBIAR SORPRESIVAMENTE PISTA CIRCULACION,PEDRO AGUIRRE CERDA,LAGUNA GRANDE,LAGUNA GRANDE - PEDRO AGUIRRE CERDA,0, , ,BIDIRECCIONAL CON BANDEJON,CONCRETO,BUENO,SECO,DESPEJADO,0,0,0,1,8,81,8108,BiobÃ­o,ConcepciÃ³n,San Pedro de la Paz,Interseccion,"LAGUNA GRANDE & PEDRO AGUIRRE CERDA, San Pedro de la Paz",-36.838831,-73.097278,Moto_2024.csv
-8136493.75582428,-4410697.60239979,2052,2024,1606076,2024/04/23 00:00:00+00,Abril,23,Martes,1899/12/30 00:00:00+00,14:20:00,14,REGION BIO BIO,HUALPEN,COLISION,COLISION,URBANA,CRUCE CON SENAL PARE,IMPRUDENCIA DEL CONDUCTOR,NO RESPETAR DERECHO PREFERENTE DE PASO A VEHICULO,CRISTOBAL COLON,RAMUNTCHO,CRISTOBAL COLON - RAMUNTCHO,0, , ,BIDIRECCIONAL,CONCRETO,BUENO,SECO,DESPEJADO,0,0,0,0,8,81,8112,BiobÃ­o,ConcepciÃ³n,HualpÃ©n,Interseccion,"CRISTOBAL COLON & RAMUNTCHO, HualpÃ©n",-36.795912,-73.091367,Moto_2024.csv
-8129657.84853365,-4427689.46536221,2059,2024,1606260,2024/04/10 00:00:00+00,Abril,10,MiÃ©rcoles,1899/12/30 00:00:00+00,23:10:00,23,REGION BIO BIO,CHIGUAYANTE,VOLCADURA,VOLCADURA,URBANA,CRUCE CON SEMAFORO FUNCIONANDO,ALCOHOL EN CONDUCTOR,CONDUCCION EN ESTADO DE EBRIEDAD,MANUEL RODRIGUEZ,FERNANDO URRA,FERNANDO URRA - MANUEL RODRIGUEZ,0, , ,BIDIRECCIONAL CON BANDEJON,ASFALTO,BUENO,SECO,DESPEJADO,0,1,0,0,8,81,8103,BiobÃ­o,ConcepciÃ³n,Chiguayante,Interseccion,"FERNANDO URRA & MANUEL RODRIGUEZ, Chiguayante",-36.918045,-73.029959,Moto_2024.csv
-8128068.87412206,-4431838.29039106,2061,2024,1606280,2024/04/16 00:00:00+00,Abril,16,Martes,1899/12/30 00:00:00+00,16:30:00,16,REGION BIO BIO,CHIGUAYANTE,COLISION PERPENDICULAR,COLISION,URBANA,CRUCE CON SEMAFORO FUNCIONANDO,IMPRUDENCIA DEL CONDUCTOR,CONDUCCION NO ATENTO CONDICIONES TRANSITO MOMENTO,MANUEL RODRIGUEZ,PORVENIR,MANUEL RODRIGUEZ - PORVENIR,0, , ,BIDIRECCIONAL CON BANDEJON,CONCRETO,BUENO,SECO,DESPEJADO,0,0,0,1,8,81,8103,BiobÃ­o,ConcepciÃ³n,Chiguayante,Interseccion,"MANUEL RODRIGUEZ & PORVENIR, Chiguayante",-36.947836,-73.015685,Moto_2024.csv
-8132426.47558917,-4415926.95698798,2170,2024,1607913,2024/05/01 00:00:00+00,Mayo,1,MiÃ©rcoles,1899/12/30 00:00:00+00,23:30:00,23,REGION BIO BIO,CONCEPCION,COLISION PERPENDICULAR,COLISION,URBANA,CRUCE CON SEMAFORO FUNCIONANDO,DESOBEDIENCIA A SEÃALIZACION,SENALIZACION DESOBEDECER LUZ ROJA DE SEMAFORO,SERRANO,CHACABUCO,CHACABUCO - SERRANO,0, , ,BIDIRECCIONAL CON BANDEJON,CONCRETO,BUENO,SECO,DESPEJADO,0,0,0,1,8,81,8101,BiobÃ­o,ConcepciÃ³n,ConcepciÃ³n,Interseccion,"CHACABUCO & SERRANO, ConcepciÃ³n",-36.83352,-73.05483,Moto_2024.csv
-8142550.09272089,-4416630.88016107,2178,2024,1608174,2024/04/23 00:00:00+00,Abril,23,Martes,1899/12/30 00:00:00+00,20:15:00,20,REGION BIO BIO,SAN PEDRO DE LA PAZ,COLISION LATERAL,COLISION,URBANA,CRUCE SIN SENALIZACION,IMPRUDENCIA DEL CONDUCTOR,ADELANTAMIENTO SIN EL ESPACIO O TIEMPO SUFICIENTE,IRENE MORALES,PASAJE DIECISIETE,IRENE MORALES - PASAJE DIECISIETE,0, , ,BIDIRECCIONAL,CONCRETO,BUENO,SECO,DESPEJADO,0,0,0,1,8,81,8108,BiobÃ­o,ConcepciÃ³n,San Pedro de la Paz,Interseccion,"IRENE MORALES & PASAJE DIECISIETE, San Pedro de la Paz",-36.838581,-73.145772,Moto_2024.csv
-8133078.13988827,-4414301.33808844,2179,2024,1608202,2024/05/02 00:00:00+00,Mayo,2,Jueves,1899/12/30 00:00:00+00,22:00:00,22,REGION BIO BIO,CONCEPCION,VOLCADURA,VOLCADURA,URBANA,TRAMO DE VIA RECTA,VELOCIDAD IMPRUDENTE,VELOCIDAD NO RAZONABLE NI PRUDENTE,OBISPO HIPOLITO SALAS,GENERAL CRUZ,GENERAL CRUZ - OBISPO HIPOLITO SALAS,0, , ,UNIDIRECCIONAL,CONCRETO,BUENO,SECO,DESPEJADO,0,0,0,1,8,81,8101,BiobÃ­o,ConcepciÃ³n,ConcepciÃ³n,Interseccion,"GENERAL CRUZ & OBISPO HIPOLITO SALAS, ConcepciÃ³n",-36.821831,-73.060684,Moto_2024.csv
-8142287.04476414,-4424926.10639413,2189,2024,1608393,2024/04/09 00:00:00+00,Abril,9,Martes,1899/12/30 00:00:00+00,08:25:00,8,REGION BIO BIO,CHIGUAYANTE,COLISION LATERAL,COLISION,URBANA,TRAMO DE VIA RECTA,IMPRUDENCIA DEL CONDUCTOR,CONDUCCION NO ATENTO CONDICIONES TRANSITO MOMENTO,CARDENAL RAUL SILVA HENRIQUEZ,JORGE ALESSANDRI,CARDENAL RAUL SILVA HENRIQUEZ - JORGE ALESSANDRI,0, , ,UNIDIRECCIONAL,CONCRETO,BUENO,SECO,DESPEJADO,0,0,0,0,8,81,8103,BiobÃ­o,ConcepciÃ³n,Chiguayante,Interseccion,"CARDENAL RAUL SILVA HENRIQUEZ & JORGE ALESSANDRI, Chiguayante",-36.898196,-73.143409,Moto_2024.csv
-8132383.39494623,-4413583.10752863,2191,2024,1608443,2024/04/11 00:00:00+00,Abril,11,Jueves,1899/12/30 00:00:00+00,12:40:00,12,REGION BIO BIO,CONCEPCION,COLISION LATERAL,COLISION,URBANA,CRUCE CON SEMAFORO FUNCIONANDO,IMPRUDENCIA DEL CONDUCTOR,CONDUCCION NO ATENTO CONDICIONES TRANSITO MOMENTO,MANUEL RODRIGUEZ,COLO COLO,COLO COLO - MANUEL RODRIGUEZ,0, , ,BIDIRECCIONAL CON BANDEJON,CONCRETO,BUENO,SECO,DESPEJADO,0,0,0,0,8,81,8101,BiobÃ­o,ConcepciÃ³n,ConcepciÃ³n,Interseccion,"COLO COLO & MANUEL RODRIGUEZ, ConcepciÃ³n",-36.816666,-73.054443,Moto_2024.csv
-8142287.04476414,-4424926.10639413,2292,2024,1610218,2024/04/17 00:00:00+00,Abril,17,MiÃ©rcoles,1899/12/30 00:00:00+00,09:30:00,9,REGION BIO BIO,CHIGUAYANTE,VOLCADURA,VOLCADURA,URBANA,CRUCE CON SENAL CEDA EL PASO,VELOCIDAD IMPRUDENTE,VELOCIDAD NO RAZONABLE NI PRUDENTE,CARDENAL RAUL SILVA HENRIQUEZ,JORGE ALESSANDRI,CARDENAL RAUL SILVA HENRIQUEZ - JORGE ALESSANDRI,0, , ,UNIDIRECCIONAL,CONCRETO,BUENO,SECO,DESPEJADO,0,0,0,1,8,81,8103,BiobÃ­o,ConcepciÃ³n,Chiguayante,Interseccion,"CARDENAL RAUL SILVA HENRIQUEZ & JORGE ALESSANDRI, Chiguayante",-36.898196,-73.143409,Moto_2024.csv
-8132143.72408255,-4412352.14664715,2297,2024,1610305,2024/04/20 00:00:00+00,Abril,20,SÃ¡bado,1899/12/30 00:00:00+00,15:00:00,15,REGION BIO BIO,CONCEPCION,COLISION POR ALCANCE,COLISION,URBANA,CRUCE CON SEMAFORO FUNCIONANDO,IMPRUDENCIA DEL CONDUCTOR,CONDUCCION NO ATENTO CONDICIONES TRANSITO MOMENTO,PAICAVI,HUGO MONTRIOU,HUGO MONTRIOU - PAICAVI,0, , ,BIDIRECCIONAL CON BANDEJON,CONCRETO,BUENO,SECO,DESPEJADO,0,1,0,0,8,81,8101,BiobÃ­o,ConcepciÃ³n,ConcepciÃ³n,Interseccion,"HUGO MONTRIOU & PAICAVI, ConcepciÃ³n",-36.807813,-73.05229,Moto_2024.csv
-8129958.63379777,-4410976.33081741,2300,2024,1610320,2024/04/20 00:00:00+00,Abril,20,SÃ¡bado,1899/12/30 00:00:00+00,16:40:00,16,REGION BIO BIO,CONCEPCION,COLISION LATERAL,COLISION,URBANA,CRUCE CON SEMAFORO FUNCIONANDO,IMPRUDENCIA DEL CONDUCTOR,CONDUCCION NO ATENTO CONDICIONES TRANSITO MOMENTO,ANDALIEN,QUINCHAMALI,ANDALIEN - QUINCHAMALI,0, , ,BIDIRECCIONAL,CONCRETO,BUENO,SECO,DESPEJADO,0,1,0,0,8,81,8101,BiobÃ­o,ConcepciÃ³n,ConcepciÃ³n,Interseccion,"ANDALIEN & QUINCHAMALI, ConcepciÃ³n",-36.797917,-73.032661,Moto_2024.csv
-8129958.63379777,-4410976.33081741,2311,2024,1610420,2024/04/23 00:00:00+00,Abril,23,Martes,1899/12/30 00:00:00+00,18:00:00,18,REGION BIO BIO,CONCEPCION,CHOQUE FRENTE/POSTERIOR,CHOQUE,URBANA,TRAMO DE VIA RECTA,IMPRUDENCIA DEL CONDUCTOR,CONDUCCION NO ATENTO CONDICIONES TRANSITO MOMENTO,ANDALIEN,QUINCHAMALI,ANDALIEN - QUINCHAMALI,0, , ,BIDIRECCIONAL,CONCRETO,BUENO,SECO,DESPEJADO,0,1,0,0,8,81,8101,BiobÃ­o,ConcepciÃ³n,ConcepciÃ³n,Interseccion,"ANDALIEN & QUINCHAMALI, ConcepciÃ³n",-36.797917,-73.032661,Moto_2024.csv
-8138513.09138727,-4409700.77358281,2316,2024,1610449,2024/05/12 00:00:00+00,Mayo,12,Domingo,1899/12/30 00:00:00+00,20:54:00,20,REGION BIO BIO,HUALPEN,COLISION,COLISION,URBANA,CRUCE SIN SENALIZACION,IMPRUDENCIA DEL CONDUCTOR,NO RESPETAR DERECHO PREFERENTE DE PASO A VEHICULO,GRAN BRETANA,MONACO,GRAN BRETANA - MONACO,0, , ,BIDIRECCIONAL,CONCRETO,BUENO,SECO,DESPEJADO,0,1,0,1,8,81,8112,BiobÃ­o,ConcepciÃ³n,HualpÃ©n,Interseccion,"GRAN BRETANA & MONACO, HualpÃ©n",-36.788741,-73.109507,Moto_2024.csv
-8130245.83808402,-4411393.11639726,2333,2024,1610699,2024/04/24 00:00:00+00,Abril,24,MiÃ©rcoles,1899/12/30 00:00:00+00,18:10:00,18,REGION BIO BIO,CONCEPCION,COLISION LATERAL,COLISION,URBANA,TRAMO DE VIA RECTA,IMPRUDENCIA DEL CONDUCTOR,CONDUCCION NO ATENTO CONDICIONES TRANSITO MOMENTO,PRINCIPAL,PASAJE CATORCE,PASAJE CATORCE - PRINCIPAL,0, , ,BIDIRECCIONAL,CONCRETO,BUENO,SECO,DESPEJADO,0,0,0,1,8,81,8101,BiobÃ­o,ConcepciÃ³n,ConcepciÃ³n,Interseccion,"PASAJE CATORCE & PRINCIPAL, ConcepciÃ³n",-36.800915,-73.035241,Moto_2024.csv
-8131604.71510813,-4411009.55628755,2334,2024,1610701,2024/04/25 00:00:00+00,Abril,25,Jueves,1899/12/30 00:00:00+00,10:30:00,10,REGION BIO BIO,CONCEPCION,COLISION LATERAL,COLISION,URBANA,TRAMO DE VIA RECTA,IMPRUDENCIA DEL CONDUCTOR,CONDUCCION NO ATENTO CONDICIONES TRANSITO MOMENTO,VICTOR SOLAR MANZANO,ENRIQUE BUNSTER,ENRIQUE BUNSTER - VICTOR SOLAR MANZANO,0, , ,BIDIRECCIONAL,CONCRETO,BUENO,SECO,DESPEJADO,0,0,0,1,8,81,8101,BiobÃ­o,ConcepciÃ³n,ConcepciÃ³n,Interseccion,"ENRIQUE BUNSTER & VICTOR SOLAR MANZANO, ConcepciÃ³n",-36.798156,-73.047448,Moto_2024.csv
-8131688.98396266,-4411940.32864126,2352,2024,1610918,2024/04/30 00:00:00+00,Abril,30,Martes,1899/12/30 00:00:00+00,16:30:00,16,REGION BIO BIO,CONCEPCION,COLISION LATERAL,COLISION,URBANA,TRAMO DE VIA RECTA,IMPRUDENCIA DEL CONDUCTOR,CONDUCCION NO ATENTO CONDICIONES TRANSITO MOMENTO,MANUEL GUTIERREZ,AINAVILLO,AINAVILLO - MANUEL GUTIERREZ,0, , ,UNIDIRECCIONAL,CONCRETO,BUENO,SECO,DESPEJADO,0,0,0,1,8,81,8101,BiobÃ­o,ConcepciÃ³n,ConcepciÃ³n,Interseccion,"AINAVILLO & MANUEL GUTIERREZ, ConcepciÃ³n",-36.804851,-73.048205,Moto_2024.csv
-8133078.13988827,-4414301.33808844,2368,2024,1611119,2024/05/04 00:00:00+00,Mayo,4,SÃ¡bado,1899/12/30 00:00:00+00,22:00:00,22,REGION BIO BIO,CONCEPCION,VOLCADURA,VOLCADURA,URBANA,TRAMO DE VIA RECTA,VELOCIDAD IMPRUDENTE,VELOCIDAD NO RAZONABLE NI PRUDENTE,OBISPO HIPOLITO SALAS,GENERAL CRUZ,GENERAL CRUZ - OBISPO HIPOLITO SALAS,0, , ,UNIDIRECCIONAL,CONCRETO,BUENO,SECO,DESPEJADO,0,0,0,1,8,81,8101,BiobÃ­o,ConcepciÃ³n,ConcepciÃ³n,Interseccion,"GENERAL CRUZ & OBISPO HIPOLITO SALAS, ConcepciÃ³n",-36.821831,-73.060684,Moto_2024.csv
-8129967.35012503,-4429520.71740188,2397,2024,1611516,2024/05/06 00:00:00+00,Mayo,6,Lunes,1899/12/30 00:00:00+00,20:09:00,20,REGION BIO BIO,CHIGUAYANTE,COLISION PERPENDICULAR,COLISION,URBANA,CRUCE CON SENAL CEDA EL PASO,IMPRUDENCIA DEL CONDUCTOR,CONDUCCION NO ATENTO CONDICIONES TRANSITO MOMENTO,LOS HEROES,CALLE TRES,CALLE TRES - LOS HEROES,0, , ,BIDIRECCIONAL,CONCRETO,BUENO,MOJADO,LLUVIA,0,0,0,1,8,81,8103,BiobÃ­o,ConcepciÃ³n,Chiguayante,Interseccion,"CALLE TRES & LOS HEROES, Chiguayante",-36.931196,-73.032739,Moto_2024.csv
-8130545.06487527,-4413698.3827016,2449,2024,1592291,2024/02/21 00:00:00+00,Febrero,21,MiÃ©rcoles,1899/12/30 00:00:00+00,19:15:00,19,REGION BIO BIO,CONCEPCION,COLISION PERPENDICULAR,COLISION,URBANA,CRUCE CON SEMAFORO FUNCIONANDO,IMPRUDENCIA DEL CONDUCTOR,CONDUCCION NO ATENTO CONDICIONES TRANSITO MOMENTO,LOS CARRERA,LIENTUR,LIENTUR - LOS CARRERA,0, , ,BIDIRECCIONAL CON BANDEJON,CONCRETO,BUENO,SECO,DESPEJADO,0,1,0,0,8,81,8101,BiobÃ­o,ConcepciÃ³n,ConcepciÃ³n,Interseccion,"LIENTUR & LOS CARRERA, ConcepciÃ³n",-36.817495,-73.037929,Moto_2024.csv