ï»¿X,Y,FID,AÃ±o,IdAccident,Fecha,Mes,Dia_mes,Dia_semana,Hora,Hora_texto,Hora_aprox,RegiÃ³n,Comuna,Tipo_Accid,Tipo__CONA,Zona,UbicaciÃ³n,Causa__CON,Causa_Acci,Calle_Uno,Calle_Dos,Intersecci,NÃºmero,Ruta,Ubicaci_1,Calzada,Tipo_Calza,Estado_Cal,CondiciÃ³n,Estado_Atm,Fallecidos,Graves,Menos_Grav,Leves,CUT_REG,CUT_PROV,CUT_COM,REGION,PROVINCIA,COMUNA1,Tipo_direc,Direccion,Lat,Lon,Archivo_Origen
-8133378.92515239,-4414810.87314663,2452,2024,1598480,2024/03/17 00:00:00+00,Marzo,17,Domingo,1899/12/30 00:00:00+00,19:40:00,19,REGION BIO BIO,CONCEPCION,COLISION,COLISION,URBANA,CRUCE CON SEMAFORO FUNCIONANDO,IMPRUDENCIA DEL CONDUCTOR,CONDUCCION NO ATENTO CONDICIONES TRANSITO MOMENTO,PADRE HURTADO,JUAN MARTINEZ DE ROZAS,JUAN MARTINEZ DE ROZAS - PADRE HURTADO,0, , ,UNIDIRECCIONAL,CONCRETO,BUENO,HUMEDO,NUBLADO,0,1,0,0,8,81,8101,BiobÃ­o,ConcepciÃ³n,ConcepciÃ³n,Interseccion,"JUAN MARTINEZ DE ROZAS & PADRE HURTADO, ConcepciÃ³n",-36.825495,-73.063386,Moto_2024.csv
-8128846.99736271,-4430196.16949722,2477,2024,1598613,2024/03/01 00:00:00+00,Marzo,1,Viernes,1899/12/30 00:00:00+00,19:10:00,19,REGION BIO BIO,CHIGUAYANTE,COLISION PERPENDICULAR,COLISION,URBANA,CRUCE CON SENAL CEDA EL PASO,IMPRUDENCIA DEL CONDUCTOR,CONDUCCION NO ATENTO CONDICIONES TRANSITO MOMENTO,O'HIGGINS,PROGRESO,O'HIGGINS - PROGRESO,0, , ,BIDIRECCIONAL,CONCRETO,BUENO,SECO,DESPEJADO,0,0,0,1,8,81,8103,BiobÃ­o,ConcepciÃ³n,Chiguayante,Interseccion,"O'HIGGINS & PROGRESO, Chiguayante",-36.936046,-73.022675,Moto_2024.csv
-8138562.73988017,-4409413.73865924,2478,2024,1584384,2024/01/12 00:00:00+00,Enero,12,Viernes,1899/12/30 00:00:00+00,11:30:00,11,REGION BIO BIO,HUALPEN,CHOQUE,CHOQUE,URBANA,CRUCE SIN SENALIZACION,IMPRUDENCIA DEL CONDUCTOR,CONDUCCION CAMBIAR SORPRESIVAMENTE PISTA CIRCULACION,CRISTOBAL COLON,CALLEJON CIENTO VEINTE,CALLEJON CIENTO VEINTE - CRISTOBAL COLON,0, , ,BIDIRECCIONAL,CONCRETO,BUENO,SECO,DESPEJADO,0,0,0,0,8,81,8112,BiobÃ­o,ConcepciÃ³n,HualpÃ©n,Interseccion,"CALLEJON CIENTO VEINTE & CRISTOBAL COLON, HualpÃ©n",-36.786676,-73.109953,Moto_2024.csv
-8137125.73179089,-4416636.83116005,2497,2024,1630531,2024/08/10 00:00:00+00,Agosto,10,SÃ¡bado,1899/12/30 00:00:00+00,06:00:00,6,REGION BIO BIO,SAN PEDRO DE LA PAZ,VOLCADURA,VOLCADURA,RURAL,CRUCE CON SEMAFORO FUNCIONANDO,VELOCIDAD IMPRUDENTE,"VELOCIDAD NO REDUCIR CRUCE DE CALLES, CUMBRE, CURVA, ETC.", , , ,0,RUTA 160,2,BIDIRECCIONAL CON BANDEJON,CONCRETO,BUENO,MOJADO,LLUVIA,0,0,0,1,8,81,8108,BiobÃ­o,ConcepciÃ³n,San Pedro de la Paz,Ruta,RUTA 160 km 2,-36.838624,-73.097044,Moto_2024.csv
-8135147.56617196,-4408008.08158233,2533,2024,1634405,2024/08/13 00:00:00+00,Agosto,13,Martes,1899/12/30 00:00:00+00,12:50:00,12,REGION BIO BIO,TALCAHUANO,CHOQUE LADO/LADO,CHOQUE,RURAL,CRUCE CON SEMAFORO FUNCIONANDO,IMPRUDENCIA DEL CONDUCTOR,ADELANTAMIENTO SIN EL ESPACIO O TIEMPO SUFICIENTE, , , ,0,RUTA 154,"5,9",BIDIRECCIONAL CON BANDEJON,CONCRETO,BUENO,SECO,DESPEJADO,0,0,0,0,8,81,8110,BiobÃ­o,ConcepciÃ³n,Talcahuano,Ruta,"RUTA 154 km 5,9",-36.776563,-73.079274,Moto_2024.csv
-8141230.8454355,-4416512.09594403,2535,2024,1598872,2024/03/16 00:00:00+00,Marzo,16,SÃ¡bado,1899/12/30 00:00:00+00,08:05:00,8,REGION BIO BIO,SAN PEDRO DE LA PAZ,VOLCADURA,VOLCADURA,URBANA,CRUCE CON SENAL PARE,VELOCIDAD IMPRUDENTE,VELOCIDAD NO RAZONABLE NI PRUDENTE,DANIEL BELMAR,SEGUNDA LONGITUDINAL,DANIEL BELMAR - SEGUNDA LONGITUDINAL,0, , ,BIDIRECCIONAL CON BANDEJON,CONCRETO,BUENO,SECO,DESPEJADO,0,1,0,0,8,81,8108,BiobÃ­o,ConcepciÃ³n,San Pedro de la Paz,Interseccion,"DANIEL BELMAR & SEGUNDA LONGITUDINAL, San Pedro de la Paz",-36.837727,-73.133921,Moto_2024.csv
-8142442.78073176,-4416503.61140785,2540,2024,1598874,2024/03/11 00:00:00+00,Marzo,11,Lunes,1899/12/30 00:00:00+00,21:15:00,21,REGION BIO BIO,SAN PEDRO DE LA PAZ,COLISION LATERAL,COLISION,URBANA,CRUCE SIN SENALIZACION,IMPRUDENCIA DEL CONDUCTOR,CONDUCCION NO ATENTO CONDICIONES TRANSITO MOMENTO,O'CARROL,PASAJE DOS,O'CARROL - PASAJE DOS,0, , ,BIDIRECCIONAL,CONCRETO,BUENO,SECO,DESPEJADO,0,0,0,0,8,81,8108,BiobÃ­o,ConcepciÃ³n,San Pedro de la Paz,Interseccion,"O'CARROL & PASAJE DOS, San Pedro de la Paz",-36.837666,-73.144808,Moto_2024.csv
-8135745.22896307,-4406770.84893366,2542,2024,1634401,2024/08/16 00:00:00+00,Agosto,16,Viernes,1899/12/30 00:00:00+00,08:30:00,8,REGION BIO BIO,TALCAHUANO,VOLCADURA,VOLCADURA,RURAL,TRAMO DE VIA RECTA,VELOCIDAD IMPRUDENTE,VELOCIDAD NO RAZONABLE NI PRUDENTE, , , ,0,RUTA 154,7,BIDIRECCIONAL CON BANDEJON,CONCRETO,BUENO,SECO,DESPEJADO,0,0,1,0,8,81,8110,BiobÃ­o,ConcepciÃ³n,Talcahuano,Ruta,RUTA 154 km 7,-36.76766,-73.084643,Moto_2024.csv
-8137594.95255052,-4416638.29711105,2544,2024,1598880,2024/03/13 00:00:00+00,Marzo,13,MiÃ©rcoles,1899/12/30 00:00:00+00,17:30:00,17,REGION BIO BIO,SAN PEDRO DE LA PAZ,ATROPELLO,ATROPELLO,URBANA,CRUCE CON SEMAFORO FUNCIONANDO,IMPRUDENCIA DEL PEATON,PEATON CRUZA CALZADA FORMA SORPRESIVA O DESCUIDADA,PEDRO AGUIRRE CERDA,LOS CANELOS,LOS CANELOS - PEDRO AGUIRRE CERDA,0, , ,BIDIRECCIONAL CON BANDEJON,CONCRETO,BUENO,SECO,DESPEJADO,0,0,0,0,8,81,8108,BiobÃ­o,ConcepciÃ³n,San Pedro de la Paz,Interseccion,"LOS CANELOS & PEDRO AGUIRRE CERDA, San Pedro de la Paz",-36.838634,-73.101259,Moto_2024.csv
-8139531.9986865,-4416444.08075415,2571,2024,1598903,2024/03/22 00:00:00+00,Marzo,22,Viernes,1899/12/30 00:00:00+00,11:55:00,11,REGION BIO BIO,SAN PEDRO DE LA PAZ,CHOQUE LADO/LADO,CHOQUE,URBANA,CRUCE CON SEMAFORO FUNCIONANDO,IMPRUDENCIA DEL CONDUCTOR,ADELANTAMIENTO SIN EL ESPACIO O TIEMPO SUFICIENTE,PEDRO AGUIRRE CERDA,DIAGONAL BIOBIO,DIAGONAL BIOBIO - PEDRO AGUIRRE CERDA,0, , ,BIDIRECCIONAL CON BANDEJON,CONCRETO,BUENO,SECO,DESPEJADO,0,0,0,1,8,81,8108,BiobÃ­o,ConcepciÃ³n,San Pedro de la Paz,Interseccion,"DIAGONAL BIOBIO & PEDRO AGUIRRE CERDA, San Pedro de la Paz",-36.837238,-73.11866,Moto_2024.csv
-8133434.58489779,-4414486.15297952,2598,2024,1585179,2024/01/11 00:00:00+00,Enero,11,Jueves,1899/12/30 00:00:00+00,18:00:00,18,REGION BIO BIO,CONCEPCION,CHOQUE,CHOQUE,URBANA,TRAMO DE VIA RECTA,IMPRUDENCIA DEL CONDUCTOR,CONDUCCION SIN MANTENER DISTANCIA RAZONABLE NI PRUDENTE,PADRE HURTADO,GENERAL CRUZ,GENERAL CRUZ - PADRE HURTADO,0, , ,UNIDIRECCIONAL,CONCRETO,BUENO,SECO,DESPEJADO,0,0,0,1,8,81,8101,BiobÃ­o,ConcepciÃ³n,ConcepciÃ³n,Interseccion,"GENERAL CRUZ & PADRE HURTADO, ConcepciÃ³n",-36.82316,-73.063886,Moto_2024.csv
-8133979.87556428,-4420439.73200667,2605,2024,1632599,2024/08/24 00:00:00+00,Agosto,24,SÃ¡bado,1899/12/30 00:00:00+00,21:20:00,21,REGION BIO BIO,SAN PEDRO DE LA PAZ,CHOQUE LATERAL,CHOQUE,RURAL,TRAMO DE VIA RECTA,IMPRUDENCIA DEL CONDUCTOR,VIRAJES INDEBIDOS, , , ,0,RUTA 156,"2,6",BIDIRECCIONAL,CONCRETO,BUENO,SECO,DESPEJADO,0,0,0,2,8,81,8108,BiobÃ­o,ConcepciÃ³n,San Pedro de la Paz,Ruta,"RUTA 156 km 2,6",-36.86596,-73.068784,Moto_2024.csv
-8141188.19136885,-4419431.35226451,2627,2024,1633160,2024/08/28 00:00:00+00,Agosto,28,MiÃ©rcoles,1899/12/30 00:00:00+00,16:30:00,16,REGION BIO BIO,SAN PEDRO DE LA PAZ,CHOQUE LADO/LADO,CHOQUE,RURAL,CRUCE CON SEMAFORO FUNCIONANDO,IMPRUDENCIA DEL CONDUCTOR,ADELANTAMIENTO SIN EL ESPACIO O TIEMPO SUFICIENTE, , , ,0,RUTA 160,7,BIDIRECCIONAL CON BANDEJON,CONCRETO,BUENO,SECO,DESPEJADO,0,0,0,0,8,81,8108,BiobÃ­o,ConcepciÃ³n,San Pedro de la Paz,Ruta,RUTA 160 km 7,-36.858712,-73.133538,Moto_2024.csv
-8131182.59159904,-4414007.22620032,2649,2024,1585510,2024/01/15 00:00:00+00,Enero,15,Lunes,1899/12/30 00:00:00+00,20:45:00,20,REGION BIO BIO,CONCEPCION,COLISION POR ALCANCE,COLISION,URBANA,TRAMO DE VIA RECTA,IMPRUDENCIA DEL CONDUCTOR,CONDUCCION SIN MANTENER DISTANCIA RAZONABLE NI PRUDENTE,LOS CARRERA,PAICAVI,LOS CARRERA - PAICAVI,0, , ,UNIDIRECCIONAL,CONCRETO,BUENO,SECO,DESPEJADO,0,0,0,0,8,81,8101,BiobÃ­o,ConcepciÃ³n,ConcepciÃ³n,Interseccion,"LOS CARRERA & PAICAVI, ConcepciÃ³n",-36.819716,-73.043656,Moto_2024.csv
-8135745.22896307,-4406770.84893366,2686,2024,1637161,2024/09/10 00:00:00+00,Septiembre,10,Martes,1899/12/30 00:00:00+00,00:20:00,0,REGION BIO BIO,TALCAHUANO,COLISION POR ALCANCE,COLISION,RURAL,TRAMO DE VIA RECTA,IMPRUDENCIA DEL CONDUCTOR,CONDUCCION SIN MANTENER DISTANCIA RAZONABLE NI PRUDENTE, , , ,0,RUTA 154,7,BIDIRECCIONAL CON BANDEJON,CONCRETO,BUENO,SECO,DESPEJADO,0,0,1,0,8,81,8110,BiobÃ­o,ConcepciÃ³n,Talcahuano,Ruta,RUTA 154 km 7,-36.76766,-73.084643,Moto_2024.csv
-8141812.71241387,-4400083.26886673,2717,2024,1585864,2024/01/16 00:00:00+00,Enero,16,Martes,1899/12/30 00:00:00+00,22:16:00,22,REGION BIO BIO,TALCAHUANO,COLISION LATERAL,COLISION,URBANA,CRUCE SIN SENALIZACION,IMPRUDENCIA DEL CONDUCTOR,NO RESPETAR DERECHO PREFERENTE DE PASO A VEHICULO,LOS HALCONES,LOS LOBOS,LOS HALCONES - LOS LOBOS,0, , ,BIDIRECCIONAL,CONCRETO,BUENO,SECO,DESPEJADO,0,0,0,1,8,81,8110,BiobÃ­o,ConcepciÃ³n,Talcahuano,Interseccion,"LOS HALCONES & LOS LOBOS, Talcahuano",-36.71952,-73.139148,Moto_2024.csv
-8138207.40806555,-4400868.78311547,2721,2024,1585877,2024/01/16 00:00:00+00,Enero,16,Martes,1899/12/30 00:00:00+00,19:10:00,19,REGION BIO BIO,TALCAHUANO,COLISION LATERAL,COLISION,URBANA,CRUCE CON SEMAFORO FUNCIONANDO,DESOBEDIENCIA A SEÃALIZACION,SENALIZACION DESOBEDECER LUZ ROJA DE SEMAFORO,MANUEL RODRIGUEZ,CRISTOBAL COLON,CRISTOBAL COLON - MANUEL RODRIGUEZ,0, , ,BIDIRECCIONAL,CONCRETO,BUENO,SECO,DESPEJADO,0,0,0,1,8,81,8110,BiobÃ­o,ConcepciÃ³n,Talcahuano,Interseccion,"CRISTOBAL COLON & MANUEL RODRIGUEZ, Talcahuano",-36.725176,-73.106761,Moto_2024.csv
-8136524.9252817,-4417291.7285168,2736,2024,1593472,2024/02/02 00:00:00+00,Febrero,2,Viernes,1899/12/30 00:00:00+00,19:10:00,19,REGION BIO BIO,SAN PEDRO DE LA PAZ,COLISION FRONTAL,COLISION,URBANA,CRUCE SIN SENALIZACION,IMPRUDENCIA DEL CONDUCTOR,CONDUCCION NO ATENTO CONDICIONES TRANSITO MOMENTO,COSTANERA,ELIAS,COSTANERA - ELIAS,0, , ,BIDIRECCIONAL,CONCRETO,BUENO,SECO,DESPEJADO,0,0,0,1,8,81,8108,BiobÃ­o,ConcepciÃ³n,San Pedro de la Paz,Interseccion,"COSTANERA & ELIAS, San Pedro de la Paz",-36.843332,-73.091647,Moto_2024.csv
-8139661.68589327,-4416412.0901199,2751,2024,1593491,2024/02/06 00:00:00+00,Febrero,6,Martes,1899/12/30 00:00:00+00,14:20:00,14,REGION BIO BIO,SAN PEDRO DE LA PAZ,CHOQUE FRENTE/POSTERIOR,CHOQUE,URBANA,CRUCE CON SEMAFORO FUNCIONANDO,IMPRUDENCIA DEL CONDUCTOR,CONDUCCION SIN MANTENER DISTANCIA RAZONABLE NI PRUDENTE,PEDRO AGUIRRE CERDA,LOS CLAVELES,LOS CLAVELES - PEDRO AGUIRRE CERDA,0, , ,BIDIRECCIONAL CON BANDEJON,ASFALTO,BUENO,SECO,DESPEJADO,0,0,0,1,8,81,8108,BiobÃ­o,ConcepciÃ³n,San Pedro de la Paz,Interseccion,"LOS CLAVELES & PEDRO AGUIRRE CERDA, San Pedro de la Paz",-36.837008,-73.119825,Moto_2024.csv
-8141230.8454355,-4416512.09594403,2753,2024,1593513,2024/02/07 00:00:00+00,Febrero,7,MiÃ©rcoles,1899/12/30 00:00:00+00,18:40:00,18,REGION BIO BIO,SAN PEDRO DE LA PAZ,COLISION LATERAL,COLISION,URBANA,CRUCE CON SENAL PARE,IMPRUDENCIA DEL CONDUCTOR,CONDUCCION NO ATENTO CONDICIONES TRANSITO MOMENTO,DANIEL BELMAR,SEGUNDA LONGITUDINAL,DANIEL BELMAR - SEGUNDA LONGITUDINAL,0, , ,BIDIRECCIONAL CON BANDEJON,CONCRETO,BUENO,SECO,DESPEJADO,0,1,0,1,8,81,8108,BiobÃ­o,ConcepciÃ³n,San Pedro de la Paz,Interseccion,"DANIEL BELMAR & SEGUNDA LONGITUDINAL, San Pedro de la Paz",-36.837727,-73.133921,Moto_2024.csv
-8135852.83958899,-4406544.94060371,2784,2024,1641380,2024/09/22 00:00:00+00,Septiembre,22,Domingo,1899/12/30 00:00:00+00,20:30:00,20,REGION BIO BIO,TALCAHUANO,VOLCADURA,VOLCADURA,RURAL,TRAMO DE VIA RECTA,VELOCIDAD IMPRUDENTE,VELOCIDAD NO RAZONABLE NI PRUDENTE, , , ,0,RUTA 154,"7,2",BIDIRECCIONAL CON BANDEJON,CONCRETO,BUENO,SECO,DESPEJADO,0,0,0,0,8,81,8110,BiobÃ­o,ConcepciÃ³n,Talcahuano,Ruta,"RUTA 154 km 7,2",-36.766034,-73.08561,Moto_2024.csv
-8137429.31462513,-4416653.23324572,2789,2024,1599738,2024/03/22 00:00:00+00,Marzo,22,Viernes,1899/12/30 00:00:00+00,17:40:00,17,REGION BIO BIO,SAN PEDRO DE LA PAZ,COLISION LATERAL,COLISION,URBANA,CRUCE CON SEMAFORO FUNCIONANDO,IMPRUDENCIA DEL CONDUCTOR,CONDUCCION CAMBIAR SORPRESIVAMENTE PISTA CIRCULACION,PEDRO AGUIRRE CERDA,PRESIDENTE JORGE ALESSANDRI,PEDRO AGUIRRE CERDA - PRESIDENTE JORGE ALESSANDRI,0, , ,UNIDIRECCIONAL,CONCRETO,BUENO,SECO,DESPEJADO,0,0,0,0,8,81,8108,BiobÃ­o,ConcepciÃ³n,San Pedro de la Paz,Interseccion,"PEDRO AGUIRRE CERDA & PRESIDENTE JORGE ALESSANDRI, San Pedro de la Paz",-36.838742,-73.099771,Moto_2024.csv
-8135990.81436488,-4410129.88089525,2827,2024,1599889,2024/03/27 00:00:00+00,Marzo,27,MiÃ©rcoles,1899/12/30 00:00:00+00,07:40:00,7,REGION BIO BIO,HUALPEN,COLISION,COLISION,URBANA,CRUCE SIN SENALIZACION,IMPRUDENCIA DEL CONDUCTOR,CONDUCCION SIN MANTENER DISTANCIA RAZONABLE NI PRUDENTE,CRISTOBAL COLON,PATRIA NUEVA,CRISTOBAL COLON - PATRIA NUEVA,0, , ,BIDIRECCIONAL,CONCRETO,BUENO,SECO,DESPEJADO,0,1,1,1,8,81,8112,BiobÃ­o,ConcepciÃ³n,HualpÃ©n,Interseccion,"CRISTOBAL COLON & PATRIA NUEVA, HualpÃ©n",-36.791828,-73.086849,Moto_2024.csv
-8135806.35801316,-4413642.37197994,2881,2024,1593976,2024/02/24 00:00:00+00,Febrero,24,SÃ¡bado,1899/12/30 00:00:00+00,13:54:00,13,REGION BIO BIO,SAN PEDRO DE LA PAZ,COLISION POR ALCANCE,COLISION,URBANA,ENLACE A DESNIVEL,IMPRUDENCIA DEL CONDUCTOR,CONDUCCION SIN MANTENER DISTANCIA RAZONABLE NI PRUDENTE,PUENTE JUAN PABLO II,PEDRO AGUIRRE CERDA,PEDRO AGUIRRE CERDA - PUENTE JUAN PABLO II,0, , ,BIDIRECCIONAL CON BANDEJON,ASFALTO,BUENO,SECO,DESPEJADO,0,1,0,0,8,81,8108,BiobÃ­o,ConcepciÃ³n,San Pedro de la Paz,Interseccion,"PEDRO AGUIRRE CERDA & PUENTE JUAN PABLO II, San Pedro de la Paz",-36.817092,-73.085192,Moto_2024.csv
-8136947.31233968,-4416653.15343435,2898,2024,1594032,2024/02/28 00:00:00+00,Febrero,28,MiÃ©rcoles,1899/12/30 00:00:00+00,14:00:00,14,REGION BIO BIO,SAN PEDRO DE LA PAZ,COLISION LATERAL,COLISION,URBANA,CRUCE CON SEMAFORO FUNCIONANDO,IMPRUDENCIA DEL CONDUCTOR,CONDUCCION NO ATENTO CONDICIONES TRANSITO MOMENTO,PEDRO AGUIRRE CERDA,VICTORIA,PEDRO AGUIRRE CERDA - VICTORIA,0, , ,BIDIRECCIONAL CON BANDEJON,CONCRETO,BUENO,SECO,DESPEJADO,0,0,0,2,8,81,8108,BiobÃ­o,ConcepciÃ³n,San Pedro de la Paz,Interseccion,"PEDRO AGUIRRE CERDA & VICTORIA, San Pedro de la Paz",-36.838741,-73.095441,Moto_2024.csv
-8049647.21013017,-4391657.31161594,2923,2024,1646325,2024/10/13 00:00:00+00,Octubre,13,Domingo,1899/12/30 00:00:00+00,22:30:00,22,REGION BIO BIO,TALCAHUANO,OTRO TIPO,OTRO TIPO,RURAL,TRAMO DE VIA RECTA,OTRAS CAUSAS,OTRAS CAUSAS, , , ,0,RUTA 152,"7,4",BIDIRECCIONAL,CONCRETO,BUENO,SECO,DESPEJADO,0,0,0,0,8,81,8110,BiobÃ­o,ConcepciÃ³n,Talcahuano,Ruta,"RUTA 152 km 7,4",-36.658824,-72.311211,Moto_2024.csv
-8138013.93479055,-4411189.72633268,2969,2024,1594412,2024/03/04 00:00:00+00,Marzo,4,Lunes,1899/12/30 00:00:00+00,07:40:00,7,REGION BIO BIO,HUALPEN,COLISION,COLISION,URBANA,CRUCE SIN SENALIZACION,IMPRUDENCIA DEL CONDUCTOR,NO RESPETAR DERECHO PREFERENTE DE PASO A VEHICULO,DURANGO,ATENAS,ATENAS - DURANGO,0, , ,BIDIRECCIONAL,CONCRETO,BUENO,SECO,DESPEJADO,0,0,0,0,8,81,8112,BiobÃ­o,ConcepciÃ³n,HualpÃ©n,Interseccion,"ATENAS & DURANGO, HualpÃ©n",-36.799452,-73.105023,Moto_2024.csv
-8139509.72999047,-4399852.3076835,3000,2024,1600371,2024/03/18 00:00:00+00,Marzo,18,Lunes,1899/12/30 00:00:00+00,12:00:00,12,REGION BIO BIO,TALCAHUANO,COLISION LATERAL,COLISION,URBANA,CRUCE CON SENAL PARE,DESOBEDIENCIA A SEÃALIZACION,SENALIZACION DESOBEDECER SENAL PARE,ALMIRANTE LATORRE,VALDIVIA,ALMIRANTE LATORRE - VALDIVIA,0, , ,BIDIRECCIONAL,CONCRETO,BUENO,SECO,DESPEJADO,0,0,0,1,8,81,8110,BiobÃ­o,ConcepciÃ³n,Talcahuano,Interseccion,"ALMIRANTE LATORRE & VALDIVIA, Talcahuano",-36.717857,-73.11846,Moto_2024.csv
-8129933.58691234,-4413554.3236935,3047,2024,1587572,2024/01/23 00:00:00+00,Enero,23,Martes,1899/12/30 00:00:00+00,08:00:00,8,REGION BIO BIO,CONCEPCION,COLISION POR ALCANCE,COLISION,URBANA,TRAMO DE VIA RECTA,IMPRUDENCIA DEL CONDUCTOR,ADELANTAMIENTO SOBREPASANDO LINEA CONTINUA,JUAN BOSCO,MAIPU,JUAN BOSCO - MAIPU,0, , ,UNIDIRECCIONAL,CONCRETO,BUENO,SECO,DESPEJADO,0,0,0,1,8,81,8101,BiobÃ­o,ConcepciÃ³n,ConcepciÃ³n,Interseccion,"JUAN BOSCO & MAIPU, ConcepciÃ³n",-36.816459,-73.032436,Moto_2024.csv
-8136947.31233968,-4416653.15343435,3053,2024,1594859,2024/03/03 00:00:00+00,Marzo,3,Domingo,1899/12/30 00:00:00+00,07:50:00,7,REGION BIO BIO,SAN PEDRO DE LA PAZ,COLISION LATERAL,COLISION,URBANA,CRUCE CON SEMAFORO FUNCIONANDO,DESOBEDIENCIA A SEÃALIZACION,SENALIZACION DESOBEDECER LUZ ROJA DE SEMAFORO,PEDRO AGUIRRE CERDA,VICTORIA,PEDRO AGUIRRE CERDA - VICTORIA,0, , ,BIDIRECCIONAL CON BANDEJON,CONCRETO,BUENO,SECO,DESPEJADO,0,0,1,0,8,81,8108,BiobÃ­o,ConcepciÃ³n,San Pedro de la Paz,Interseccion,"PEDRO AGUIRRE CERDA & VICTORIA, San Pedro de la Paz",-36.838741,-73.095441,Moto_2024.csv
-8134868.15730023,-4411930.1793777,3075,2024,1594930,2024/03/05 00:00:00+00,Marzo,5,Martes,1899/12/30 00:00:00+00,20:55:00,20,REGION BIO BIO,HUALPEN,COLISION,COLISION,URBANA,TRAMO DE VIA RECTA,IMPRUDENCIA DEL CONDUCTOR,CONDUCCION NO ATENTO CONDICIONES TRANSITO MOMENTO,COSTANERA,PRESIDENTE JORGE ALESSANDRI RODRIGUEZ,COSTANERA - PRESIDENTE JORGE ALESSANDRI RODRIGUEZ,0, , ,BIDIRECCIONAL,CONCRETO,BUENO,SECO,DESPEJADO,0,0,0,1,8,81,8112,BiobÃ­o,ConcepciÃ³n,HualpÃ©n,Interseccion,"COSTANERA & PRESIDENTE JORGE ALESSANDRI RODRIGUEZ, HualpÃ©n",-36.804778,-73.076764,Moto_2024.csv
-8131137.06192731,-4414895.70531524,3120,2024,1587917,2024/01/27 00:00:00+00,Enero,27,SÃ¡bado,1899/12/30 00:00:00+00,00:00:00,0,REGION BIO BIO,CONCEPCION,CHOQUE,CHOQUE,URBANA,TRAMO DE VIA RECTA,IMPRUDENCIA DEL CONDUCTOR,CONDUCCION NO ATENTO CONDICIONES TRANSITO MOMENTO,DIAGONAL PEDRO AGUIRRE CERDA,SAN MARTIN,DIAGONAL PEDRO AGUIRRE CERDA - SAN MARTIN,0, , ,UNIDIRECCIONAL,CONCRETO,BUENO,SECO,DESPEJADO,0,1,0,0,8,81,8101,BiobÃ­o,ConcepciÃ³n,ConcepciÃ³n,Interseccion,"DIAGONAL PEDRO AGUIRRE CERDA & SAN MARTIN, ConcepciÃ³n",-36.826105,-73.043247,Moto_2024.csv
-8141985.81423319,-4417430.24629884,3229,2024,1588414,2024/01/25 00:00:00+00,Enero,25,Jueves,1899/12/30 00:00:00+00,00:00:00,0,REGION BIO BIO,SAN PEDRO DE LA PAZ,CHOQUE FRONTAL,CHOQUE,URBANA,CRUCE CON SEMAFORO FUNCIONANDO,OTRAS CAUSAS,HECHO DELICTUAL,RENE SCHNEIDER,MICHAIHUE,MICHAIHUE - RENE SCHNEIDER,0, , ,BIDIRECCIONAL,CONCRETO,BUENO,SECO,DESPEJADO,0,0,0,0,8,81,8108,BiobÃ­o,ConcepciÃ³n,San Pedro de la Paz,Interseccion,"MICHAIHUE & RENE SCHNEIDER, San Pedro de la Paz",-36.844328,-73.140703,Moto_2024.csv
-8138512.43334436,-4417200.50360213,3238,2024,1588441,2024/01/30 00:00:00+00,Enero,30,Martes,1899/12/30 00:00:00+00,19:50:00,19,REGION BIO BIO,SAN PEDRO DE LA PAZ,CHOQUE FRENTE/LADO,CHOQUE,URBANA,CRUCE CON SENAL CEDA EL PASO,IMPRUDENCIA DEL CONDUCTOR,CONDUCCION NO ATENTO CONDICIONES TRANSITO MOMENTO,LOS ACACIOS,LAS ARAUCARIAS,LAS ARAUCARIAS - LOS ACACIOS,0, , ,BIDIRECCIONAL CON BANDEJON,CONCRETO,BUENO,SECO,DESPEJADO,0,0,0,1,8,81,8108,BiobÃ­o,ConcepciÃ³n,San Pedro de la Paz,Interseccion,"LAS ARAUCARIAS & LOS ACACIOS, San Pedro de la Paz",-36.842676,-73.109501,Moto_2024.csv
-8129170.71444193,-4430368.72648866,3287,2024,1601502,2024/03/12 00:00:00+00,Marzo,12,Martes,1899/12/30 00:00:00+00,21:00:00,21,REGION BIO BIO,CHIGUAYANTE,COLISION FRONTAL,COLISION,URBANA,TRAMO DE VIA RECTA,IMPRUDENCIA DEL CONDUCTOR,CONDUCCION NO ATENTO CONDICIONES TRANSITO MOMENTO,PROGRESO,PASAJE SEIS,PASAJE SEIS - PROGRESO,0, , ,BIDIRECCIONAL,CONCRETO,BUENO,SECO,DESPEJADO,0,0,0,1,8,81,8103,BiobÃ­o,ConcepciÃ³n,Chiguayante,Interseccion,"PASAJE SEIS & PROGRESO, Chiguayante",-36.937285,-73.025583,Moto_2024.csv