ï»¿X,Y,FID,AÃ±o,IdAccident,Fecha,Mes,Dia_mes,Dia_semana,Hora,Hora_texto,Hora_aprox,RegiÃ³n,Comuna,Tipo_Accid,Tipo__CONA,Zona,UbicaciÃ³n,Causa__CON,Causa_Acci,Calle_Uno,Calle_Dos,Intersecci,NÃºmero,Ruta,Ubicaci_1,Calzada,Tipo_Calza,Estado_Cal,CondiciÃ³n,Estado_Atm,Fallecidos,Graves,Menos_Grav,Leves,CUT_REG,CUT_PROV,CUT_COM,REGION,PROVINCIA,COMUNA1,Tipo_direc,Direccion,Lat,Lon,Archivo_Origen
-8127683.04076697,-4433298.72402218,3347,2024,1601674,2024/03/12 00:00:00+00,Marzo,12,Martes,1899/12/30 00:00:00+00,08:10:00,8,REGION BIO BIO,CHIGUAYANTE,COLISION PERPENDICULAR,COLISION,URBANA,TRAMO DE VIA RECTA,IMPRUDENCIA DEL CONDUCTOR,CONDUCCION NO ATENTO CONDICIONES TRANSITO MOMENTO,MANUEL RODRIGUEZ,12 DE OCTUBRE,12 DE OCTUBRE - MANUEL RODRIGUEZ,0, , ,BIDIRECCIONAL,ASFALTO,BUENO,MOJADO,LLUVIA,0,1,0,0,8,81,8103,BiobÃ­o,ConcepciÃ³n,Chiguayante,Interseccion,"12 DE OCTUBRE & MANUEL RODRIGUEZ, Chiguayante",-36.95832,-73.012219,Moto_2024.csv
-8135745.22896307,-4406770.84893366,3352,2024,1655121,2024/12/01 00:00:00+00,Diciembre,1,Domingo,1899/12/30 00:00:00+00,22:50:00,22,REGION BIO BIO,TALCAHUANO,ATROPELLO,ATROPELLO,RURAL,TRAMO DE VIA RECTA,IMPRUDENCIA DEL PEATON,PEATON CRUZA CALZADA FORMA SORPRESIVA O DESCUIDADA, , , ,0,RUTA 154,7,BIDIRECCIONAL CON BANDEJON,CONCRETO,BUENO,SECO,DESPEJADO,0,0,1,1,8,81,8110,BiobÃ­o,ConcepciÃ³n,Talcahuano,Ruta,RUTA 154 km 7,-36.76766,-73.084643,Moto_2024.csv
-8130886.37043404,-4414768.31824791,3357,2024,1601716,2024/04/01 00:00:00+00,Abril,1,Lunes,1899/12/30 00:00:00+00,21:35:00,21,REGION BIO BIO,CONCEPCION,COLISION LATERAL,COLISION,URBANA,CRUCE CON SEMAFORO FUNCIONANDO,IMPRUDENCIA DEL CONDUCTOR,CONDUCCION NO ATENTO CONDICIONES TRANSITO MOMENTO,SAN MARTIN,PAICAVI,PAICAVI - SAN MARTIN,0, , ,UNIDIRECCIONAL,CONCRETO,BUENO,SECO,DESPEJADO,0,0,0,1,8,81,8101,BiobÃ­o,ConcepciÃ³n,ConcepciÃ³n,Interseccion,"PAICAVI & SAN MARTIN, ConcepciÃ³n",-36.825189,-73.040995,Moto_2024.csv
-8135690.36708899,-4406881.18569501,3364,2024,1655123,2024/12/02 00:00:00+00,Diciembre,2,Lunes,1899/12/30 00:00:00+00,08:35:00,8,REGION BIO BIO,TALCAHUANO,COLISION LATERAL,COLISION,RURAL,TRAMO DE VIA RECTA,IMPRUDENCIA DEL CONDUCTOR,ADELANTAMIENTO SIN EL ESPACIO O TIEMPO SUFICIENTE, , , ,0,RUTA 154,"6,9",BIDIRECCIONAL CON BANDEJON,CONCRETO,BUENO,SECO,DESPEJADO,0,0,1,0,8,81,8110,BiobÃ­o,ConcepciÃ³n,Talcahuano,Ruta,"RUTA 154 km 6,9",-36.768454,-73.08415,Moto_2024.csv
-8133184.95093969,-4415417.93869766,3365,2024,1601740,2024/04/02 00:00:00+00,Abril,2,Martes,1899/12/30 00:00:00+00,20:15:00,20,REGION BIO BIO,CONCEPCION,ATROPELLO,ATROPELLO,URBANA,TRAMO DE VIA RECTA,IMPRUDENCIA DEL PEATON,IMPRUDENCIA DEL PEATON,PASCUAL BINIMELIS,FREIRE PONIENTE,FREIRE PONIENTE - PASCUAL BINIMELIS,0, , ,UNIDIRECCIONAL,CONCRETO,BUENO,SECO,DESPEJADO,0,0,0,2,8,81,8101,BiobÃ­o,ConcepciÃ³n,ConcepciÃ³n,Interseccion,"FREIRE PONIENTE & PASCUAL BINIMELIS, ConcepciÃ³n",-36.82986,-73.061644,Moto_2024.csv
-8136352.23387508,-4408733.02560576,3425,2024,1602074,2024/04/05 00:00:00+00,Abril,5,Viernes,1899/12/30 00:00:00+00,17:30:00,17,REGION BIO BIO,TALCAHUANO,COLISION,COLISION,URBANA,CRUCE CON SENAL CEDA EL PASO,IMPRUDENCIA DEL CONDUCTOR,NO RESPETAR DERECHO PREFERENTE DE PASO A VEHICULO,2 PONIENTE,LAS GOLONDRINAS,2 PONIENTE - LAS GOLONDRINAS,0, , ,BIDIRECCIONAL,CONCRETO,BUENO,SECO,DESPEJADO,0,0,0,1,8,81,8110,BiobÃ­o,ConcepciÃ³n,Talcahuano,Interseccion,"2 PONIENTE & LAS GOLONDRINAS, Talcahuano",-36.781779,-73.090096,Moto_2024.csv
-8132817.42964083,-4413093.65387129,3477,2024,1589649,2024/01/13 00:00:00+00,Enero,13,SÃ¡bado,1899/12/30 00:00:00+00,22:30:00,22,REGION BIO BIO,CONCEPCION,COLISION LATERAL,COLISION,URBANA,CRUCE CON SENAL CEDA EL PASO,IMPRUDENCIA DEL CONDUCTOR,CONDUCCION NO ATENTO CONDICIONES TRANSITO MOMENTO,EJERCITO,ANIBAL PINTO,ANIBAL PINTO - EJERCITO,0, , ,BIDIRECCIONAL,CONCRETO,BUENO,SECO,DESPEJADO,0,0,1,0,8,81,8101,BiobÃ­o,ConcepciÃ³n,ConcepciÃ³n,Interseccion,"ANIBAL PINTO & EJERCITO, ConcepciÃ³n",-36.813146,-73.058342,Moto_2024.csv
-8136404.47759266,-4416698.20107904,3486,2024,1602339,2024/04/06 00:00:00+00,Abril,6,SÃ¡bado,1899/12/30 00:00:00+00,20:00:00,20,REGION BIO BIO,SAN PEDRO DE LA PAZ,COLISION PERPENDICULAR,COLISION,URBANA,CRUCE CON SEMAFORO FUNCIONANDO,DESOBEDIENCIA A SEÃALIZACION,SENALIZACION DESOBEDECER LUZ ROJA DE SEMAFORO,PEDRO AGUIRRE CERDA,PINCHEIRA,PEDRO AGUIRRE CERDA - PINCHEIRA,0, , ,BIDIRECCIONAL CON BANDEJON,CONCRETO,BUENO,SECO,DESPEJADO,0,1,0,0,8,81,8108,BiobÃ­o,ConcepciÃ³n,San Pedro de la Paz,Interseccion,"PEDRO AGUIRRE CERDA & PINCHEIRA, San Pedro de la Paz",-36.839065,-73.090565,Moto_2024.csv
-8135806.3600837,-4416740.79271237,3494,2024,1602351,2024/04/02 00:00:00+00,Abril,2,Martes,1899/12/30 00:00:00+00,20:30:00,20,REGION BIO BIO,SAN PEDRO DE LA PAZ,COLISION POR ALCANCE,COLISION,URBANA,CRUCE CON SEMAFORO FUNCIONANDO,IMPRUDENCIA DEL CONDUCTOR,CONDUCCION NO ATENTO CONDICIONES TRANSITO MOMENTO,PEDRO AGUIRRE CERDA,SAN PEDRO,PEDRO AGUIRRE CERDA - SAN PEDRO,0, , ,BIDIRECCIONAL CON BANDEJON,CONCRETO,BUENO,SECO,DESPEJADO,0,0,0,0,8,81,8108,BiobÃ­o,ConcepciÃ³n,San Pedro de la Paz,Interseccion,"PEDRO AGUIRRE CERDA & SAN PEDRO, San Pedro de la Paz",-36.839371,-73.085192,Moto_2024.csv
-8084131.71454375,-4409364.34209127,3499,2024,1657051,2024/12/13 00:00:00+00,Diciembre,13,Viernes,1899/12/30 00:00:00+00,23:40:00,23,REGION BIO BIO,CONCEPCION,VOLCADURA,VOLCADURA,RURAL,TRAMO DE VIA RECTA,FALLAS MECANICAS,FALLAS MECANICAS NEUMATICOS, , , ,0,RUTA 148,"33,9",BIDIRECCIONAL CON BANDEJON,CONCRETO,BUENO,SECO,DESPEJADO,0,0,1,0,8,81,8101,BiobÃ­o,ConcepciÃ³n,ConcepciÃ³n,Ruta,"RUTA 148 km 33,9",-36.786321,-72.620991,Moto_2024.csv
-8139165.86888128,-4416550.9023515,3504,2024,1602403,2024/04/05 00:00:00+00,Abril,5,Viernes,1899/12/30 00:00:00+00,07:30:00,7,REGION BIO BIO,SAN PEDRO DE LA PAZ,COLISION LATERAL,COLISION,URBANA,CRUCE CON SEMAFORO FUNCIONANDO,IMPRUDENCIA DEL CONDUCTOR,CONDUCCION CAMBIAR SORPRESIVAMENTE PISTA CIRCULACION,PEDRO AGUIRRE CERDA,LOS AVELLANOS,LOS AVELLANOS - PEDRO AGUIRRE CERDA,0, , ,BIDIRECCIONAL CON BANDEJON,CONCRETO,BUENO,SECO,DESPEJADO,0,0,0,1,8,81,8108,BiobÃ­o,ConcepciÃ³n,San Pedro de la Paz,Interseccion,"LOS AVELLANOS & PEDRO AGUIRRE CERDA, San Pedro de la Paz",-36.838006,-73.115371,Moto_2024.csv
-8130384.20821107,-4412906.91654663,3523,2024,1589994,2024/01/25 00:00:00+00,Enero,25,Jueves,1899/12/30 00:00:00+00,12:30:00,12,REGION BIO BIO,CONCEPCION,COLISION LATERAL,COLISION,URBANA,TRAMO DE VIA RECTA,IMPRUDENCIA DEL CONDUCTOR,CONDUCCION NO ATENTO CONDICIONES TRANSITO MOMENTO,CAMILO HENRIQUEZ,CARDENIO AVELLO,CAMILO HENRIQUEZ - CARDENIO AVELLO,0, , ,BIDIRECCIONAL,CONCRETO,BUENO,SECO,DESPEJADO,0,1,0,0,8,81,8101,BiobÃ­o,ConcepciÃ³n,ConcepciÃ³n,Interseccion,"CAMILO HENRIQUEZ & CARDENIO AVELLO, ConcepciÃ³n",-36.811803,-73.036484,Moto_2024.csv
-8132071.92301099,-4412481.59037107,3568,2024,1602757,2024/03/30 00:00:00+00,Marzo,30,SÃ¡bado,1899/12/30 00:00:00+00,20:10:00,20,REGION BIO BIO,CONCEPCION,COLISION LATERAL,COLISION,URBANA,CRUCE CON SEMAFORO FUNCIONANDO,DESOBEDIENCIA A SEÃALIZACION,SENALIZACION DESOBEDECER LUZ ROJA DE SEMAFORO,PAICAVI,JUAN DE DIOS RIVERA,JUAN DE DIOS RIVERA - PAICAVI,0, , ,BIDIRECCIONAL CON BANDEJON,CONCRETO,BUENO,SECO,DESPEJADO,0,0,0,1,8,81,8101,BiobÃ­o,ConcepciÃ³n,ConcepciÃ³n,Interseccion,"JUAN DE DIOS RIVERA & PAICAVI, ConcepciÃ³n",-36.808744,-73.051645,Moto_2024.csv
-8133085.59829415,-4415011.13377835,3697,2024,1597208,2024/03/11 00:00:00+00,Marzo,11,Lunes,1899/12/30 00:00:00+00,15:10:00,15,REGION BIO BIO,CONCEPCION,COLISION FRONTAL,COLISION,URBANA,CRUCE CON SEMAFORO FUNCIONANDO,IMPRUDENCIA DEL CONDUCTOR,CONDUCCION NO ATENTO CONDICIONES TRANSITO MOMENTO,ARTURO PRAT,LOS CARRERA,ARTURO PRAT - LOS CARRERA,0, , ,UNIDIRECCIONAL,CONCRETO,BUENO,SECO,DESPEJADO,0,1,0,0,8,81,8101,BiobÃ­o,ConcepciÃ³n,ConcepciÃ³n,Interseccion,"ARTURO PRAT & LOS CARRERA, ConcepciÃ³n",-36.826935,-73.060751,Moto_2024.csv
-8132652.34283599,-4414788.76126625,3714,2024,1597233,2024/03/12 00:00:00+00,Marzo,12,Martes,1899/12/30 00:00:00+00,14:00:00,14,REGION BIO BIO,CONCEPCION,COLISION LATERAL,COLISION,URBANA,CRUCE CON SEMAFORO FUNCIONANDO,IMPRUDENCIA DEL CONDUCTOR,CONDUCCION NO ATENTO CONDICIONES TRANSITO MOMENTO,LOS CARRERA,ANGOL,ANGOL - LOS CARRERA,0, , ,BIDIRECCIONAL CON BANDEJON,CONCRETO,BUENO,SECO,DESPEJADO,0,1,0,0,8,81,8101,BiobÃ­o,ConcepciÃ³n,ConcepciÃ³n,Interseccion,"ANGOL & LOS CARRERA, ConcepciÃ³n",-36.825336,-73.056859,Moto_2024.csv
-8125678.39937677,-4415014.90281692,3726,2024,1597283,2024/03/13 00:00:00+00,Marzo,13,MiÃ©rcoles,1899/12/30 00:00:00+00,07:10:00,7,REGION BIO BIO,CONCEPCION,COLISION LATERAL,COLISION,URBANA,ROTONDA,DESOBEDIENCIA A SEÃALIZACION,SENALIZACION DESOBEDECER SENAL CEDA EL PASO,ROTONDA PALOMARES,21 DE MAYO,21 DE MAYO - ROTONDA PALOMARES,0, , ,UNIDIRECCIONAL,CONCRETO,BUENO,SECO,DESPEJADO,0,0,0,2,8,81,8101,BiobÃ­o,ConcepciÃ³n,ConcepciÃ³n,Interseccion,"21 DE MAYO & ROTONDA PALOMARES, ConcepciÃ³n",-36.826962,-72.994211,Moto_2024.csv
-8138854.50826553,-4408280.13056251,3738,2024,1597307,2024/03/14 00:00:00+00,Marzo,14,Jueves,1899/12/30 00:00:00+00,18:30:00,18,REGION BIO BIO,HUALPEN,COLISION,COLISION,URBANA,CRUCE CON SENAL PARE,DESOBEDIENCIA A SEÃALIZACION,SENALIZACION DESOBEDECER SENAL PARE,GRAN BRETANA,MANCHESTER,GRAN BRETANA - MANCHESTER,0, , ,BIDIRECCIONAL,CONCRETO,BUENO,SECO,DESPEJADO,0,0,0,0,8,81,8112,BiobÃ­o,ConcepciÃ³n,HualpÃ©n,Interseccion,"GRAN BRETANA & MANCHESTER, HualpÃ©n",-36.77852,-73.112574,Moto_2024.csv
-8135783.98275098,-4406709.04022483,3771,2024,1591012,2024/02/15 00:00:00+00,Febrero,15,Jueves,1899/12/30 00:00:00+00,20:03:00,20,REGION BIO BIO,TALCAHUANO,CHOQUE,CHOQUE,URBANA,ENLACE A DESNIVEL,IMPRUDENCIA DEL CONDUCTOR,CONDUCCION NO ATENTO CONDICIONES TRANSITO MOMENTO,AUTOPISTA CONCEPCION TALCAHUANO,O'HIGGINS,AUTOPISTA CONCEPCION TALCAHUANO - O'HIGGINS,0, , ,BIDIRECCIONAL CON BANDEJON,CONCRETO,BUENO,SECO,DESPEJADO,0,0,0,0,8,81,8110,BiobÃ­o,ConcepciÃ³n,Talcahuano,Interseccion,"AUTOPISTA CONCEPCION TALCAHUANO & O'HIGGINS, Talcahuano",-36.767215,-73.084991,Moto_2024.csv
-8131830.0257575,-4412950.99349022,3823,2024,1597649,2024/03/01 00:00:00+00,Marzo,1,Viernes,1899/12/30 00:00:00+00,07:15:00,7,REGION BIO BIO,CONCEPCION,COLISION LATERAL,COLISION,URBANA,CRUCE CON SENAL CEDA EL PASO,DESOBEDIENCIA A SEÃALIZACION,SENALIZACION DESOBEDECER SENAL CEDA EL PASO,VICUNA MACKENNA,PAICAVI,PAICAVI - VICUNA MACKENNA,0, , ,BIDIRECCIONAL,CONCRETO,BUENO,SECO,DESPEJADO,0,0,0,2,8,81,8101,BiobÃ­o,ConcepciÃ³n,ConcepciÃ³n,Interseccion,"PAICAVI & VICUNA MACKENNA, ConcepciÃ³n",-36.81212,-73.049472,Moto_2024.csv
-8141276.82038519,-4420031.81490282,3828,2024,1604040,2024/04/11 00:00:00+00,Abril,11,Jueves,1899/12/30 00:00:00+00,23:20:00,23,REGION BIO BIO,SAN PEDRO DE LA PAZ,COLISION PERPENDICULAR,COLISION,URBANA,CRUCE SIN SENALIZACION,IMPRUDENCIA DEL CONDUCTOR,CONDUCCION NO ATENTO CONDICIONES TRANSITO MOMENTO,LOS MANIOS,3 PONIENTE,3 PONIENTE - LOS MANIOS,0, , ,BIDIRECCIONAL,CONCRETO,BUENO,SECO,DESPEJADO,0,1,0,1,8,81,8108,BiobÃ­o,ConcepciÃ³n,San Pedro de la Paz,Interseccion,"3 PONIENTE & LOS MANIOS, San Pedro de la Paz",-36.863028,-73.134334,Moto_2024.csv
-8132071.92301099,-4412481.59037107,3842,2024,1597708,2024/03/04 00:00:00+00,Marzo,4,Lunes,1899/12/30 00:00:00+00,07:00:00,7,REGION BIO BIO,CONCEPCION,COLISION LATERAL,COLISION,URBANA,CRUCE CON SEMAFORO FUNCIONANDO,DESOBEDIENCIA A SEÃALIZACION,SENALIZACION DESOBEDECER LUZ ROJA DE SEMAFORO,JUAN DE DIOS RIVERA,PAICAVI,JUAN DE DIOS RIVERA - PAICAVI,0, , ,UNIDIRECCIONAL,CONCRETO,BUENO,SECO,DESPEJADO,0,0,0,1,8,81,8101,BiobÃ­o,ConcepciÃ³n,ConcepciÃ³n,Interseccion,"JUAN DE DIOS RIVERA & PAICAVI, ConcepciÃ³n",-36.808744,-73.051645,Moto_2024.csv
-8133266.3811472,-4413658.19616058,3849,2024,1597722,2024/03/06 00:00:00+00,Marzo,6,MiÃ©rcoles,1899/12/30 00:00:00+00,15:55:00,15,REGION BIO BIO,CONCEPCION,COLISION POR ALCANCE,COLISION,URBANA,TRAMO DE VIA RECTA,IMPRUDENCIA DEL CONDUCTOR,CONDUCCION NO ATENTO CONDICIONES TRANSITO MOMENTO,EJERCITO,ANGOL,ANGOL - EJERCITO,0, , ,UNIDIRECCIONAL,CONCRETO,BUENO,SECO,DESPEJADO,0,0,0,0,8,81,8101,BiobÃ­o,ConcepciÃ³n,ConcepciÃ³n,Interseccion,"ANGOL & EJERCITO, ConcepciÃ³n",-36.817206,-73.062375,Moto_2024.csv
-8131104.89059447,-4415059.8088068,3865,2024,1591628,2024/02/15 00:00:00+00,Febrero,15,Jueves,1899/12/30 00:00:00+00,02:05:00,2,REGION BIO BIO,CONCEPCION,COLISION PERPENDICULAR,COLISION,URBANA,CRUCE CON SENAL PARE,DESOBEDIENCIA A SEÃALIZACION,SENALIZACION DESOBEDECER SENAL PARE,OROMPELLO,COCHRANE,COCHRANE - OROMPELLO,0, , ,UNIDIRECCIONAL,CONCRETO,BUENO,SECO,DESPEJADO,0,1,0,0,8,81,8101,BiobÃ­o,ConcepciÃ³n,ConcepciÃ³n,Interseccion,"COCHRANE & OROMPELLO, ConcepciÃ³n",-36.827285,-73.042958,Moto_2024.csv
-8132643.99387417,-4415508.04674927,3892,2024,1591688,2024/02/17 00:00:00+00,Febrero,17,SÃ¡bado,1899/12/30 00:00:00+00,00:10:00,0,REGION BIO BIO,CONCEPCION,COLISION PERPENDICULAR,COLISION,URBANA,CRUCE CON SEMAFORO FUNCIONANDO,DESOBEDIENCIA A SEÃALIZACION,SENALIZACION DESOBEDECER LUZ ROJA DE SEMAFORO,SERRANO,O'HIGGINS,O'HIGGINS - SERRANO,0, , ,UNIDIRECCIONAL,CONCRETO,BUENO,SECO,DESPEJADO,0,0,0,0,8,81,8101,BiobÃ­o,ConcepciÃ³n,ConcepciÃ³n,Interseccion,"O'HIGGINS & SERRANO, ConcepciÃ³n",-36.830508,-73.056784,Moto_2024.csv
-8130406.47210923,-4413624.96242294,3919,2024,1597976,2024/03/14 00:00:00+00,Marzo,14,Jueves,1899/12/30 00:00:00+00,11:16:00,11,REGION BIO BIO,CONCEPCION,COLISION PERPENDICULAR,COLISION,URBANA,CRUCE CON SEMAFORO FUNCIONANDO,DESOBEDIENCIA A SEÃALIZACION,SENALIZACION DESOBEDECER LUZ ROJA DE SEMAFORO,PELANTARO,LOS CARRERA,LOS CARRERA - PELANTARO,0, , ,BIDIRECCIONAL CON BANDEJON,CONCRETO,BUENO,SECO,DESPEJADO,0,2,0,0,8,81,8101,BiobÃ­o,ConcepciÃ³n,ConcepciÃ³n,Interseccion,"LOS CARRERA & PELANTARO, ConcepciÃ³n",-36.816967,-73.036684,Moto_2024.csv
-8140004.7725639,-4405111.22671978,3937,2024,1598068,2024/03/11 00:00:00+00,Marzo,11,Lunes,1899/12/30 00:00:00+00,17:20:00,17,REGION BIO BIO,TALCAHUANO,CHOQUE LATERAL,CHOQUE,URBANA,CRUCE SIN SENALIZACION,IMPRUDENCIA DEL CONDUCTOR,VIRAJES INDEBIDOS,ALGARROBO,GRAN BRETANA,ALGARROBO - GRAN BRETANA,0, , ,BIDIRECCIONAL CON BANDEJON,CONCRETO,BUENO,SECO,DESPEJADO,0,0,0,0,8,81,8110,BiobÃ­o,ConcepciÃ³n,Talcahuano,Interseccion,"ALGARROBO & GRAN BRETANA, Talcahuano",-36.755716,-73.122907,Moto_2024.csv
-8132368.47813446,-4414657.48161447,3944,2024,1604593,2024/04/15 00:00:00+00,Abril,15,Lunes,1899/12/30 00:00:00+00,08:38:00,8,REGION BIO BIO,CONCEPCION,CHOQUE,CHOQUE,URBANA,TRAMO DE VIA RECTA,IMPRUDENCIA DEL CONDUCTOR,CONDUCIR VEHICULO EN RETROCESO,LOS CARRERA,RENGO,LOS CARRERA - RENGO,0, , ,BIDIRECCIONAL CON BANDEJON,CONCRETO,BUENO,SECO,DESPEJADO,0,0,0,0,8,81,8101,BiobÃ­o,ConcepciÃ³n,ConcepciÃ³n,Interseccion,"LOS CARRERA & RENGO, ConcepciÃ³n",-36.824392,-73.054309,Moto_2024.csv
-8131882.34591817,-4414573.48573773,3967,2024,1604769,2024/04/16 00:00:00+00,Abril,16,Martes,1899/12/30 00:00:00+00,09:12:00,9,REGION BIO BIO,CONCEPCION,COLISION POR ALCANCE,COLISION,URBANA,CRUCE CON SEMAFORO FUNCIONANDO,IMPRUDENCIA DEL CONDUCTOR,CONDUCCION SIN MANTENER DISTANCIA RAZONABLE NI PRUDENTE,MAIPU,COLO COLO,COLO COLO - MAIPU,0, , ,UNIDIRECCIONAL,CONCRETO,BUENO,SECO,NUBLADO,0,0,0,1,8,81,8101,BiobÃ­o,ConcepciÃ³n,ConcepciÃ³n,Interseccion,"COLO COLO & MAIPU, ConcepciÃ³n",-36.823788,-73.049942,Moto_2024.csv
-8130539.94417869,-4414411.05850573,3969,2024,1604794,2024/04/16 00:00:00+00,Abril,16,Martes,1899/12/30 00:00:00+00,21:15:00,21,REGION BIO BIO,CONCEPCION,COLISION PERPENDICULAR,COLISION,URBANA,CRUCE CON SENAL PARE,DESOBEDIENCIA A SEÃALIZACION,SENALIZACION DESOBEDECER SENAL PARE,O'HIGGINS,GALVARINO,GALVARINO - O'HIGGINS,0, , ,UNIDIRECCIONAL,CONCRETO,BUENO,SECO,NUBLADO,0,1,0,1,8,81,8101,BiobÃ­o,ConcepciÃ³n,ConcepciÃ³n,Interseccion,"GALVARINO & O'HIGGINS, ConcepciÃ³n",-36.82262,-73.037883,Moto_2024.csv
-8130840.87423608,-4411719.75822469,4007,2024,1645342,2024/10/13 00:00:00+00,Octubre,13,Domingo,1899/12/30 00:00:00+00,17:15:00,17,REGION BIO BIO,CONCEPCION,COLISION LATERAL,COLISION,URBANA,CRUCE CON SENAL CEDA EL PASO,IMPRUDENCIA DEL CONDUCTOR,CONDUCCION NO ATENTO CONDICIONES TRANSITO MOMENTO,ALONSO DE RIBERA,LIENTUR,ALONSO DE RIBERA - LIENTUR,0, , ,BIDIRECCIONAL,CONCRETO,BUENO,SECO,DESPEJADO,0,2,0,0,8,81,8101,BiobÃ­o,ConcepciÃ³n,ConcepciÃ³n,Interseccion,"ALONSO DE RIBERA & LIENTUR, ConcepciÃ³n",-36.803265,-73.040586,Moto_2024.csv
-8138474.79748244,-4408611.88886112,4086,2024,1622658,2024/07/05 00:00:00+00,Julio,5,Viernes,1899/12/30 00:00:00+00,19:30:00,19,REGION BIO BIO,HUALPEN,CHOQUE,CHOQUE,URBANA,CRUCE CON SENAL PARE,VELOCIDAD IMPRUDENTE,VELOCIDAD MAYOR QUE MAXIMA PERMITIDA,GRECIA,SUIZA,GRECIA - SUIZA,0, , ,BIDIRECCIONAL,CONCRETO,BUENO,SECO,DESPEJADO,0,0,0,0,8,81,8112,BiobÃ­o,ConcepciÃ³n,HualpÃ©n,Interseccion,"GRECIA & SUIZA, HualpÃ©n",-36.780907,-73.109163,Moto_2024.csv
-8135987.36346066,-4409503.80980241,4089,2024,1622764,2024/07/08 00:00:00+00,Julio,8,Lunes,1899/12/30 00:00:00+00,07:30:00,7,REGION BIO BIO,HUALPEN,ATROPELLO,ATROPELLO,URBANA,CRUCE CON SEMAFORO FUNCIONANDO,IMPRUDENCIA DEL CONDUCTOR,NO RESPETAR DERECHO PREFERENTE DE PASO A PEATON,CRISTOBAL COLON,CAMPANARIO,CAMPANARIO - CRISTOBAL COLON,0, , ,BIDIRECCIONAL,CONCRETO,BUENO,SECO,DESPEJADO,0,1,0,0,8,81,8112,BiobÃ­o,ConcepciÃ³n,HualpÃ©n,Interseccion,"CAMPANARIO & CRISTOBAL COLON, HualpÃ©n",-36.787324,-73.086818,Moto_2024.csv
-8134812.27491585,-4413432.37565167,4091,2024,1622822,2024/07/01 00:00:00+00,Julio,1,Lunes,1899/12/30 00:00:00+00,18:30:00,18,REGION BIO BIO,CONCEPCION,COLISION FRONTAL,COLISION,URBANA,TRAMO DE VIA RECTA,IMPRUDENCIA DEL CONDUCTOR,CONDUCCION CONTRA SENTIDO DEL TRANSITO,CALLE DOS,CALLE CUATRO,CALLE CUATRO - CALLE DOS,0, , ,BIDIRECCIONAL,CONCRETO,BUENO,SECO,DESPEJADO,0,1,0,0,8,81,8101,BiobÃ­o,ConcepciÃ³n,ConcepciÃ³n,Interseccion,"CALLE CUATRO & CALLE DOS, ConcepciÃ³n",-36.815582,-73.076262,Moto_2024.csv
-8132296.34310443,-4414790.01288089,4094,2024,1622854,2024/07/05 00:00:00+00,Julio,5,Viernes,1899/12/30 00:00:00+00,11:00:00,11,REGION BIO BIO,CONCEPCION,COLISION LATERAL,COLISION,URBANA,CRUCE CON SEMAFORO FUNCIONANDO,IMPRUDENCIA DEL CONDUCTOR,ADELANTAMIENTO SIN EL ESPACIO O TIEMPO SUFICIENTE,RENGO,MAIPU,MAIPU - RENGO,0, , ,UNIDIRECCIONAL,CONCRETO,BUENO,SECO,DESPEJADO,0,0,0,1,8,81,8101,BiobÃ­o,ConcepciÃ³n,ConcepciÃ³n,Interseccion,"MAIPU & RENGO, ConcepciÃ³n",-36.825345,-73.053661,Moto_2024.csv
-8133565.051341,-4415724.17566939,4096,2024,1622926,2024/07/06 00:00:00+00,Julio,6,SÃ¡bado,1899/12/30 00:00:00+00,08:20:00,8,REGION BIO BIO,CONCEPCION,COLISION POR ALCANCE,COLISION,URBANA,CRUCE CON SEMAFORO FUNCIONANDO,DESOBEDIENCIA A SEÃALIZACION,SENALIZACION DESOBEDECER LUZ ROJA DE SEMAFORO,COSTANERA,CENTRAL NORTE,CENTRAL NORTE - COSTANERA,0, , ,UNIDIRECCIONAL,CONCRETO,BUENO,SECO,DESPEJADO,0,0,0,1,8,81,8101,BiobÃ­o,ConcepciÃ³n,ConcepciÃ³n,Interseccion,"CENTRAL NORTE & COSTANERA, ConcepciÃ³n",-36.832062,-73.065058,Moto_2024.csv
-8137594.95255052,-4416638.29711105,4150,2024,1623886,2024/07/09 00:00:00+00,Julio,9,Martes,1899/12/30 00:00:00+00,17:00:00,17,REGION BIO BIO,SAN PEDRO DE LA PAZ,COLISION PERPENDICULAR,COLISION,URBANA,CRUCE CON SEMAFORO FUNCIONANDO,DESOBEDIENCIA A SEÃALIZACION,SENALIZACION DESOBEDECER LUZ ROJA DE SEMAFORO,PEDRO AGUIRRE CERDA,LOS CANELOS,LOS CANELOS - PEDRO AGUIRRE CERDA,0, , ,BIDIRECCIONAL CON BANDEJON,CONCRETO,BUENO,SECO,DESPEJADO,0,0,0,2,8,81,8108,BiobÃ­o,ConcepciÃ³n,San Pedro de la Paz,Interseccion,"LOS CANELOS & PEDRO AGUIRRE CERDA, San Pedro de la Paz",-36.838634,-73.101259,Moto_2024.csv