ï»¿X,Y,FID,AÃ±o,IdAccident,Fecha,Mes,Dia_mes,Dia_semana,Hora,Hora_texto,Hora_aprox,RegiÃ³n,Comuna,Tipo_Accid,Tipo__CONA,Zona,UbicaciÃ³n,Causa__CON,Causa_Acci,Calle_Uno,Calle_Dos,Intersecci,NÃºmero,Ruta,Ubicaci_1,Calzada,Tipo_Calza,Estado_Cal,CondiciÃ³n,Estado_Atm,Fallecidos,Graves,Menos_Grav,Leves,CUT_REG,CUT_PROV,CUT_COM,REGION,PROVINCIA,COMUNA1,Tipo_direc,Direccion,Lat,Lon,Archivo_Origen
-8137269.43674869,-4417384.56437758,5034,2024,1614980,2024/05/26 00:00:00+00,Mayo,26,Domingo,1899/12/30 00:00:00+00,05:35:00,5,REGION BIO BIO,SAN PEDRO DE LA PAZ,CHOQUE FRENTE/POSTERIOR,CHOQUE,URBANA,CRUCE CON SEMAFORO FUNCIONANDO,IMPRUDENCIA DEL CONDUCTOR,CONDUCCION NO ATENTO CONDICIONES TRANSITO MOMENTO,MICHIMALONCO,LOS CANELOS,LOS CANELOS - MICHIMALONCO,0, , ,BIDIRECCIONAL CON BANDEJON,CONCRETO,BUENO,SECO,DESPEJADO,0,0,0,0,8,81,8108,BiobÃ­o,ConcepciÃ³n,San Pedro de la Paz,Interseccion,"LOS CANELOS & MICHIMALONCO, San Pedro de la Paz",-36.843999,-73.098335,Moto_2024.csv
-8129754.80781013,-4413299.02699764,5057,2024,1648209,2024/10/18 00:00:00+00,Octubre,18,Viernes,1899/12/30 00:00:00+00,14:55:00,14,REGION BIO BIO,CONCEPCION,COLISION POR ALCANCE,COLISION,URBANA,CRUCE CON SEMAFORO FUNCIONANDO,IMPRUDENCIA DEL CONDUCTOR,CONDUCCION NO ATENTO CONDICIONES TRANSITO MOMENTO,JUAN BOSCO,LOS CARRERA,JUAN BOSCO - LOS CARRERA,0, , ,BIDIRECCIONAL CON BANDEJON,CONCRETO,BUENO,SECO,DESPEJADO,0,0,0,0,8,81,8101,BiobÃ­o,ConcepciÃ³n,ConcepciÃ³n,Interseccion,"JUAN BOSCO & LOS CARRERA, ConcepciÃ³n",-36.814623,-73.03083,Moto_2024.csv
-8132615.27344555,-4417486.19350219,5112,2024,1648574,2024/11/06 00:00:00+00,Noviembre,6,MiÃ©rcoles,1899/12/30 00:00:00+00,18:20:00,18,REGION BIO BIO,CONCEPCION,COLISION PERPENDICULAR,COLISION,URBANA,CRUCE CON SEMAFORO APAGADO,IMPRUDENCIA DEL CONDUCTOR,CONDUCCION NO ATENTO CONDICIONES TRANSITO MOMENTO,SARGENTO ALDEA,COSTANERA,COSTANERA - SARGENTO ALDEA,0, , ,BIDIRECCIONAL,CONCRETO,BUENO,SECO,DESPEJADO,0,1,0,0,8,81,8101,BiobÃ­o,ConcepciÃ³n,ConcepciÃ³n,Interseccion,"COSTANERA & SARGENTO ALDEA, ConcepciÃ³n",-36.84473,-73.056526,Moto_2024.csv
-8132992.08992189,-4411063.77380454,5129,2024,1633268,2024/08/26 00:00:00+00,Agosto,26,Lunes,1899/12/30 00:00:00+00,16:20:00,16,REGION BIO BIO,CONCEPCION,CHOQUE POSTERIOR,CHOQUE,URBANA,TRAMO DE VIA RECTA,IMPRUDENCIA DEL CONDUCTOR,CONDUCCION SIN MANTENER DISTANCIA RAZONABLE NI PRUDENTE,PAICAVI,ALONSO DE RIBERA,ALONSO DE RIBERA - PAICAVI,0, , ,BIDIRECCIONAL CON BANDEJON,CONCRETO,BUENO,SECO,DESPEJADO,0,0,0,2,8,81,8101,BiobÃ­o,ConcepciÃ³n,ConcepciÃ³n,Interseccion,"ALONSO DE RIBERA & PAICAVI, ConcepciÃ³n",-36.798546,-73.059911,Moto_2024.csv
-8132128.5846318,-4412007.20279784,5147,2024,1648722,2024/11/01 00:00:00+00,Noviembre,1,Viernes,1899/12/30 00:00:00+00,17:00:00,17,REGION BIO BIO,CONCEPCION,COLISION LATERAL,COLISION,URBANA,CRUCE CON SENAL CEDA EL PASO,IMPRUDENCIA DEL CONDUCTOR,CONDUCCION NO ATENTO CONDICIONES TRANSITO MOMENTO,JANEQUEO,VENTUS,JANEQUEO - VENTUS,0, , ,UNIDIRECCIONAL,CONCRETO,BUENO,MOJADO,LLOVIZNA,0,0,0,1,8,81,8101,BiobÃ­o,ConcepciÃ³n,ConcepciÃ³n,Interseccion,"JANEQUEO & VENTUS, ConcepciÃ³n",-36.805332,-73.052154,Moto_2024.csv
-8133565.051341,-4415724.17566939,5175,2024,1615624,2024/06/03 00:00:00+00,Junio,3,Lunes,1899/12/30 00:00:00+00,13:40:00,13,REGION BIO BIO,CONCEPCION,CHOQUE POSTERIOR,CHOQUE,URBANA,CRUCE CON SENAL CEDA EL PASO,IMPRUDENCIA DEL CONDUCTOR,CONDUCCION SIN MANTENER DISTANCIA RAZONABLE NI PRUDENTE,COSTANERA,CENTRAL NORTE,CENTRAL NORTE - COSTANERA,0, , ,BIDIRECCIONAL CON BANDEJON,CONCRETO,BUENO,SECO,NUBLADO,0,1,0,0,8,81,8101,BiobÃ­o,ConcepciÃ³n,ConcepciÃ³n,Interseccion,"CENTRAL NORTE & COSTANERA, ConcepciÃ³n",-36.832062,-73.065058,Moto_2024.csv
-8133361.22535336,-4414451.66508131,5198,2024,1633823,2024/08/29 00:00:00+00,Agosto,29,Jueves,1899/12/30 00:00:00+00,14:23:00,14,REGION BIO BIO,CONCEPCION,COLISION PERPENDICULAR,COLISION,URBANA,TRAMO DE VIA RECTA,DESOBEDIENCIA A SEÃALIZACION,SENALIZACION DESOBEDECER LUZ ROJA DE SEMAFORO,GENERAL CRUZ,ARTURO PRAT,ARTURO PRAT - GENERAL CRUZ,0, , ,UNIDIRECCIONAL,CONCRETO,BUENO,SECO,DESPEJADO,0,0,0,0,8,81,8101,BiobÃ­o,ConcepciÃ³n,ConcepciÃ³n,Interseccion,"ARTURO PRAT & GENERAL CRUZ, ConcepciÃ³n",-36.822912,-73.063227,Moto_2024.csv
-8132457.64504659,-4411700.64176792,5207,2024,1641300,2024/09/22 00:00:00+00,Septiembre,22,Domingo,1899/12/30 00:00:00+00,13:15:00,13,REGION BIO BIO,CONCEPCION,COLISION POR ALCANCE,COLISION,URBANA,TRAMO DE VIA RECTA,IMPRUDENCIA DEL CONDUCTOR,CONDUCCION SIN MANTENER DISTANCIA RAZONABLE NI PRUDENTE,PAICAVI,INDEPENDENCIA,INDEPENDENCIA - PAICAVI,0, , ,BIDIRECCIONAL CON BANDEJON,CONCRETO,BUENO,SECO,DESPEJADO,0,0,0,0,8,81,8101,BiobÃ­o,ConcepciÃ³n,ConcepciÃ³n,Interseccion,"INDEPENDENCIA & PAICAVI, ConcepciÃ³n",-36.803127,-73.05511,Moto_2024.csv
-8139112.88080367,-4407057.84257446,5226,2024,1641390,2024/09/25 00:00:00+00,Septiembre,25,MiÃ©rcoles,1899/12/30 00:00:00+00,07:50:00,7,REGION BIO BIO,TALCAHUANO,COLISION LATERAL,COLISION,URBANA,CRUCE SIN SENALIZACION,IMPRUDENCIA DEL CONDUCTOR,NO RESPETAR DERECHO PREFERENTE DE PASO A VEHICULO,CALLE UNO,GRAN BRETANA,CALLE UNO - GRAN BRETANA,0, , ,BIDIRECCIONAL,CONCRETO,BUENO,SECO,DESPEJADO,0,0,1,1,8,81,8110,BiobÃ­o,ConcepciÃ³n,Talcahuano,Interseccion,"CALLE UNO & GRAN BRETANA, Talcahuano",-36.769725,-73.114895,Moto_2024.csv
-8129189.97271384,-4411872.75975375,5238,2024,1641423,2024/09/29 00:00:00+00,Septiembre,29,Domingo,1899/12/30 00:00:00+00,12:00:00,12,REGION BIO BIO,CONCEPCION,VOLCADURA,VOLCADURA,URBANA,TRAMO DE VIA RECTA,VELOCIDAD IMPRUDENTE,VELOCIDAD NO RAZONABLE NI PRUDENTE,LAS VIOLETAS,LOS COPIHUES,LAS VIOLETAS - LOS COPIHUES,0, , ,BIDIRECCIONAL,ASFALTO,BUENO,SECO,DESPEJADO,0,1,0,0,8,81,8101,BiobÃ­o,ConcepciÃ³n,ConcepciÃ³n,Interseccion,"LAS VIOLETAS & LOS COPIHUES, ConcepciÃ³n",-36.804365,-73.025756,Moto_2024.csv
-8137429.31462513,-4416653.23324572,5252,2024,1649151,2024/10/22 00:00:00+00,Octubre,22,Martes,1899/12/30 00:00:00+00,22:30:00,22,REGION BIO BIO,SAN PEDRO DE LA PAZ,COLISION POR ALCANCE,COLISION,URBANA,TRAMO DE VIA RECTA,IMPRUDENCIA DEL CONDUCTOR,CONDUCCION SIN MANTENER DISTANCIA RAZONABLE NI PRUDENTE,PRESIDENTE JORGE ALESSANDRI,PEDRO AGUIRRE CERDA,PEDRO AGUIRRE CERDA - PRESIDENTE JORGE ALESSANDRI,0, , ,BIDIRECCIONAL,CONCRETO,BUENO,SECO,DESPEJADO,0,0,0,0,8,81,8108,BiobÃ­o,ConcepciÃ³n,San Pedro de la Paz,Interseccion,"PEDRO AGUIRRE CERDA & PRESIDENTE JORGE ALESSANDRI, San Pedro de la Paz",-36.838742,-73.099771,Moto_2024.csv
-8137270.09795307,-4408457.3357415,5255,2024,1634094,2024/08/30 00:00:00+00,Agosto,30,Viernes,1899/12/30 00:00:00+00,17:50:00,17,REGION BIO BIO,HUALPEN,COLISION,COLISION,URBANA,TRAMO DE VIA RECTA,DESOBEDIENCIA A SEÃALIZACION,SENALIZACION DESOBEDECER LUZ ROJA DE SEMAFORO,LAS GOLONDRINAS,HOLANDA,HOLANDA - LAS GOLONDRINAS,0, , ,BIDIRECCIONAL,CONCRETO,BUENO,SECO,DESPEJADO,0,0,0,1,8,81,8112,BiobÃ­o,ConcepciÃ³n,HualpÃ©n,Interseccion,"HOLANDA & LAS GOLONDRINAS, HualpÃ©n",-36.779795,-73.098341,Moto_2024.csv
-8129771.06045578,-4411990.79704071,5350,2024,1634320,2024/08/08 00:00:00+00,Agosto,8,Jueves,1899/12/30 00:00:00+00,10:40:00,10,REGION BIO BIO,CONCEPCION,COLISION LATERAL,COLISION,URBANA,TRAMO DE VIA RECTA,IMPRUDENCIA DEL CONDUCTOR,CONDUCCION NO ATENTO CONDICIONES TRANSITO MOMENTO,CAMILO HENRIQUEZ,LIBERTAD,CAMILO HENRIQUEZ - LIBERTAD,0, , ,BIDIRECCIONAL,CONCRETO,BUENO,SECO,DESPEJADO,0,1,0,0,8,81,8101,BiobÃ­o,ConcepciÃ³n,ConcepciÃ³n,Interseccion,"CAMILO HENRIQUEZ & LIBERTAD, ConcepciÃ³n",-36.805214,-73.030976,Moto_2024.csv
-8131879.22897243,-4414214.42474589,5364,2024,1634399,2024/08/10 00:00:00+00,Agosto,10,SÃ¡bado,1899/12/30 00:00:00+00,16:15:00,16,REGION BIO BIO,CONCEPCION,COLISION LATERAL,COLISION,URBANA,CRUCE CON SENAL PARE,IMPRUDENCIA DEL CONDUCTOR,CONDUCCION NO ATENTO CONDICIONES TRANSITO MOMENTO,LAS HERAS,CASTELLON,CASTELLON - LAS HERAS,0, , ,UNIDIRECCIONAL,CONCRETO,BUENO,SECO,DESPEJADO,0,0,0,0,8,81,8101,BiobÃ­o,ConcepciÃ³n,ConcepciÃ³n,Interseccion,"CASTELLON & LAS HERAS, ConcepciÃ³n",-36.821206,-73.049914,Moto_2024.csv
-8138402.10585495,-4410156.43134877,5411,2024,1642407,2024/10/07 00:00:00+00,Octubre,7,Lunes,1899/12/30 00:00:00+00,19:40:00,19,REGION BIO BIO,HUALPEN,COLISION,COLISION,URBANA,CRUCE CON SEMAFORO FUNCIONANDO,IMPRUDENCIA DEL CONDUCTOR,"ADELANTAMIENTO EN CRUCE, CURVA, CUESTA, PUENTE",GRAN BRETANA,BREMEN,BREMEN - GRAN BRETANA,0, , ,BIDIRECCIONAL,CONCRETO,BUENO,SECO,DESPEJADO,0,0,0,0,8,81,8112,BiobÃ­o,ConcepciÃ³n,HualpÃ©n,Interseccion,"BREMEN & GRAN BRETANA, HualpÃ©n",-36.792019,-73.10851,Moto_2024.csv
-8134587.18690546,-4407292.83896163,5428,2024,1634804,2024/08/22 00:00:00+00,Agosto,22,Jueves,1899/12/30 00:00:00+00,07:50:00,7,REGION BIO BIO,TALCAHUANO,COLISION LATERAL,COLISION,URBANA,CRUCE SIN SENALIZACION,IMPRUDENCIA DEL CONDUCTOR,NO RESPETAR DERECHO PREFERENTE DE PASO A VEHICULO,CALLE G,IFARLE ORIENTE,CALLE G - IFARLE ORIENTE,0, , ,BIDIRECCIONAL,CONCRETO,BUENO,SECO,DESPEJADO,0,1,0,1,8,81,8110,BiobÃ­o,ConcepciÃ³n,Talcahuano,Interseccion,"CALLE G & IFARLE ORIENTE, Talcahuano",-36.771416,-73.07424,Moto_2024.csv
-8129665.56297436,-4427371.84228843,5442,2024,1649919,2024/11/02 00:00:00+00,Noviembre,2,SÃ¡bado,1899/12/30 00:00:00+00,18:20:00,18,REGION BIO BIO,CHIGUAYANTE,COLISION PERPENDICULAR,COLISION,URBANA,CRUCE CON SENAL CEDA EL PASO,IMPRUDENCIA DEL CONDUCTOR,CONDUCCION NO ATENTO CONDICIONES TRANSITO MOMENTO,PROGRESO,AVENIDA CIENTO UNO,AVENIDA CIENTO UNO - PROGRESO,0, , ,BIDIRECCIONAL,CONCRETO,BUENO,SECO,DESPEJADO,0,0,0,1,8,81,8103,BiobÃ­o,ConcepciÃ³n,Chiguayante,Interseccion,"AVENIDA CIENTO UNO & PROGRESO, Chiguayante",-36.915764,-73.030028,Moto_2024.csv
-8136959.6465504,-4416799.05085068,5467,2024,1617085,2024/06/10 00:00:00+00,Junio,10,Lunes,1899/12/30 00:00:00+00,20:15:00,20,REGION BIO BIO,SAN PEDRO DE LA PAZ,COLISION FRONTAL,COLISION,URBANA,CRUCE CON SENAL CEDA EL PASO,IMPRUDENCIA DEL CONDUCTOR,CONDUCCION CONTRA SENTIDO DEL TRANSITO,LOTA,VICTORIA,LOTA - VICTORIA,0, , ,BIDIRECCIONAL,CONCRETO,BUENO,MOJADO,LLUVIA,0,0,0,0,8,81,8108,BiobÃ­o,ConcepciÃ³n,San Pedro de la Paz,Interseccion,"LOTA & VICTORIA, San Pedro de la Paz",-36.83979,-73.095552,Moto_2024.csv
-8132924.96426894,-4414946.18772999,5516,2024,1642873,2024/10/08 00:00:00+00,Octubre,8,Martes,1899/12/30 00:00:00+00,06:00:00,6,REGION BIO BIO,CONCEPCION,COLISION,COLISION,URBANA,TRAMO DE VIA RECTA,IMPRUDENCIA DEL CONDUCTOR,CONDUCCION NO ATENTO CONDICIONES TRANSITO MOMENTO,LOS CARRERA,SERRANO,LOS CARRERA - SERRANO,0, , ,BIDIRECCIONAL CON BANDEJON,CONCRETO,BUENO,SECO,DESPEJADO,0,0,0,1,8,81,8101,BiobÃ­o,ConcepciÃ³n,ConcepciÃ³n,Interseccion,"LOS CARRERA & SERRANO, ConcepciÃ³n",-36.826468,-73.059308,Moto_2024.csv
-8134868.15730023,-4411930.1793777,5523,2024,1650259,2024/11/12 00:00:00+00,Noviembre,12,Martes,1899/12/30 00:00:00+00,07:40:00,7,REGION BIO BIO,HUALPEN,COLISION,COLISION,URBANA,ENLACE A DESNIVEL,DESOBEDIENCIA A SEÃALIZACION,SENALIZACION DESOBEDECER SENAL PARE,COSTANERA,PRESIDENTE JORGE ALESSANDRI RODRIGUEZ,COSTANERA - PRESIDENTE JORGE ALESSANDRI RODRIGUEZ,0, , ,BIDIRECCIONAL,CONCRETO,BUENO,SECO,DESPEJADO,0,1,0,0,8,81,8112,BiobÃ­o,ConcepciÃ³n,HualpÃ©n,Interseccion,"COSTANERA & PRESIDENTE JORGE ALESSANDRI RODRIGUEZ, HualpÃ©n",-36.804778,-73.076764,Moto_2024.csv
-8129428.6417021,-4427767.71693813,5575,2024,1650453,2024/11/05 00:00:00+00,Noviembre,5,Martes,1899/12/30 00:00:00+00,15:00:00,15,REGION BIO BIO,CHIGUAYANTE,COLISION POR ALCANCE,COLISION,URBANA,TRAMO DE VIA RECTA,IMPRUDENCIA DEL CONDUCTOR,CONDUCCION SIN MANTENER DISTANCIA RAZONABLE NI PRUDENTE,MANUEL RODRIGUEZ,QUINTANILLA,MANUEL RODRIGUEZ - QUINTANILLA,0, , ,BIDIRECCIONAL CON BANDEJON,CONCRETO,BUENO,SECO,DESPEJADO,0,1,0,1,8,81,8103,BiobÃ­o,ConcepciÃ³n,Chiguayante,Interseccion,"MANUEL RODRIGUEZ & QUINTANILLA, Chiguayante",-36.918607,-73.0279,Moto_2024.csv
-8136422.84530864,-4409586.51468647,5580,2024,1643239,2024/10/11 00:00:00+00,Octubre,11,Viernes,1899/12/30 00:00:00+00,11:30:00,11,REGION BIO BIO,HUALPEN,COLISION,COLISION,URBANA,CRUCE CON SENAL PARE,DESOBEDIENCIA A SEÃALIZACION,SENALIZACION DESOBEDECER SENAL PARE,LEBU,LA RECONQUISTA,LA RECONQUISTA - LEBU,0, , ,BIDIRECCIONAL,CONCRETO,BUENO,SECO,DESPEJADO,0,0,1,0,8,81,8112,BiobÃ­o,ConcepciÃ³n,HualpÃ©n,Interseccion,"LA RECONQUISTA & LEBU, HualpÃ©n",-36.787919,-73.09073,Moto_2024.csv
-8137546.17365209,-4416772.54087849,5638,2024,1636034,2024/09/06 00:00:00+00,Septiembre,6,Viernes,1899/12/30 00:00:00+00,19:00:00,19,REGION BIO BIO,SAN PEDRO DE LA PAZ,COLISION,COLISION,URBANA,TRAMO DE VIA RECTA,IMPRUDENCIA DEL CONDUCTOR,CONDUCCION NO ATENTO CONDICIONES TRANSITO MOMENTO,LOS CANELOS,LOS RAULIES,LOS CANELOS - LOS RAULIES,0, , ,UNIDIRECCIONAL,CONCRETO,BUENO,SECO,DESPEJADO,0,1,0,0,8,81,8108,BiobÃ­o,ConcepciÃ³n,San Pedro de la Paz,Interseccion,"LOS CANELOS & LOS RAULIES, San Pedro de la Paz",-36.839599,-73.100821,Moto_2024.csv
-8133224.52501866,-4414022.80071588,5651,2024,1636094,2024/08/21 00:00:00+00,Agosto,21,MiÃ©rcoles,1899/12/30 00:00:00+00,16:30:00,16,REGION BIO BIO,CONCEPCION,COLISION POR ALCANCE,COLISION,URBANA,CRUCE CON SEMAFORO FUNCIONANDO,IMPRUDENCIA DEL CONDUCTOR,CONDUCCION NO ATENTO CONDICIONES TRANSITO MOMENTO,MANUEL RODRIGUEZ,OBISPO HIPOLITO SALAS,MANUEL RODRIGUEZ - OBISPO HIPOLITO SALAS,0, , ,BIDIRECCIONAL CON BANDEJON,CONCRETO,REGULAR,MOJADO,LLUVIA,0,0,0,0,8,81,8101,BiobÃ­o,ConcepciÃ³n,ConcepciÃ³n,Interseccion,"MANUEL RODRIGUEZ & OBISPO HIPOLITO SALAS, ConcepciÃ³n",-36.819828,-73.061999,Moto_2024.csv
-8135357.29514277,-4411822.56997291,5656,2024,1643448,2024/10/13 00:00:00+00,Octubre,13,Domingo,1899/12/30 00:00:00+00,18:30:00,18,REGION BIO BIO,HUALPEN,COLISION,COLISION,URBANA,CRUCE SIN SENALIZACION,IMPRUDENCIA DEL CONDUCTOR,CONDUCCION CAMBIAR SORPRESIVAMENTE PISTA CIRCULACION,CRISTOBAL COLON,KENT,CRISTOBAL COLON - KENT,0, , ,BIDIRECCIONAL CON BANDEJON,CONCRETO,BUENO,SECO,DESPEJADO,0,0,0,0,8,81,8112,BiobÃ­o,ConcepciÃ³n,HualpÃ©n,Interseccion,"CRISTOBAL COLON & KENT, HualpÃ©n",-36.804004,-73.081158,Moto_2024.csv
-8131906.05696971,-4412789.84239655,5661,2024,1650773,2024/11/08 00:00:00+00,Noviembre,8,Viernes,1899/12/30 00:00:00+00,19:10:00,19,REGION BIO BIO,CONCEPCION,COLISION POR ALCANCE,COLISION,URBANA,TRAMO DE VIA RECTA,IMPRUDENCIA DEL CONDUCTOR,CONDUCCION SIN MANTENER DISTANCIA RAZONABLE NI PRUDENTE,JORGE ALESSANDRI,PAICAVI,JORGE ALESSANDRI - PAICAVI,0, , ,UNIDIRECCIONAL,CONCRETO,BUENO,SECO,DESPEJADO,0,1,0,0,8,81,8101,BiobÃ­o,ConcepciÃ³n,ConcepciÃ³n,Interseccion,"JORGE ALESSANDRI & PAICAVI, ConcepciÃ³n",-36.810961,-73.050155,Moto_2024.csv
-8131384.41383585,-4414851.8984552,5735,2024,1643864,2024/10/11 00:00:00+00,Octubre,11,Viernes,1899/12/30 00:00:00+00,16:00:00,16,REGION BIO BIO,CONCEPCION,COLISION PERPENDICULAR,COLISION,URBANA,CRUCE CON SEMAFORO FUNCIONANDO,DESOBEDIENCIA A SEÃALIZACION,SENALIZACION DESOBEDECER LUZ ROJA DE SEMAFORO,TUCAPEL,O'HIGGINS,O'HIGGINS - TUCAPEL,0, , ,UNIDIRECCIONAL,CONCRETO,BUENO,SECO,NUBLADO,0,0,0,1,8,81,8101,BiobÃ­o,ConcepciÃ³n,ConcepciÃ³n,Interseccion,"O'HIGGINS & TUCAPEL, ConcepciÃ³n",-36.82579,-73.045469,Moto_2024.csv
-8130659.94658977,-4420599.09098576,5741,2024,1643898,2024/10/11 00:00:00+00,Octubre,11,Viernes,1899/12/30 00:00:00+00,17:30:00,17,REGION BIO BIO,CHIGUAYANTE,COLISION,COLISION,URBANA,TRAMO DE VIA RECTA,IMPRUDENCIA DEL CONDUCTOR,CONDUCCION NO ATENTO CONDICIONES TRANSITO MOMENTO,PASCUAL BINIMELIS,COSTANERA,COSTANERA - PASCUAL BINIMELIS,0, , ,BIDIRECCIONAL CON BANDEJON,CONCRETO,BUENO,SECO,DESPEJADO,0,0,0,1,8,81,8103,BiobÃ­o,ConcepciÃ³n,Chiguayante,Interseccion,"COSTANERA & PASCUAL BINIMELIS, Chiguayante",-36.867105,-73.038961,Moto_2024.csv
-8131038.43285846,-4414490.46397465,5744,2024,1643908,2024/10/12 00:00:00+00,Octubre,12,SÃ¡bado,1899/12/30 00:00:00+00,16:00:00,16,REGION BIO BIO,CONCEPCION,COLISION PERPENDICULAR,COLISION,URBANA,CRUCE CON SEMAFORO FUNCIONANDO,DESOBEDIENCIA A SEÃALIZACION,SENALIZACION DESOBEDECER LUZ ROJA DE SEMAFORO,BARROS ARANA,PAICAVI,BARROS ARANA - PAICAVI,0, , ,BIDIRECCIONAL CON BANDEJON,CONCRETO,BUENO,SECO,DESPEJADO,0,0,0,1,8,81,8101,BiobÃ­o,ConcepciÃ³n,ConcepciÃ³n,Interseccion,"BARROS ARANA & PAICAVI, ConcepciÃ³n",-36.823191,-73.042361,Moto_2024.csv
-8131477.47693015,-4415707.20786048,5756,2024,1636642,2024/09/09 00:00:00+00,Septiembre,9,Lunes,1899/12/30 00:00:00+00,18:00:00,18,REGION BIO BIO,CONCEPCION,CHOQUE POSTERIOR,CHOQUE,URBANA,TRAMO DE VIA RECTA,IMPRUDENCIA DEL CONDUCTOR,CONDUCCION NO ATENTO CONDICIONES TRANSITO MOMENTO,VICTOR LAMAS,ANIBAL PINTO,ANIBAL PINTO - VICTOR LAMAS,0, , ,UNIDIRECCIONAL,CONCRETO,BUENO,MOJADO,LLUVIA,0,0,0,0,8,81,8101,BiobÃ­o,ConcepciÃ³n,ConcepciÃ³n,Interseccion,"ANIBAL PINTO & VICTOR LAMAS, ConcepciÃ³n",-36.83194,-73.046305,Moto_2024.csv
-8131667.9445789,-4415001.39879938,5770,2024,1619444,2024/06/18 00:00:00+00,Junio,18,Martes,1899/12/30 00:00:00+00,13:30:00,13,REGION BIO BIO,CONCEPCION,CHOQUE POSTERIOR,CHOQUE,URBANA,CRUCE CON SEMAFORO FUNCIONANDO,IMPRUDENCIA DEL CONDUCTOR,CONDUCCION NO ATENTO CONDICIONES TRANSITO MOMENTO,O'HIGGINS,COLO COLO,COLO COLO - O'HIGGINS,0, , ,UNIDIRECCIONAL,CONCRETO,BUENO,SECO,DESPEJADO,0,0,0,0,8,81,8101,BiobÃ­o,ConcepciÃ³n,ConcepciÃ³n,Interseccion,"COLO COLO & O'HIGGINS, ConcepciÃ³n",-36.826865,-73.048016,Moto_2024.csv
-8138854.50826553,-4408280.13056251,5771,2024,1651187,2024/11/17 00:00:00+00,Noviembre,17,Domingo,1899/12/30 00:00:00+00,15:31:00,15,REGION BIO BIO,HUALPEN,COLISION,COLISION,URBANA,CRUCE SIN SENALIZACION,IMPRUDENCIA DEL CONDUCTOR,NO RESPETAR DERECHO PREFERENTE DE PASO A PEATON,GRAN BRETANA,MANCHESTER,GRAN BRETANA - MANCHESTER,0, , ,BIDIRECCIONAL,CONCRETO,BUENO,SECO,DESPEJADO,0,0,0,0,8,81,8112,BiobÃ­o,ConcepciÃ³n,HualpÃ©n,Interseccion,"GRAN BRETANA & MANCHESTER, HualpÃ©n",-36.77852,-73.112574,Moto_2024.csv
-8132992.08992189,-4411063.77380454,5774,2024,1636759,2024/09/11 00:00:00+00,Septiembre,11,MiÃ©rcoles,1899/12/30 00:00:00+00,18:30:00,18,REGION BIO BIO,CONCEPCION,COLISION LATERAL,COLISION,URBANA,TRAMO DE VIA RECTA,IMPRUDENCIA DEL CONDUCTOR,CONDUCCION CONTRA SENTIDO DEL TRANSITO,ALONSO DE RIBERA,PAICAVI,ALONSO DE RIBERA - PAICAVI,0, , ,BIDIRECCIONAL CON BANDEJON,CONCRETO,BUENO,SECO,DESPEJADO,0,0,0,0,8,81,8101,BiobÃ­o,ConcepciÃ³n,ConcepciÃ³n,Interseccion,"ALONSO DE RIBERA & PAICAVI, ConcepciÃ³n",-36.798546,-73.059911,Moto_2024.csv
-8138854.28562655,-4409250.00016783,5778,2024,1636786,2024/09/11 00:00:00+00,Septiembre,11,MiÃ©rcoles,1899/12/30 00:00:00+00,22:00:00,22,REGION BIO BIO,HUALPEN,COLISION,COLISION,URBANA,CRUCE CON SENAL CEDA EL PASO,DESOBEDIENCIA A SEÃALIZACION,SENALIZACION DESOBEDECER SENAL CEDA EL PASO,GIBRALTAR,FINLANDIA,FINLANDIA - GIBRALTAR,0, , ,BIDIRECCIONAL,CONCRETO,BUENO,SECO,DESPEJADO,0,0,0,1,8,81,8112,BiobÃ­o,ConcepciÃ³n,HualpÃ©n,Interseccion,"FINLANDIA & GIBRALTAR, HualpÃ©n",-36.785498,-73.112572,Moto_2024.csv
-8132580.8757229,-4415992.60444325,5786,2024,1651257,2024/11/18 00:00:00+00,Noviembre,18,Lunes,1899/12/30 00:00:00+00,11:55:00,11,REGION BIO BIO,CONCEPCION,COLISION PERPENDICULAR,COLISION,URBANA,CRUCE CON SEMAFORO FUNCIONANDO,DESOBEDIENCIA A SEÃALIZACION,SENALIZACION DESOBEDECER LUZ ROJA DE SEMAFORO,CHACABUCO,ARTURO PRAT,ARTURO PRAT - CHACABUCO,0, , ,UNIDIRECCIONAL,CONCRETO,BUENO,SECO,DESPEJADO,0,0,0,1,8,81,8101,BiobÃ­o,ConcepciÃ³n,ConcepciÃ³n,Interseccion,"ARTURO PRAT & CHACABUCO, ConcepciÃ³n",-36.833992,-73.056217,Moto_2024.csv