ï»¿X,Y,FID,AÃ±o,IdAccident,Fecha,Mes,Dia_mes,Dia_semana,Hora,Hora_texto,Hora_aprox,RegiÃ³n,Comuna,Tipo_Accid,Tipo__CONA,Zona,UbicaciÃ³n,Causa__CON,Causa_Acci,Calle_Uno,Calle_Dos,Intersecci,NÃºmero,Ruta,Ubicaci_1,Calzada,Tipo_Calza,Estado_Cal,CondiciÃ³n,Estado_Atm,Fallecidos,Graves,Menos_Grav,Leves,CUT_REG,CUT_PROV,CUT_COM,REGION,PROVINCIA,COMUNA1,Tipo_direc,Direccion,Lat,Lon,Archivo_Origen
-8137168.01798001,-4409594.15970818,5791,2024,1619607,2024/06/23 00:00:00+00,Junio,23,Domingo,1899/12/30 00:00:00+00,13:14:00,13,REGION BIO BIO,HUALPEN,COLISION,COLISION,URBANA,CRUCE SIN SENALIZACION,IMPRUDENCIA DEL CONDUCTOR,ADELANTAMIENTO SIN EL ESPACIO O TIEMPO SUFICIENTE,LA CORUNA,TOSCANIA,LA CORUNA - TOSCANIA,0, , ,BIDIRECCIONAL,CONCRETO,BUENO,MOJADO,LLUVIA,0,0,0,0,8,81,8112,BiobÃ­o,ConcepciÃ³n,HualpÃ©n,Interseccion,"LA CORUNA & TOSCANIA, HualpÃ©n",-36.787974,-73.097424,Moto_2024.csv
-8129212.79320945,-4428552.63164157,5793,2024,1651292,2024/11/15 00:00:00+00,Noviembre,15,Viernes,1899/12/30 00:00:00+00,15:55:00,15,REGION BIO BIO,CHIGUAYANTE,COLISION POR ALCANCE,COLISION,URBANA,TRAMO DE VIA RECTA,IMPRUDENCIA DEL CONDUCTOR,CONDUCCION NO ATENTO CONDICIONES TRANSITO MOMENTO,MANUEL RODRIGUEZ,LUIS ACEVEDO,LUIS ACEVEDO - MANUEL RODRIGUEZ,0, , ,BIDIRECCIONAL CON BANDEJON,CONCRETO,BUENO,SECO,DESPEJADO,0,0,0,1,8,81,8103,BiobÃ­o,ConcepciÃ³n,Chiguayante,Interseccion,"LUIS ACEVEDO & MANUEL RODRIGUEZ, Chiguayante",-36.924244,-73.025961,Moto_2024.csv
-8136947.31233968,-4416653.15343435,5803,2024,1619685,2024/06/18 00:00:00+00,Junio,18,Martes,1899/12/30 00:00:00+00,18:15:00,18,REGION BIO BIO,SAN PEDRO DE LA PAZ,ATROPELLO,ATROPELLO,URBANA,CRUCE CON SEMAFORO FUNCIONANDO,IMPRUDENCIA DEL CONDUCTOR,NO RESPETAR DERECHO PREFERENTE DE PASO A PEATON,VICTORIA,PEDRO AGUIRRE CERDA,PEDRO AGUIRRE CERDA - VICTORIA,0, , ,BIDIRECCIONAL CON BANDEJON,CONCRETO,BUENO,HUMEDO,DESPEJADO,0,0,2,0,8,81,8108,BiobÃ­o,ConcepciÃ³n,San Pedro de la Paz,Interseccion,"PEDRO AGUIRRE CERDA & VICTORIA, San Pedro de la Paz",-36.838741,-73.095441,Moto_2024.csv
-8137411.13974791,-4410640.32843654,5839,2024,1637038,2024/09/13 00:00:00+00,Septiembre,13,Viernes,1899/12/30 00:00:00+00,16:50:00,16,REGION BIO BIO,HUALPEN,COLISION,COLISION,URBANA,CRUCE CON SENAL CEDA EL PASO,VELOCIDAD IMPRUDENTE,VELOCIDAD NO RAZONABLE NI PRUDENTE,BREMEN,LA RECONQUISTA,BREMEN - LA RECONQUISTA,0, , ,BIDIRECCIONAL,CONCRETO,BUENO,SECO,DESPEJADO,0,1,0,0,8,81,8112,BiobÃ­o,ConcepciÃ³n,HualpÃ©n,Interseccion,"BREMEN & LA RECONQUISTA, HualpÃ©n",-36.7955,-73.099608,Moto_2024.csv
-8132507.85013694,-4414714.35999357,5858,2024,1644544,2024/10/17 00:00:00+00,Octubre,17,Jueves,1899/12/30 00:00:00+00,17:50:00,17,REGION BIO BIO,CONCEPCION,COLISION LATERAL,COLISION,URBANA,CRUCE CON SEMAFORO FUNCIONANDO,IMPRUDENCIA DEL CONDUCTOR,CONDUCCION CAMBIAR SORPRESIVAMENTE PISTA CIRCULACION,LOS CARRERA,LINCOYAN,LINCOYAN - LOS CARRERA,0, , ,BIDIRECCIONAL CON BANDEJON,CONCRETO,BUENO,SECO,DESPEJADO,0,0,0,1,8,81,8101,BiobÃ­o,ConcepciÃ³n,ConcepciÃ³n,Interseccion,"LINCOYAN & LOS CARRERA, ConcepciÃ³n",-36.824801,-73.055561,Moto_2024.csv
-8129754.80781013,-4413299.02699764,5864,2024,1644554,2024/10/18 00:00:00+00,Octubre,18,Viernes,1899/12/30 00:00:00+00,14:55:00,14,REGION BIO BIO,CONCEPCION,CHOQUE POSTERIOR,CHOQUE,URBANA,CRUCE CON SEMAFORO FUNCIONANDO,IMPRUDENCIA DEL CONDUCTOR,CONDUCCION NO ATENTO CONDICIONES TRANSITO MOMENTO,JUAN BOSCO,LOS CARRERA,JUAN BOSCO - LOS CARRERA,0, , ,UNIDIRECCIONAL,CONCRETO,BUENO,SECO,DESPEJADO,0,0,0,0,8,81,8101,BiobÃ­o,ConcepciÃ³n,ConcepciÃ³n,Interseccion,"JUAN BOSCO & LOS CARRERA, ConcepciÃ³n",-36.814623,-73.03083,Moto_2024.csv
-8135113.61677742,-4416023.06388741,5881,2024,1620111,2024/06/25 00:00:00+00,Junio,25,Martes,1899/12/30 00:00:00+00,17:00:00,17,REGION BIO BIO,SAN PEDRO DE LA PAZ,CHOQUE POSTERIOR,CHOQUE,URBANA,PUENTE,IMPRUDENCIA DEL CONDUCTOR,CONDUCCION SIN MANTENER DISTANCIA RAZONABLE NI PRUDENTE,PUENTE LLACOLEN,PEDRO AGUIRRE CERDA,PEDRO AGUIRRE CERDA - PUENTE LLACOLEN,0, , ,UNIDIRECCIONAL,CONCRETO,BUENO,SECO,DESPEJADO,0,1,0,0,8,81,8108,BiobÃ­o,ConcepciÃ³n,San Pedro de la Paz,Interseccion,"PEDRO AGUIRRE CERDA & PUENTE LLACOLEN, San Pedro de la Paz",-36.834211,-73.078969,Moto_2024.csv
-8137716.82306963,-4411513.23374891,5916,2024,1620166,2024/06/25 00:00:00+00,Junio,25,Martes,1899/12/30 00:00:00+00,18:30:00,18,REGION BIO BIO,HUALPEN,COLISION,COLISION,URBANA,TRAMO DE VIA RECTA,IMPRUDENCIA DEL CONDUCTOR,CONDUCCION CONTRA SENTIDO DEL TRANSITO,MAR CASPIO,OCEANO ATLANTICO,MAR CASPIO - OCEANO ATLANTICO,0, , ,BIDIRECCIONAL,CONCRETO,BUENO,SECO,NUBLADO,0,0,0,1,8,81,8112,BiobÃ­o,ConcepciÃ³n,HualpÃ©n,Interseccion,"MAR CASPIO & OCEANO ATLANTICO, HualpÃ©n",-36.801779,-73.102354,Moto_2024.csv
-8130334.67103767,-4413763.46019019,5926,2024,1651955,2024/11/20 00:00:00+00,Noviembre,20,MiÃ©rcoles,1899/12/30 00:00:00+00,17:20:00,17,REGION BIO BIO,CONCEPCION,COLISION PERPENDICULAR,COLISION,URBANA,CRUCE CON SEMAFORO FUNCIONANDO,DESOBEDIENCIA A SEÃALIZACION,SENALIZACION DESOBEDECER LUZ INTERMITENTE SEMAFORO,PELANTARO,MAIPU,MAIPU - PELANTARO,0, , ,UNIDIRECCIONAL,CONCRETO,BUENO,SECO,DESPEJADO,0,1,0,0,8,81,8101,BiobÃ­o,ConcepciÃ³n,ConcepciÃ³n,Interseccion,"MAIPU & PELANTARO, ConcepciÃ³n",-36.817963,-73.036039,Moto_2024.csv
-8131988.65603188,-4414982.48515141,6008,2024,1652498,2024/11/21 00:00:00+00,Noviembre,21,Jueves,1899/12/30 00:00:00+00,14:30:00,14,REGION BIO BIO,CONCEPCION,ATROPELLO,ATROPELLO,URBANA,CRUCE CON SEMAFORO FUNCIONANDO,IMPRUDENCIA DEL PEATON,IMPRUDENCIA DEL PEATON,CAUPOLICAN,BARROS ARANA,BARROS ARANA - CAUPOLICAN,0, , ,UNIDIRECCIONAL,CONCRETO,BUENO,SECO,DESPEJADO,0,0,0,1,8,81,8101,BiobÃ­o,ConcepciÃ³n,ConcepciÃ³n,Interseccion,"BARROS ARANA & CAUPOLICAN, ConcepciÃ³n",-36.826729,-73.050897,Moto_2024.csv
-8132194.26313137,-4417343.05691222,6038,2024,1653062,2024/11/26 00:00:00+00,Noviembre,26,Martes,1899/12/30 00:00:00+00,00:10:00,0,REGION BIO BIO,CONCEPCION,COLISION PERPENDICULAR,COLISION,URBANA,CRUCE CON SEMAFORO FUNCIONANDO,IMPRUDENCIA DEL CONDUCTOR,CONDUCCION NO ATENTO CONDICIONES TRANSITO MOMENTO,PEDRO DE VALDIVIA,SARGENTO ALDEA,PEDRO DE VALDIVIA - SARGENTO ALDEA,0, , ,BIDIRECCIONAL CON BANDEJON,CONCRETO,BUENO,SECO,LLOVIZNA,0,0,1,0,8,81,8101,BiobÃ­o,ConcepciÃ³n,ConcepciÃ³n,Interseccion,"PEDRO DE VALDIVIA & SARGENTO ALDEA, ConcepciÃ³n",-36.843701,-73.052744,Moto_2024.csv
-8138562.73988017,-4409413.73865924,6059,2024,1653510,2024/11/27 00:00:00+00,Noviembre,27,MiÃ©rcoles,1899/12/30 00:00:00+00,21:30:00,21,REGION BIO BIO,HUALPEN,VOLCADURA,VOLCADURA,URBANA,CRUCE CON SENAL PARE,VELOCIDAD IMPRUDENTE,VELOCIDAD MAYOR QUE MAXIMA PERMITIDA,SANTA MARIA,O'HIGGINS,O'HIGGINS - SANTA MARIA,0, , ,BIDIRECCIONAL CON BANDEJON,CONCRETO,BUENO,SECO,DESPEJADO,0,0,1,0,8,81,8112,BiobÃ­o,ConcepciÃ³n,HualpÃ©n,Interseccion,"O'HIGGINS & SANTA MARIA, HualpÃ©n",-36.786676,-73.109953,Moto_2024.csv
-8135753.81516898,-4411338.75818003,6065,2024,1653604,2024/11/30 00:00:00+00,Noviembre,30,SÃ¡bado,1899/12/30 00:00:00+00,10:40:00,10,REGION BIO BIO,HUALPEN,COLISION,COLISION,URBANA,CRUCE CON SEMAFORO FUNCIONANDO,IMPRUDENCIA DEL CONDUCTOR,"ADELANTAMIENTO EN CRUCE, CURVA, CUESTA, PUENTE",CRISTOBAL COLON,NUEVA IMPERIAL,CRISTOBAL COLON - NUEVA IMPERIAL,0, , ,BIDIRECCIONAL,CONCRETO,BUENO,SECO,DESPEJADO,0,1,0,1,8,81,8112,BiobÃ­o,ConcepciÃ³n,HualpÃ©n,Interseccion,"CRISTOBAL COLON & NUEVA IMPERIAL, HualpÃ©n",-36.800524,-73.08472,Moto_2024.csv
-8132504.06527425,-4415435.03121432,6134,2024,1654893,2024/12/04 00:00:00+00,Diciembre,4,MiÃ©rcoles,1899/12/30 00:00:00+00,12:40:00,12,REGION BIO BIO,CONCEPCION,COLISION LATERAL,COLISION,URBANA,CRUCE CON SEMAFORO FUNCIONANDO,IMPRUDENCIA DEL CONDUCTOR,CONDUCCION NO ATENTO CONDICIONES TRANSITO MOMENTO,O'HIGGINS,OBISPO HIPOLITO SALAS,OBISPO HIPOLITO SALAS - O'HIGGINS,0, , ,UNIDIRECCIONAL,CONCRETO,BUENO,SECO,DESPEJADO,0,0,0,1,8,81,8101,BiobÃ­o,ConcepciÃ³n,ConcepciÃ³n,Interseccion,"OBISPO HIPOLITO SALAS & O'HIGGINS, ConcepciÃ³n",-36.829983,-73.055527,Moto_2024.csv
-8134593.59894153,-4406776.96561331,6152,2024,1655130,2024/12/06 00:00:00+00,Diciembre,6,Viernes,1899/12/30 00:00:00+00,22:10:00,22,REGION BIO BIO,TALCAHUANO,COLISION LATERAL,COLISION,URBANA,CRUCE CON SEMAFORO FUNCIONANDO,DESOBEDIENCIA A SEÃALIZACION,SENALIZACION DESOBEDECER LUZ ROJA DE SEMAFORO,CALLE A,IFARLE ORIENTE,CALLE A - IFARLE ORIENTE,0, , ,BIDIRECCIONAL CON BANDEJON,CONCRETO,BUENO,SECO,DESPEJADO,0,0,0,0,8,81,8110,BiobÃ­o,ConcepciÃ³n,Talcahuano,Interseccion,"CALLE A & IFARLE ORIENTE, Talcahuano",-36.767704,-73.074298,Moto_2024.csv
-8128152.14110118,-4414669.4413462,6154,2024,1655160,2024/12/05 00:00:00+00,Diciembre,5,Jueves,1899/12/30 00:00:00+00,19:30:00,19,REGION BIO BIO,CONCEPCION,COLISION PERPENDICULAR,COLISION,URBANA,CRUCE CON SENAL CEDA EL PASO,IMPRUDENCIA DEL CONDUCTOR,CONDUCCION NO ATENTO CONDICIONES TRANSITO MOMENTO,BATALLA DE LOS DUENDES,GENERAL GOROSTIAGA,BATALLA DE LOS DUENDES - GENERAL GOROSTIAGA,0, , ,UNIDIRECCIONAL,CONCRETO,BUENO,SECO,DESPEJADO,0,0,0,1,8,81,8101,BiobÃ­o,ConcepciÃ³n,ConcepciÃ³n,Interseccion,"BATALLA DE LOS DUENDES & GENERAL GOROSTIAGA, ConcepciÃ³n",-36.824478,-73.016433,Moto_2024.csv
-8139531.9986865,-4416444.08075415,6161,2024,1655284,2024/11/14 00:00:00+00,Noviembre,14,Jueves,1899/12/30 00:00:00+00,08:00:00,8,REGION BIO BIO,SAN PEDRO DE LA PAZ,COLISION LATERAL,COLISION,URBANA,TRAMO DE VIA RECTA,IMPRUDENCIA DEL CONDUCTOR,ADELANTAMIENTO SIN EL ESPACIO O TIEMPO SUFICIENTE,PEDRO AGUIRRE CERDA,DIAGONAL BIOBIO,DIAGONAL BIOBIO - PEDRO AGUIRRE CERDA,0, , ,BIDIRECCIONAL,CONCRETO,BUENO,SECO,DESPEJADO,0,1,0,0,8,81,8108,BiobÃ­o,ConcepciÃ³n,San Pedro de la Paz,Interseccion,"DIAGONAL BIOBIO & PEDRO AGUIRRE CERDA, San Pedro de la Paz",-36.837238,-73.11866,Moto_2024.csv
-8142480.62935863,-4420733.3660612,6176,2024,1655583,2024/11/20 00:00:00+00,Noviembre,20,MiÃ©rcoles,1899/12/30 00:00:00+00,12:40:00,12,REGION BIO BIO,SAN PEDRO DE LA PAZ,COLISION LATERAL,COLISION,URBANA,TRAMO DE VIA RECTA,IMPRUDENCIA DEL CONDUCTOR,ADELANTAMIENTO SIN EL ESPACIO O TIEMPO SUFICIENTE,COSTANERA,1 NORTE,1 NORTE - COSTANERA,0, , ,BIDIRECCIONAL,CONCRETO,BUENO,SECO,DESPEJADO,0,0,0,0,8,81,8108,BiobÃ­o,ConcepciÃ³n,San Pedro de la Paz,Interseccion,"1 NORTE & COSTANERA, San Pedro de la Paz",-36.86807,-73.145148,Moto_2024.csv
-8132217.86286342,-4415287.33274981,6274,2024,1657262,2024/12/15 00:00:00+00,Diciembre,15,Domingo,1899/12/30 00:00:00+00,12:35:00,12,REGION BIO BIO,CONCEPCION,COLISION LATERAL,COLISION,URBANA,CRUCE CON SEMAFORO FUNCIONANDO,IMPRUDENCIA DEL CONDUCTOR,CONDUCCION CAMBIAR SORPRESIVAMENTE PISTA CIRCULACION,O'HIGGINS,LINCOYAN,LINCOYAN - O'HIGGINS,0, , ,UNIDIRECCIONAL,CONCRETO,BUENO,SECO,DESPEJADO,0,0,0,1,8,81,8101,BiobÃ­o,ConcepciÃ³n,ConcepciÃ³n,Interseccion,"LINCOYAN & O'HIGGINS, ConcepciÃ³n",-36.828921,-73.052956,Moto_2024.csv
-8129934.70010725,-4424727.32930591,6325,2024,1658029,2024/12/14 00:00:00+00,Diciembre,14,SÃ¡bado,1899/12/30 00:00:00+00,23:45:00,23,REGION BIO BIO,CHIGUAYANTE,COLISION PERPENDICULAR,COLISION,URBANA,TRAMO DE VIA RECTA,IMPRUDENCIA DEL CONDUCTOR,CONDUCCION NO ATENTO CONDICIONES TRANSITO MOMENTO,O'HIGGINS,CAUPOLICAN,CAUPOLICAN - O'HIGGINS,0, , ,BIDIRECCIONAL,CONCRETO,BUENO,SECO,DESPEJADO,0,0,0,0,8,81,8103,BiobÃ­o,ConcepciÃ³n,Chiguayante,Interseccion,"CAUPOLICAN & O'HIGGINS, Chiguayante",-36.896768,-73.032446,Moto_2024.csv
-8132613.93761166,-4410059.40435798,6370,2024,1658940,2024/12/17 00:00:00+00,Diciembre,17,Martes,1899/12/30 00:00:00+00,18:00:00,18,REGION BIO BIO,CONCEPCION,COLISION LATERAL,COLISION,URBANA,TRAMO DE VIA RECTA,IMPRUDENCIA DEL CONDUCTOR,CONDUCCION NO ATENTO CONDICIONES TRANSITO MOMENTO,PADRE ALONSO DE OVALLE,GARCIA HURTADO DE MENDOZA,GARCIA HURTADO DE MENDOZA - PADRE ALONSO DE OVALLE,0, , ,UNIDIRECCIONAL,CONCRETO,BUENO,SECO,DESPEJADO,0,0,0,0,8,81,8101,BiobÃ­o,ConcepciÃ³n,ConcepciÃ³n,Interseccion,"GARCIA HURTADO DE MENDOZA & PADRE ALONSO DE OVALLE, ConcepciÃ³n",-36.791321,-73.056514,Moto_2024.csv
-8129066.88673061,-4411885.25871434,6373,2024,1658961,2024/12/18 00:00:00+00,Diciembre,18,MiÃ©rcoles,1899/12/30 00:00:00+00,03:36:00,3,REGION BIO BIO,CONCEPCION,COLISION POR ALCANCE,COLISION,URBANA,CRUCE CON SEMAFORO FUNCIONANDO,IMPRUDENCIA DEL CONDUCTOR,CONDUCCION SIN MANTENER DISTANCIA RAZONABLE NI PRUDENTE,CAMINO PENCO,CALLE DOS,CALLE DOS - CAMINO PENCO,0, , ,BIDIRECCIONAL,CONCRETO,BUENO,SECO,DESPEJADO,0,1,0,0,8,81,8101,BiobÃ­o,ConcepciÃ³n,ConcepciÃ³n,Interseccion,"CALLE DOS & CAMINO PENCO, ConcepciÃ³n",-36.804455,-73.02465,Moto_2024.csv
-8135987.36346066,-4409416.65761953,6384,2024,1659173,2024/12/21 00:00:00+00,Diciembre,21,SÃ¡bado,1899/12/30 00:00:00+00,19:37:00,19,REGION BIO BIO,HUALPEN,COLISION,COLISION,URBANA,CRUCE SIN SENALIZACION,IMPRUDENCIA DEL CONDUCTOR,CONDUCCION NO ATENTO CONDICIONES TRANSITO MOMENTO,CRISTOBAL COLON,LOS JINETES,CRISTOBAL COLON - LOS JINETES,0, , ,BIDIRECCIONAL,CONCRETO,BUENO,SECO,DESPEJADO,0,0,0,0,8,81,8112,BiobÃ­o,ConcepciÃ³n,HualpÃ©n,Interseccion,"CRISTOBAL COLON & LOS JINETES, HualpÃ©n",-36.786697,-73.086818,Moto_2024.csv
-8137011.94799826,-4409407.34477683,6387,2024,1659230,2024/12/20 00:00:00+00,Diciembre,20,Viernes,1899/12/30 00:00:00+00,19:30:00,19,REGION BIO BIO,HUALPEN,COLISION,COLISION,URBANA,CRUCE SIN SENALIZACION,IMPRUDENCIA DEL CONDUCTOR,CONDUCCION SIN MANTENER DISTANCIA RAZONABLE NI PRUDENTE,LAS GOLONDRINAS,SICILIA,LAS GOLONDRINAS - SICILIA,0, , ,BIDIRECCIONAL CON BANDEJON,CONCRETO,BUENO,SECO,DESPEJADO,0,0,0,1,8,81,8112,BiobÃ­o,ConcepciÃ³n,HualpÃ©n,Interseccion,"LAS GOLONDRINAS & SICILIA, HualpÃ©n",-36.78663,-73.096022,Moto_2024.csv
-8129008.96722181,-4430283.07436259,6424,2024,1659766,2024/12/15 00:00:00+00,Diciembre,15,Domingo,1899/12/30 00:00:00+00,19:30:00,19,REGION BIO BIO,CHIGUAYANTE,COLISION PERPENDICULAR,COLISION,URBANA,TRAMO DE VIA RECTA,IMPRUDENCIA DEL CONDUCTOR,CONDUCCION NO ATENTO CONDICIONES TRANSITO MOMENTO,PASAJE TRES,PROGRESO,PASAJE TRES - PROGRESO,0, , ,BIDIRECCIONAL,CONCRETO,BUENO,SECO,DESPEJADO,0,0,0,1,8,81,8103,BiobÃ­o,ConcepciÃ³n,Chiguayante,Interseccion,"PASAJE TRES & PROGRESO, Chiguayante",-36.93667,-73.02413,Moto_2024.csv
-8127869.16695558,-4432523.48789045,6427,2024,1659791,2024/12/22 00:00:00+00,Diciembre,22,Domingo,1899/12/30 00:00:00+00,14:45:00,14,REGION BIO BIO,CHIGUAYANTE,COLISION PERPENDICULAR,COLISION,URBANA,CRUCE CON SEMAFORO FUNCIONANDO,DESOBEDIENCIA A SEÃALIZACION,SENALIZACION DESOBEDECER OTRA,ITALIA,MANUEL RODRIGUEZ,ITALIA - MANUEL RODRIGUEZ,0, , ,BIDIRECCIONAL,ASFALTO,BUENO,SECO,DESPEJADO,0,1,1,0,8,81,8103,BiobÃ­o,ConcepciÃ³n,Chiguayante,Interseccion,"ITALIA & MANUEL RODRIGUEZ, Chiguayante",-36.952755,-73.013891,Moto_2024.csv
-8131478.03352761,-4413638.17247359,6432,2024,1659911,2024/12/26 00:00:00+00,Diciembre,26,Jueves,1899/12/30 00:00:00+00,18:10:00,18,REGION BIO BIO,CONCEPCION,CHOQUE,CHOQUE,URBANA,CRUCE CON SEMAFORO FUNCIONANDO,IMPRUDENCIA DEL CONDUCTOR,CONDUCCION NO ATENTO CONDICIONES TRANSITO MOMENTO,PAICAVI,MANUEL BULNES,MANUEL BULNES - PAICAVI,0, , ,BIDIRECCIONAL,CONCRETO,BUENO,SECO,DESPEJADO,0,0,0,0,8,81,8101,BiobÃ­o,ConcepciÃ³n,ConcepciÃ³n,Interseccion,"MANUEL BULNES & PAICAVI, ConcepciÃ³n",-36.817062,-73.04631,Moto_2024.csv
-8132118.23191916,-4413404.28747512,6442,2024,1660207,2024/12/23 00:00:00+00,Diciembre,23,Lunes,1899/12/30 00:00:00+00,20:35:00,20,REGION BIO BIO,CONCEPCION,COLISION POR ALCANCE,COLISION,URBANA,CRUCE CON SEMAFORO FUNCIONANDO,IMPRUDENCIA DEL CONDUCTOR,CONDUCCION NO ATENTO CONDICIONES TRANSITO MOMENTO,TUCAPEL,MANUEL RODRIGUEZ,MANUEL RODRIGUEZ - TUCAPEL,0, , ,UNIDIRECCIONAL,CONCRETO,BUENO,SECO,DESPEJADO,0,1,0,0,8,81,8101,BiobÃ­o,ConcepciÃ³n,ConcepciÃ³n,Interseccion,"MANUEL RODRIGUEZ & TUCAPEL, ConcepciÃ³n",-36.81538,-73.052061,Moto_2024.csv
-8132160.75596464,-4415073.29878266,6443,2024,1660262,2024/12/26 00:00:00+00,Diciembre,26,Jueves,1899/12/30 00:00:00+00,22:30:00,22,REGION BIO BIO,CONCEPCION,COLISION PERPENDICULAR,COLISION,URBANA,CRUCE CON SEMAFORO FUNCIONANDO,DESOBEDIENCIA A SEÃALIZACION,SENALIZACION DESOBEDECER LUZ ROJA DE SEMAFORO,RENGO,BARROS ARANA,BARROS ARANA - RENGO,0, , ,UNIDIRECCIONAL,CONCRETO,BUENO,SECO,NUBLADO,0,0,0,2,8,81,8101,BiobÃ­o,ConcepciÃ³n,ConcepciÃ³n,Interseccion,"BARROS ARANA & RENGO, ConcepciÃ³n",-36.827382,-73.052443,Moto_2024.csv
-8132723.25335162,-4415719.8641744,6447,2024,1660302,2024/12/28 00:00:00+00,Diciembre,28,SÃ¡bado,1899/12/30 00:00:00+00,20:30:00,20,REGION BIO BIO,CONCEPCION,COLISION LATERAL,COLISION,URBANA,CRUCE CON SEMAFORO FUNCIONANDO,IMPRUDENCIA DEL CONDUCTOR,CONDUCCION NO ATENTO CONDICIONES TRANSITO MOMENTO,SAN MARTIN PONIENTE,ARTURO PRAT,ARTURO PRAT - SAN MARTIN PONIENTE,0, , ,UNIDIRECCIONAL,CONCRETO,BUENO,SECO,DESPEJADO,0,1,0,0,8,81,8101,BiobÃ­o,ConcepciÃ³n,ConcepciÃ³n,Interseccion,"ARTURO PRAT & SAN MARTIN PONIENTE, ConcepciÃ³n",-36.832031,-73.057496,Moto_2024.csv
-8131399.21932813,-4410267.22112841,6453,2024,1660446,2024/12/26 00:00:00+00,Diciembre,26,Jueves,1899/12/30 00:00:00+00,11:18:00,11,REGION BIO BIO,CONCEPCION,COLISION LATERAL,COLISION,URBANA,TRAMO DE VIA RECTA,IMPRUDENCIA DEL CONDUCTOR,CONDUCCION NO ATENTO CONDICIONES TRANSITO MOMENTO,ABDON CIFUENTES,MERINO DE LOBERA,ABDON CIFUENTES - MERINO DE LOBERA,0, , ,BIDIRECCIONAL,CONCRETO,BUENO,SECO,DESPEJADO,0,0,0,0,8,81,8101,BiobÃ­o,ConcepciÃ³n,ConcepciÃ³n,Interseccion,"ABDON CIFUENTES & MERINO DE LOBERA, ConcepciÃ³n",-36.792816,-73.045602,Moto_2024.csv
-8136444.10733139,-4404923.10094978,6463,2024,1660750,2024/12/29 00:00:00+00,Diciembre,29,Domingo,1899/12/30 00:00:00+00,16:30:00,16,REGION BIO BIO,TALCAHUANO,COLISION LATERAL,COLISION,URBANA,CRUCE SIN SENALIZACION,IMPRUDENCIA DEL CONDUCTOR,NO RESPETAR DERECHO PREFERENTE DE PASO A VEHICULO,SAN VICENTE,CALLE UNO,CALLE UNO - SAN VICENTE,0, , ,BIDIRECCIONAL,CONCRETO,BUENO,SECO,DESPEJADO,0,0,0,1,8,81,8110,BiobÃ­o,ConcepciÃ³n,Talcahuano,Interseccion,"CALLE UNO & SAN VICENTE, Talcahuano",-36.754362,-73.090921,Moto_2024.csv
-8137594.95255052,-4416638.29711105,6522,2024,1661913,2024/12/02 00:00:00+00,Diciembre,2,Lunes,1899/12/30 00:00:00+00,15:15:00,15,REGION BIO BIO,SAN PEDRO DE LA PAZ,ATROPELLO,ATROPELLO,URBANA,CRUCE CON SEMAFORO FUNCIONANDO,DESOBEDIENCIA A SEÃALIZACION,SENALIZACION DESOBEDECER LUZ ROJA DE SEMAFORO,PEDRO AGUIRRE CERDA,LOS CANELOS,LOS CANELOS - PEDRO AGUIRRE CERDA,0, , ,BIDIRECCIONAL,CONCRETO,BUENO,SECO,DESPEJADO,0,0,0,2,8,81,8108,BiobÃ­o,ConcepciÃ³n,San Pedro de la Paz,Interseccion,"LOS CANELOS & PEDRO AGUIRRE CERDA, San Pedro de la Paz",-36.838634,-73.101259,Moto_2024.csv
-8142250.75461015,-4419186.45299241,6529,2024,1661967,2024/12/16 00:00:00+00,Diciembre,16,Lunes,1899/12/30 00:00:00+00,13:35:00,13,REGION BIO BIO,SAN PEDRO DE LA PAZ,COLISION LATERAL,COLISION,URBANA,TRAMO DE VIA RECTA,IMPRUDENCIA DEL CONDUCTOR,CONDUCCION NO ATENTO CONDICIONES TRANSITO MOMENTO,4 NORTE,CHUCAO,4 NORTE - CHUCAO,0, , ,BIDIRECCIONAL,CONCRETO,BUENO,SECO,DESPEJADO,0,0,1,0,8,81,8108,BiobÃ­o,ConcepciÃ³n,San Pedro de la Paz,Interseccion,"4 NORTE & CHUCAO, San Pedro de la Paz",-36.856952,-73.143083,Moto_2024.csv
-8141927.59412837,-4423985.70643954,6531,2024,1662004,2024/12/29 00:00:00+00,Diciembre,29,Domingo,1899/12/30 00:00:00+00,18:00:00,18,REGION BIO BIO,SAN PEDRO DE LA PAZ,COLISION LATERAL,COLISION,URBANA,CRUCE CON SENAL PARE,DESOBEDIENCIA A SEÃALIZACION,SENALIZACION DESOBEDECER SENAL PARE,GALVARINO,GENARO PRIETO,GALVARINO - GENARO PRIETO,0, , ,BIDIRECCIONAL,CONCRETO,BUENO,SECO,DESPEJADO,0,0,0,0,8,81,8108,BiobÃ­o,ConcepciÃ³n,San Pedro de la Paz,Interseccion,"GALVARINO & GENARO PRIETO, San Pedro de la Paz",-36.89144,-73.14018,Moto_2024.csv