ï»¿X,Y,FID,AÃ±o,IdAccident,Fecha,Mes,Dia_mes,Dia_semana,Hora,Hora_texto,Hora_aprox,RegiÃ³n,Comuna,Tipo_Accid,Tipo__CONA,Zona,UbicaciÃ³n,Causa__CON,Causa_Acci,Calle_Uno,Calle_Dos,Intersecci,NÃºmero,Ruta,Ubicaci_1,Calzada,Tipo_Calza,Estado_Cal,CondiciÃ³n,Estado_Atm,Fallecidos,Graves,Menos_Grav,Leves,CUT_REG,CUT_PROV,CUT_COM,REGION,PROVINCIA,COMUNA1,Tipo_direc,Direccion,Lat,Lon,Archivo_Origen
-8141872.796263,-4417405.97485998,6548,2024,1662221,2024/12/17 00:00:00+00,Diciembre,17,Martes,1899/12/30 00:00:00+00,19:30:00,19,REGION BIO BIO,SAN PEDRO DE LA PAZ,COLISION PERPENDICULAR,COLISION,URBANA,TRAMO DE VIA RECTA,IMPRUDENCIA DEL CONDUCTOR,NO RESPETAR DERECHO PREFERENTE DE PASO A VEHICULO,MICHAIHUE,MANUEL RODRIGUEZ,MANUEL RODRIGUEZ - MICHAIHUE,0, , ,BIDIRECCIONAL,CONCRETO,BUENO,SECO,DESPEJADO,0,0,0,1,8,81,8108,BiobÃ­o,ConcepciÃ³n,San Pedro de la Paz,Interseccion,"MANUEL RODRIGUEZ & MICHAIHUE, San Pedro de la Paz",-36.844153,-73.139688,Moto_2024.csv
-8137594.95255052,-4416638.29711105,6550,2024,1662236,2024/12/22 00:00:00+00,Diciembre,22,Domingo,1899/12/30 00:00:00+00,19:20:00,19,REGION BIO BIO,SAN PEDRO DE LA PAZ,COLISION,COLISION,URBANA,TRAMO DE VIA RECTA,DESOBEDIENCIA A SEÃALIZACION,SENALIZACION DESOBEDECER LUZ ROJA DE SEMAFORO,PEDRO AGUIRRE CERDA,LOS CANELOS,LOS CANELOS - PEDRO AGUIRRE CERDA,0, , ,BIDIRECCIONAL,CONCRETO,BUENO,SECO,DESPEJADO,0,0,0,1,8,81,8108,BiobÃ­o,ConcepciÃ³n,San Pedro de la Paz,Interseccion,"LOS CANELOS & PEDRO AGUIRRE CERDA, San Pedro de la Paz",-36.838634,-73.101259,Moto_2024.csv
-8130594.38744696,-4413587.88134216,19,2023,1525103,2023/04/03 00:00:00+00,Abril,3,Lunes,1899/12/30 00:00:00+00,08:10:00,8,REGION BIO BIO,CONCEPCION,CHOQUE FRENTE/POSTERIOR,CHOQUE,URBANA,CRUCE CON SEMAFORO FUNCIONANDO,IMPRUDENCIA DEL CONDUCTOR,CONDUCCION NO ATENTO CONDICIONES TRANSITO MOMENTO,LIENTUR, ,- LIENTUR,882, , ,BIDIRECCIONAL,CONCRETO,BUENO,SECO,DESPEJADO,0,0,0,1,8,81,8101,BiobÃ­o,ConcepciÃ³n,ConcepciÃ³n,Numero,"LIENTUR 882, ConcepciÃ³n",-36.8167,-73.038372,Siniestros_con_participación_de_motocicletas_2023.csv
-8136656.36935494,-4404458.08913456,24,2023,1525342,2023/04/04 00:00:00+00,Abril,4,Martes,1899/12/30 00:00:00+00,08:25:00,8,REGION BIO BIO,TALCAHUANO,COLISION LATERAL,COLISION,URBANA,TRAMO DE VIA RECTA,IMPRUDENCIA DEL CONDUCTOR,ADELANTAMIENTO SIN EL ESPACIO O TIEMPO SUFICIENTE,GOMEZ CARREÃO, ,- GOMEZ CARREÃO,3843, , ,BIDIRECCIONAL,CONCRETO,BUENO,SECO,DESPEJADO,0,1,0,0,8,81,8110,BiobÃ­o,ConcepciÃ³n,Talcahuano,Numero,"GOMEZ CARREÃO 3843, Talcahuano",-36.751015,-73.092828,Siniestros_con_participación_de_motocicletas_2023.csv
-8134200.19402429,-4410163.13555727,91,2023,1524396,2023/04/16 00:00:00+00,Abril,16,Domingo,1899/12/30 00:00:00+00,02:20:00,2,REGION BIO BIO,HUALPEN,COLISION,COLISION,URBANA,TRAMO DE VIA RECTA,IMPRUDENCIA DEL CONDUCTOR,CONDUCCION NO ATENTO CONDICIONES TRANSITO MOMENTO,JORGE ALESSANDRI RODRIGUEZ, ,- JORGE ALESSANDRI RODRIGUEZ,8590, , ,BIDIRECCIONAL CON BANDEJON,CONCRETO,BUENO,SECO,DESPEJADO,0,1,0,0,8,81,8112,BiobÃ­o,ConcepciÃ³n,HualpÃ©n,Numero,"JORGE ALESSANDRI RODRIGUEZ 8590, HualpÃ©n",-36.792067,-73.070764,Siniestros_con_participación_de_motocicletas_2023.csv
-8138192.29228133,-4416600.10277885,109,2023,1525240,2023/04/18 00:00:00+00,Abril,18,Martes,1899/12/30 00:00:00+00,17:20:00,17,REGION BIO BIO,SAN PEDRO DE LA PAZ,COLISION LATERAL,COLISION,RURAL,TRAMO DE VIA RECTA,IMPRUDENCIA DEL CONDUCTOR,CONDUCCION CAMBIAR SORPRESIVAMENTE PISTA CIRCULACION,PEDRO AGUIRRE CERDA, ,- PEDRO AGUIRRE CERDA,1633, , ,BIDIRECCIONAL CON BANDEJON,CONCRETO,BUENO,SECO,DESPEJADO,0,1,0,0,8,81,8108,BiobÃ­o,ConcepciÃ³n,San Pedro de la Paz,Numero,"PEDRO AGUIRRE CERDA 1633, San Pedro de la Paz",-36.83836,-73.106625,Siniestros_con_participación_de_motocicletas_2023.csv
-8139344.26117053,-4400819.21787305,129,2023,1527679,2023/04/22 00:00:00+00,Abril,22,SÃ¡bado,1899/12/30 00:00:00+00,13:30:00,13,REGION BIO BIO,TALCAHUANO,VOLCADURA,VOLCADURA,URBANA,TRAMO DE VIA RECTA,VELOCIDAD IMPRUDENTE,VELOCIDAD NO RAZONABLE NI PRUDENTE,CRISTOBAL COLON, ,- CRISTOBAL COLON,1008, , ,UNIDIRECCIONAL,CONCRETO,BUENO,SECO,DESPEJADO,0,0,0,0,8,81,8110,BiobÃ­o,ConcepciÃ³n,Talcahuano,Numero,"CRISTOBAL COLON 1008, Talcahuano",-36.724819,-73.116974,Siniestros_con_participación_de_motocicletas_2023.csv
-8138699.73466604,-4409021.42955757,184,2023,1534003,2023/05/05 00:00:00+00,Mayo,5,Viernes,1899/12/30 00:00:00+00,15:36:00,15,REGION BIO BIO,TALCAHUANO,VOLCADURA,VOLCADURA,URBANA,TRAMO DE VIA RECTA,VELOCIDAD IMPRUDENTE,VELOCIDAD NO RAZONABLE NI PRUDENTE,GRAN BRETAÃA, ,- GRAN BRETAÃA,2875, , ,BIDIRECCIONAL,CONCRETO,BUENO,SECO,DESPEJADO,0,0,0,0,8,81,8110,BiobÃ­o,ConcepciÃ³n,Talcahuano,Numero,"GRAN BRETAÃA 2875, Talcahuano",-36.783854,-73.111184,Siniestros_con_participación_de_motocicletas_2023.csv
-8139344.26117053,-4400819.21787305,186,2023,1537470,2023/05/05 00:00:00+00,Mayo,5,Viernes,1899/12/30 00:00:00+00,18:45:00,18,REGION BIO BIO,TALCAHUANO,COLISION LATERAL,COLISION,URBANA,CRUCE CON SEMAFORO FUNCIONANDO,DESOBEDIENCIA A SEÃALIZACION,SEÃALIZACION DESOBEDECER LUZ ROJA DE SEMAFORO,CRISTOBAL COLON, ,- CRISTOBAL COLON,4994, , ,BIDIRECCIONAL CON BANDEJON,CONCRETO,BUENO,SECO,DESPEJADO,0,0,0,0,8,81,8110,BiobÃ­o,ConcepciÃ³n,Talcahuano,Numero,"CRISTOBAL COLON 4994, Talcahuano",-36.724819,-73.116974,Siniestros_con_participación_de_motocicletas_2023.csv
-8139315.87313077,-4415498.0187382,189,2023,1528865,2023/05/05 00:00:00+00,Mayo,5,Viernes,1899/12/30 00:00:00+00,22:10:00,22,REGION BIO BIO,SAN PEDRO DE LA PAZ,COLISION FRONTAL,COLISION,URBANA,TRAMO DE VIA RECTA,IMPRUDENCIA DEL CONDUCTOR,CONDUCCION CAMBIAR SORPRESIVAMENTE PISTA CIRCULACION,LOS CLAVELES, ,- LOS CLAVELES,190, , ,BIDIRECCIONAL,CONCRETO,REGULAR,SECO,DESPEJADO,0,0,1,0,8,81,8108,BiobÃ­o,ConcepciÃ³n,San Pedro de la Paz,Numero,"LOS CLAVELES 190, San Pedro de la Paz",-36.830436,-73.116719,Siniestros_con_participación_de_motocicletas_2023.csv
-8135941.47330302,-4402968.19380098,196,2023,1534007,2023/05/07 00:00:00+00,Mayo,7,Domingo,1899/12/30 00:00:00+00,20:00:00,20,REGION BIO BIO,TALCAHUANO,COLISION LATERAL,COLISION,URBANA,TRAMO DE VIA RECTA,IMPRUDENCIA DEL CONDUCTOR,NO RESPETAR DERECHO PREFERENTE DE PASO A VEHICULO,VASCO NUÃEZ DE BALBOA, ,- VASCO NUÃEZ DE BALBOA,694, , ,BIDIRECCIONAL,CONCRETO,BUENO,SECO,DESPEJADO,0,1,0,0,8,81,8110,BiobÃ­o,ConcepciÃ³n,Talcahuano,Numero,"VASCO NUÃEZ DE BALBOA 694, Talcahuano",-36.740291,-73.086406,Siniestros_con_participación_de_motocicletas_2023.csv
-8132906.64354091,-4409064.80953268,202,2023,1529801,2023/05/08 00:00:00+00,Mayo,8,Lunes,1899/12/30 00:00:00+00,11:10:00,11,REGION BIO BIO,CONCEPCION,VOLCADURA,VOLCADURA,URBANA,TRAMO DE VIA RECTA,FALLAS MECANICAS,FALLAS MECANICAS MOTOR,JORGE ALESSANDRI, ,- JORGE ALESSANDRI,804, , ,BIDIRECCIONAL,CONCRETO,BUENO,SECO,DESPEJADO,0,0,0,0,8,81,8101,BiobÃ­o,ConcepciÃ³n,ConcepciÃ³n,Numero,"JORGE ALESSANDRI 804, ConcepciÃ³n",-36.784166,-73.059143,Siniestros_con_participación_de_motocicletas_2023.csv
-8129850.4078311,-4413514.42999684,228,2023,1531364,2023/05/14 00:00:00+00,Mayo,14,Domingo,1899/12/30 00:00:00+00,21:20:00,21,REGION BIO BIO,CONCEPCION,VOLCADURA,VOLCADURA,URBANA,TRAMO DE VIA RECTA,VELOCIDAD IMPRUDENTE,VELOCIDAD NO RAZONABLE NI PRUDENTE,MAIPU, ,- MAIPU,2120, , ,UNIDIRECCIONAL,CONCRETO,BUENO,SECO,NUBLADO,0,0,0,1,8,81,8101,BiobÃ­o,ConcepciÃ³n,ConcepciÃ³n,Numero,"MAIPU 2120, ConcepciÃ³n",-36.816172,-73.031689,Siniestros_con_participación_de_motocicletas_2023.csv
-8138634.79172114,-4415659.57868398,267,2023,1535373,2023/05/24 00:00:00+00,Mayo,24,MiÃ©rcoles,1899/12/30 00:00:00+00,09:00:00,9,REGION BIO BIO,SAN PEDRO DE LA PAZ,COLISION FRONTAL,COLISION,URBANA,TRAMO DE VIA RECTA,IMPRUDENCIA DEL CONDUCTOR,ADELANTAMIENTO SIN EL ESPACIO O TIEMPO SUFICIENTE,LAS VIOLETAS, ,- LAS VIOLETAS,1786, , ,BIDIRECCIONAL,ASFALTO,BUENO,MOJADO,DESPEJADO,0,0,0,1,8,81,8108,BiobÃ­o,ConcepciÃ³n,San Pedro de la Paz,Numero,"LAS VIOLETAS 1786, San Pedro de la Paz",-36.831598,-73.1106,Siniestros_con_participación_de_motocicletas_2023.csv
-8133229.64571524,-4411263.5468844,275,2023,1535584,2023/05/25 00:00:00+00,Mayo,25,Jueves,1899/12/30 00:00:00+00,11:00:00,11,REGION BIO BIO,CONCEPCION,COLISION PERPENDICULAR,COLISION,URBANA,TRAMO DE VIA RECTA,IMPRUDENCIA DEL CONDUCTOR,CONDUCCION NO ATENTO CONDICIONES TRANSITO MOMENTO,LOS INMIGRANTES, ,- LOS INMIGRANTES,2613, , ,BIDIRECCIONAL,CONCRETO,BUENO,SECO,DESPEJADO,0,1,0,0,8,81,8101,BiobÃ­o,ConcepciÃ³n,ConcepciÃ³n,Numero,"LOS INMIGRANTES 2613, ConcepciÃ³n",-36.799983,-73.062045,Siniestros_con_participación_de_motocicletas_2023.csv
-8141092.42237602,-4400086.47635822,283,2023,1535147,2023/05/28 00:00:00+00,Mayo,28,Domingo,1899/12/30 00:00:00+00,17:30:00,17,REGION BIO BIO,TALCAHUANO,CHOQUE FRENTE/POSTERIOR,CHOQUE,URBANA,TRAMO DE VIA RECTA,IMPRUDENCIA DEL CONDUCTOR,CONDUCCION SIN MANTENER DISTANCIA RAZONABLE NI PRUDENTE,LOS PATAGONES, ,- LOS PATAGONES,582, , ,BIDIRECCIONAL,CONCRETO,BUENO,SECO,DESPEJADO,0,0,0,0,8,81,8110,BiobÃ­o,ConcepciÃ³n,Talcahuano,Numero,"LOS PATAGONES 582, Talcahuano",-36.719543,-73.132678,Siniestros_con_participación_de_motocicletas_2023.csv
-8139344.26113713,-4400819.21785916,300,2023,1537446,2023/06/01 00:00:00+00,Junio,1,Jueves,1899/12/30 00:00:00+00,18:00:00,18,REGION BIO BIO,TALCAHUANO,VOLCADURA,VOLCADURA,URBANA,TRAMO DE VIA RECTA,VELOCIDAD IMPRUDENTE,VELOCIDAD NO RAZONABLE NI PRUDENTE,LAS GOLONDRINAS, ,- LAS GOLONDRINAS,186, , ,BIDIRECCIONAL CON BANDEJON,CONCRETO,BUENO,SECO,DESPEJADO,0,0,0,1,8,81,8110,BiobÃ­o,ConcepciÃ³n,Talcahuano,Numero,"LAS GOLONDRINAS 186, Talcahuano",-36.724819,-73.116974,Siniestros_con_participación_de_motocicletas_2023.csv
-8139344.26117053,-4400819.21787305,315,2023,1542112,2023/06/05 00:00:00+00,Junio,5,Lunes,1899/12/30 00:00:00+00,18:45:00,18,REGION BIO BIO,TALCAHUANO,COLISION POR ALCANCE,COLISION,URBANA,TRAMO DE VIA RECTA,IMPRUDENCIA DEL CONDUCTOR,CONDUCCION SIN MANTENER DISTANCIA RAZONABLE NI PRUDENTE,CRISTOBAL COLON, ,- CRISTOBAL COLON,4990, , ,BIDIRECCIONAL CON BANDEJON,CONCRETO,BUENO,SECO,DESPEJADO,0,0,0,1,8,81,8110,BiobÃ­o,ConcepciÃ³n,Talcahuano,Numero,"CRISTOBAL COLON 4990, Talcahuano",-36.724819,-73.116974,Siniestros_con_participación_de_motocicletas_2023.csv
-8132348.88590408,-4416742.29372934,326,2023,1536784,2023/06/07 00:00:00+00,Junio,7,MiÃ©rcoles,1899/12/30 00:00:00+00,20:40:00,20,REGION BIO BIO,CONCEPCION,ATROPELLO,ATROPELLO,URBANA,CRUCE CON SEMAFORO FUNCIONANDO,IMPRUDENCIA DEL CONDUCTOR,NO RESPETAR DERECHO PREFERENTE DE PASO A PEATON,PEDRO DE VALDIVIA, ,- PEDRO DE VALDIVIA,431, , ,BIDIRECCIONAL CON BANDEJON,CONCRETO,BUENO,HUMEDO,DESPEJADO,0,1,0,0,8,81,8101,BiobÃ­o,ConcepciÃ³n,ConcepciÃ³n,Numero,"PEDRO DE VALDIVIA 431, ConcepciÃ³n",-36.839382,-73.054133,Siniestros_con_participación_de_motocicletas_2023.csv
-8135849.06692692,-4403384.94061849,337,2023,1538231,2023/06/12 00:00:00+00,Junio,12,Lunes,1899/12/30 00:00:00+00,15:40:00,15,REGION BIO BIO,TALCAHUANO,COLISION LATERAL,COLISION,URBANA,TRAMO DE VIA RECTA,IMPRUDENCIA DEL CONDUCTOR,VIRAJES INDEBIDOS,MANUEL BAYON, ,- MANUEL BAYON,3512, , ,BIDIRECCIONAL,CONCRETO,BUENO,SECO,DESPEJADO,0,0,0,1,8,81,8110,BiobÃ­o,ConcepciÃ³n,Talcahuano,Numero,"MANUEL BAYON 3512, Talcahuano",-36.74329,-73.085576,Siniestros_con_participación_de_motocicletas_2023.csv
-8138825.15619898,-4401064.276631,354,2023,1540338,2023/06/15 00:00:00+00,Junio,15,Jueves,1899/12/30 00:00:00+00,19:00:00,19,REGION BIO BIO,TALCAHUANO,COLISION LATERAL,COLISION,URBANA,TRAMO DE VIA RECTA,IMPRUDENCIA DEL CONDUCTOR,NO RESPETAR DERECHO PREFERENTE DE PASO A PEATON,O'HIGGINS, ,- O'HIGGINS,375, , ,BIDIRECCIONAL,CONCRETO,BUENO,SECO,DESPEJADO,0,0,0,2,8,81,8110,BiobÃ­o,ConcepciÃ³n,Talcahuano,Numero,"O'HIGGINS 375, Talcahuano",-36.726584,-73.11231,Siniestros_con_participación_de_motocicletas_2023.csv
-8139344.26117053,-4400819.21787305,383,2023,1540765,2023/06/24 00:00:00+00,Junio,24,SÃ¡bado,1899/12/30 00:00:00+00,20:03:00,20,REGION BIO BIO,TALCAHUANO,COLISION LATERAL,COLISION,URBANA,TRAMO DE VIA RECTA,IMPRUDENCIA DEL CONDUCTOR,CONDUCCION CAMBIAR SORPRESIVAMENTE PISTA CIRCULACION,SANTA MARIA, ,- SANTA MARIA,3177, , ,BIDIRECCIONAL,CONCRETO,BUENO,SECO,DESPEJADO,0,1,0,0,8,81,8110,BiobÃ­o,ConcepciÃ³n,Talcahuano,Numero,"SANTA MARIA 3177, Talcahuano",-36.724819,-73.116974,Siniestros_con_participación_de_motocicletas_2023.csv
-8138642.69880023,-4409076.31807863,399,2023,1541254,2023/06/29 00:00:00+00,Junio,29,Jueves,1899/12/30 00:00:00+00,19:20:00,19,REGION BIO BIO,HUALPEN,COLISION,COLISION,URBANA,TRAMO DE VIA RECTA,ALCOHOL EN CONDUCTOR,CONDUCCION EN ESTADO DE EBRIEDAD,GRAN BRETAÃA, ,- GRAN BRETAÃA,2925, , ,BIDIRECCIONAL CON BANDEJON,CONCRETO,BUENO,SECO,DESPEJADO,0,1,0,0,8,81,8112,BiobÃ­o,ConcepciÃ³n,HualpÃ©n,Numero,"GRAN BRETAÃA 2925, HualpÃ©n",-36.784248,-73.110671,Siniestros_con_participación_de_motocicletas_2023.csv
-8135774.39765302,-4408923.10956698,427,2023,1502744,2023/01/02 00:00:00+00,Enero,2,Lunes,1899/12/30 00:00:00+00,22:30:00,22,REGION BIO BIO,TALCAHUANO,COLISION LATERAL,COLISION,URBANA,TRAMO DE VIA RECTA,IMPRUDENCIA DEL CONDUCTOR,ADELANTAMIENTO SIN EL ESPACIO O TIEMPO SUFICIENTE,O'HIGGINS, ,- O'HIGGINS,45, , ,BIDIRECCIONAL,CONCRETO,BUENO,SECO,DESPEJADO,0,0,0,0,8,81,8110,BiobÃ­o,ConcepciÃ³n,Talcahuano,Numero,"O'HIGGINS 45, Talcahuano",-36.783146,-73.084905,Siniestros_con_participación_de_motocicletas_2023.csv
-8137098.76265162,-4412174.20016212,442,2023,1501724,2023/01/03 00:00:00+00,Enero,3,Martes,1899/12/30 00:00:00+00,19:44:00,19,REGION BIO BIO,HUALPEN,CHOQUE,CHOQUE,URBANA,TRAMO DE VIA RECTA,FALLAS MECANICAS,VEHICULO EN PANNE SIN SEÃALIZACION O DEFICIENTE,COSTANERA, ,- COSTANERA,4500, , ,BIDIRECCIONAL CON BANDEJON,CONCRETO,BUENO,SECO,DESPEJADO,0,0,0,1,8,81,8112,BiobÃ­o,ConcepciÃ³n,HualpÃ©n,Numero,"COSTANERA 4500, HualpÃ©n",-36.806533,-73.096802,Siniestros_con_participación_de_motocicletas_2023.csv
-8139316.84880158,-4415498.11986149,455,2023,1503412,2023/01/04 00:00:00+00,Enero,4,MiÃ©rcoles,1899/12/30 00:00:00+00,23:45:00,23,REGION BIO BIO,SAN PEDRO DE LA PAZ,CHOQUE LADO/FRENTE,CHOQUE,URBANA,TRAMO DE VIA RECTA,IMPRUDENCIA DEL CONDUCTOR,CONDUCCION NO ATENTO CONDICIONES TRANSITO MOMENTO,PEDRO AGUIRRE CERDA, ,- PEDRO AGUIRRE CERDA,345, , ,BIDIRECCIONAL,CONCRETO,BUENO,SECO,DESPEJADO,0,0,0,1,8,81,8108,BiobÃ­o,ConcepciÃ³n,San Pedro de la Paz,Numero,"PEDRO AGUIRRE CERDA 345, San Pedro de la Paz",-36.830437,-73.116727,Siniestros_con_participación_de_motocicletas_2023.csv
-8135876.54776849,-4410890.51367516,461,2023,1566209,2023/10/19 00:00:00+00,Octubre,19,Jueves,1899/12/30 00:00:00+00,08:15:00,8,REGION BIO BIO,HUALPEN,COLISION,COLISION,URBANA,TRAMO DE VIA RECTA,IMPRUDENCIA DEL CONDUCTOR,CONDUCCION NO ATENTO CONDICIONES TRANSITO MOMENTO,CRISTOBAL COLON, ,- CRISTOBAL COLON,8797, , ,BIDIRECCIONAL,CONCRETO,BUENO,SECO,DESPEJADO,0,0,0,0,8,81,8112,BiobÃ­o,ConcepciÃ³n,HualpÃ©n,Numero,"CRISTOBAL COLON 8797, HualpÃ©n",-36.7973,-73.085823,Siniestros_con_participación_de_motocicletas_2023.csv
-8129812.64176989,-4425918.08215456,464,2023,1570605,2023/10/19 00:00:00+00,Octubre,19,Jueves,1899/12/30 00:00:00+00,08:25:00,8,REGION BIO BIO,CHIGUAYANTE,ATROPELLO,ATROPELLO,URBANA,TRAMO DE VIA RECTA,IMPRUDENCIA DEL PEATON,PEATON CRUZA CALZADA FUERA PASO PEATONES,8 ORIENTE, ,- 8 ORIENTE,1508, , ,BIDIRECCIONAL CON BANDEJON,CONCRETO,BUENO,SECO,DESPEJADO,0,1,0,1,8,81,8103,BiobÃ­o,ConcepciÃ³n,Chiguayante,Numero,"8 ORIENTE 1508, Chiguayante",-36.905322,-73.03135,Siniestros_con_participación_de_motocicletas_2023.csv
-8135770.57575434,-4404429.72649022,471,2023,1546283,2023/07/04 00:00:00+00,Julio,4,Martes,1899/12/30 00:00:00+00,20:20:00,20,REGION BIO BIO,TALCAHUANO,COLISION LATERAL,COLISION,URBANA,TRAMO DE VIA RECTA,IMPRUDENCIA DEL CONDUCTOR,ADELANTAMIENTO SIN EL ESPACIO O TIEMPO SUFICIENTE,JUAN GUILLERMO SOSA, ,- JUAN GUILLERMO SOSA,4459, , ,BIDIRECCIONAL,CONCRETO,BUENO,SECO,DESPEJADO,0,0,0,0,8,81,8110,BiobÃ­o,ConcepciÃ³n,Talcahuano,Numero,"JUAN GUILLERMO SOSA 4459, Talcahuano",-36.750811,-73.084871,Siniestros_con_participación_de_motocicletas_2023.csv
-8139039.99849702,-4402019.64374536,487,2023,1546273,2023/07/06 00:00:00+00,Julio,6,Jueves,1899/12/30 00:00:00+00,11:36:00,11,REGION BIO BIO,TALCAHUANO,COLISION POR ALCANCE,COLISION,URBANA,TRAMO DE VIA RECTA,IMPRUDENCIA DEL CONDUCTOR,CONDUCCION SIN MANTENER DISTANCIA RAZONABLE NI PRUDENTE,ALTO HORNO, ,- ALTO HORNO,315, , ,BIDIRECCIONAL CON BANDEJON,CONCRETO,BUENO,SECO,DESPEJADO,0,0,0,1,8,81,8110,BiobÃ­o,ConcepciÃ³n,Talcahuano,Numero,"ALTO HORNO 315, Talcahuano",-36.733462,-73.11424,Siniestros_con_participación_de_motocicletas_2023.csv
-8141984.7190943,-4423933.65191503,516,2023,1567792,2023/10/23 00:00:00+00,Octubre,23,Lunes,1899/12/30 00:00:00+00,13:00:00,13,REGION BIO BIO,SAN PEDRO DE LA PAZ,COLISION LATERAL,COLISION,URBANA,CRUCE SIN SEÃALIZACION,IMPRUDENCIA DEL CONDUCTOR,VIRAJES INDEBIDOS,GENARO PRIETO, ,- GENARO PRIETO,689, , ,BIDIRECCIONAL,CONCRETO,BUENO,SECO,DESPEJADO,0,0,0,1,8,81,8108,BiobÃ­o,ConcepciÃ³n,San Pedro de la Paz,Numero,"GENARO PRIETO 689, San Pedro de la Paz",-36.891066,-73.140693,Siniestros_con_participación_de_motocicletas_2023.csv
-8139427.32042747,-4396489.00706599,572,2023,1549003,2023/07/13 00:00:00+00,Julio,13,Jueves,1899/12/30 00:00:00+00,20:30:00,20,REGION BIO BIO,TALCAHUANO,CHOQUE FRENTE/POSTERIOR,CHOQUE,URBANA,TRAMO DE VIA RECTA,IMPRUDENCIA DEL CONDUCTOR,CONDUCCION SIN MANTENER DISTANCIA RAZONABLE NI PRUDENTE,MICHIMALONGO, ,- MICHIMALONGO,3415, , ,BIDIRECCIONAL,CONCRETO,BUENO,SECO,DESPEJADO,0,0,0,1,8,81,8110,BiobÃ­o,ConcepciÃ³n,Talcahuano,Numero,"MICHIMALONGO 3415, Talcahuano",-36.693635,-73.11772,Siniestros_con_participación_de_motocicletas_2023.csv
-8134057.2497571,-4410251.04512318,573,2023,1567710,2023/10/26 00:00:00+00,Octubre,26,Jueves,1899/12/30 00:00:00+00,19:00:00,19,REGION BIO BIO,HUALPEN,COLISION,COLISION,URBANA,TRAMO DE VIA RECTA,IMPRUDENCIA DEL CONDUCTOR,CONDUCCION NO ATENTO CONDICIONES TRANSITO MOMENTO,AUTOPISTA CONCEPCION TALCAHUANO, ,- AUTOPISTA CONCEPCION TALCAHUANO,8795, , ,BIDIRECCIONAL CON BANDEJON,CONCRETO,BUENO,SECO,DESPEJADO,0,0,1,0,8,81,8112,BiobÃ­o,ConcepciÃ³n,HualpÃ©n,Numero,"AUTOPISTA CONCEPCION TALCAHUANO 8795, HualpÃ©n",-36.7927,-73.069479,Siniestros_con_participación_de_motocicletas_2023.csv
-8127904.41590499,-4433051.15521291,596,2023,1503799,2023/01/15 00:00:00+00,Enero,15,Domingo,1899/12/30 00:00:00+00,20:35:00,20,REGION BIO BIO,CHIGUAYANTE,COLISION,COLISION,URBANA,TRAMO DE VIA RECTA,IMPRUDENCIA DEL CONDUCTOR,CONDUCCION NO ATENTO CONDICIONES TRANSITO MOMENTO,21 DE MAYO, ,- 21 DE MAYO,3225, , ,BIDIRECCIONAL CON BANDEJON,CONCRETO,BUENO,SECO,DESPEJADO,0,0,0,1,8,81,8103,BiobÃ­o,ConcepciÃ³n,Chiguayante,Numero,"21 DE MAYO 3225, Chiguayante",-36.956543,-73.014208,Siniestros_con_participación_de_motocicletas_2023.csv
-8026603.66732739,-4501529.76442726,622,2023,1507590,2023/02/05 00:00:00+00,Febrero,5,Domingo,1899/12/30 00:00:00+00,03:50:00,3,REGION BIO BIO,SAN PEDRO DE LA PAZ,CHOQUE FRONTAL,CHOQUE,RURAL,TRAMO DE VIA RECTA,IMPRUDENCIA DEL CONDUCTOR,CONDUCCION NO ATENTO CONDICIONES TRANSITO MOMENTO, , , ,0,P-420,8,UNIDIRECCIONAL,CONCRETO,BUENO,SECO,DESPEJADO,1,0,0,0,8,81,8108,BiobÃ­o,ConcepciÃ³n,San Pedro de la Paz,Ruta,P-420 km 8,-37.446518,-72.104208,Siniestros_con_participación_de_motocicletas_2023.csv