ï»¿X,Y,FID,AÃ±o,IdAccident,Fecha,Mes,Dia_mes,Dia_semana,Hora,Hora_texto,Hora_aprox,RegiÃ³n,Comuna,Tipo_Accid,Tipo__CONA,Zona,UbicaciÃ³n,Causa__CON,Causa_Acci,Calle_Uno,Calle_Dos,Intersecci,NÃºmero,Ruta,Ubicaci_1,Calzada,Tipo_Calza,Estado_Cal,CondiciÃ³n,Estado_Atm,Fallecidos,Graves,Menos_Grav,Leves,CUT_REG,CUT_PROV,CUT_COM,REGION,PROVINCIA,COMUNA1,Tipo_direc,Direccion,Lat,Lon,Archivo_Origen
-8132906.64354091,-4409064.80953268,623,2023,1567722,2023/10/28 00:00:00+00,Octubre,28,SÃ¡bado,1899/12/30 00:00:00+00,03:15:00,3,REGION BIO BIO,CONCEPCION,OTRO TIPO,OTRO TIPO,URBANA,TRAMO DE VIA RECTA,VELOCIDAD IMPRUDENTE,VELOCIDAD NO RAZONABLE NI PRUDENTE,JORGE ALESSANDRI, ,- JORGE ALESSANDRI,804, , ,BIDIRECCIONAL,CONCRETO,BUENO,MOJADO,LLUVIA,1,0,0,0,8,81,8101,BiobÃ­o,ConcepciÃ³n,ConcepciÃ³n,Numero,"JORGE ALESSANDRI 804, ConcepciÃ³n",-36.784166,-73.059143,Siniestros_con_participación_de_motocicletas_2023.csv
-8139344.26117053,-4400819.21787305,624,2023,1549383,2023/07/18 00:00:00+00,Julio,18,Martes,1899/12/30 00:00:00+00,07:25:00,7,REGION BIO BIO,TALCAHUANO,COLISION LATERAL,COLISION,URBANA,CRUCE CON SEMAFORO FUNCIONANDO,DESOBEDIENCIA A SEÃALIZACION,SEÃALIZACION DESOBEDECER LUZ ROJA DE SEMAFORO,CRISTOBAL COLON, ,- CRISTOBAL COLON,3300, , ,BIDIRECCIONAL CON BANDEJON,CONCRETO,BUENO,SECO,DESPEJADO,0,0,0,1,8,81,8110,BiobÃ­o,ConcepciÃ³n,Talcahuano,Numero,"CRISTOBAL COLON 3300, Talcahuano",-36.724819,-73.116974,Siniestros_con_participación_de_motocicletas_2023.csv
-8131323.13164354,-4412597.44139166,645,2023,1569395,2023/10/30 00:00:00+00,Octubre,30,Lunes,1899/12/30 00:00:00+00,11:00:00,11,REGION BIO BIO,CONCEPCION,CHOQUE POSTERIOR/FRENTE,CHOQUE,URBANA,CRUCE CON SEMAFORO FUNCIONANDO,DROGAS Y/O FATIGA EN CONDUCTOR,"CONDICIONES FISICAS DEFICIENTES (CANSANCIO, SUEÃO)",CALLE DOS, ,- CALLE DOS,12, , ,BIDIRECCIONAL,CONCRETO,BUENO,SECO,DESPEJADO,0,1,0,0,8,81,8101,BiobÃ­o,ConcepciÃ³n,ConcepciÃ³n,Numero,"CALLE DOS 12, ConcepciÃ³n",-36.809577,-73.044918,Siniestros_con_participación_de_motocicletas_2023.csv
-8135113.61677742,-4416023.06388741,651,2023,1569354,2023/10/30 00:00:00+00,Octubre,30,Lunes,1899/12/30 00:00:00+00,19:40:00,19,REGION BIO BIO,CHIGUAYANTE,COLISION,COLISION,URBANA,PUENTE,IMPRUDENCIA DEL CONDUCTOR,CONDUCCION NO ATENTO CONDICIONES TRANSITO MOMENTO,PUENTE LLACOLEN, ,- PUENTE LLACOLEN,1, , ,BIDIRECCIONAL,CONCRETO,BUENO,SECO,DESPEJADO,0,0,0,1,8,81,8103,BiobÃ­o,ConcepciÃ³n,Chiguayante,Numero,"PUENTE LLACOLEN 1, Chiguayante",-36.834211,-73.078969,Siniestros_con_participación_de_motocicletas_2023.csv
-8140297.65414418,-4404534.77206572,664,2023,1506349,2023/01/19 00:00:00+00,Enero,19,Jueves,1899/12/30 00:00:00+00,10:40:00,10,REGION BIO BIO,TALCAHUANO,VOLCADURA,VOLCADURA,URBANA,TRAMO DE VIA RECTA,VELOCIDAD IMPRUDENTE,VELOCIDAD NO RAZONABLE NI PRUDENTE,GRAN BRETAÃA, ,- GRAN BRETAÃA,2910, , ,BIDIRECCIONAL CON BANDEJON,CONCRETO,BUENO,SECO,DESPEJADO,0,1,0,0,8,81,8110,BiobÃ­o,ConcepciÃ³n,Talcahuano,Numero,"GRAN BRETAÃA 2910, Talcahuano",-36.751567,-73.125538,Siniestros_con_participación_de_motocicletas_2023.csv
-8137470.12618723,-4417396.7676416,670,2023,1570861,2023/11/01 00:00:00+00,Noviembre,1,MiÃ©rcoles,1899/12/30 00:00:00+00,18:00:00,18,REGION BIO BIO,SAN PEDRO DE LA PAZ,COLISION LATERAL,COLISION,URBANA,CRUCE SIN SEÃALIZACION,IMPRUDENCIA DEL CONDUCTOR,NO RESPETAR DERECHO PREFERENTE DE PASO A VEHICULO,LOS AROMOS, ,- LOS AROMOS,1473, , ,UNIDIRECCIONAL,ASFALTO,BUENO,SECO,DESPEJADO,0,0,0,0,8,81,8108,BiobÃ­o,ConcepciÃ³n,San Pedro de la Paz,Numero,"LOS AROMOS 1473, San Pedro de la Paz",-36.844087,-73.100138,Siniestros_con_participación_de_motocicletas_2023.csv
-8139344.26117053,-4400819.21787305,702,2023,1572027,2023/11/04 00:00:00+00,Noviembre,4,SÃ¡bado,1899/12/30 00:00:00+00,10:30:00,10,REGION BIO BIO,TALCAHUANO,COLISION LATERAL,COLISION,URBANA,TRAMO DE VIA RECTA,IMPRUDENCIA DEL CONDUCTOR,CONDUCCION CAMBIAR SORPRESIVAMENTE PISTA CIRCULACION,CRISTOBAL COLON, ,- CRISTOBAL COLON,2648, , ,BIDIRECCIONAL CON BANDEJON,CONCRETO,BUENO,SECO,DESPEJADO,0,0,1,0,8,81,8110,BiobÃ­o,ConcepciÃ³n,Talcahuano,Numero,"CRISTOBAL COLON 2648, Talcahuano",-36.724819,-73.116974,Siniestros_con_participación_de_motocicletas_2023.csv
-8136363.49399742,-4405317.53175733,705,2023,1506346,2023/01/21 00:00:00+00,Enero,21,SÃ¡bado,1899/12/30 00:00:00+00,12:00:00,12,REGION BIO BIO,TALCAHUANO,CHOQUE FRENTE/POSTERIOR,CHOQUE,URBANA,TRAMO DE VIA RECTA,IMPRUDENCIA DEL CONDUCTOR,CONDUCCION NO ATENTO CONDICIONES TRANSITO MOMENTO,LAS LILAS, ,- LAS LILAS,16, , ,BIDIRECCIONAL,CONCRETO,BUENO,SECO,DESPEJADO,0,0,0,0,8,81,8110,BiobÃ­o,ConcepciÃ³n,Talcahuano,Numero,"LAS LILAS 16, Talcahuano",-36.757201,-73.090197,Siniestros_con_participación_de_motocicletas_2023.csv
-8132636.36562815,-4411186.94048577,707,2023,1513262,2023/02/11 00:00:00+00,Febrero,11,SÃ¡bado,1899/12/30 00:00:00+00,13:20:00,13,REGION BIO BIO,TALCAHUANO,COLISION POR ALCANCE,COLISION,RURAL,TRAMO DE VIA RECTA,IMPRUDENCIA DEL CONDUCTOR,CONDUCCION SIN MANTENER DISTANCIA RAZONABLE NI PRUDENTE, , , ,0,RUTA 154,"3,1",BIDIRECCIONAL CON BANDEJON,CONCRETO,BUENO,SECO,DESPEJADO,0,1,0,0,8,81,8110,BiobÃ­o,ConcepciÃ³n,Talcahuano,Ruta,"RUTA 154 km 3,1",-36.799432,-73.056715,Siniestros_con_participación_de_motocicletas_2023.csv
-8135668.40726002,-4410256.87638629,712,2023,1546883,2023/07/24 00:00:00+00,Julio,24,Lunes,1899/12/30 00:00:00+00,10:00:00,10,REGION BIO BIO,HUALPEN,VOLCADURA,VOLCADURA,URBANA,TRAMO DE VIA RECTA,VELOCIDAD IMPRUDENTE,VELOCIDAD MAYOR QUE MAXIMA PERMITIDA,ARTEAGA ALEMPARTE, ,- ARTEAGA ALEMPARTE,8037, , ,BIDIRECCIONAL,CONCRETO,BUENO,SECO,DESPEJADO,0,1,0,0,8,81,8112,BiobÃ­o,ConcepciÃ³n,HualpÃ©n,Numero,"ARTEAGA ALEMPARTE 8037, HualpÃ©n",-36.792742,-73.083953,Siniestros_con_participación_de_motocicletas_2023.csv
-8137427.07563395,-4409687.44402399,725,2023,1504908,2023/01/23 00:00:00+00,Enero,23,Lunes,1899/12/30 00:00:00+00,17:30:00,17,REGION BIO BIO,HUALPEN,VOLCADURA,VOLCADURA,URBANA,TRAMO DE VIA RECTA,VELOCIDAD IMPRUDENTE,VELOCIDAD MAYOR QUE MAXIMA PERMITIDA,LA RECONQUISTA, ,- LA RECONQUISTA,3850, , ,BIDIRECCIONAL,CONCRETO,BUENO,SECO,DESPEJADO,0,0,0,1,8,81,8112,BiobÃ­o,ConcepciÃ³n,HualpÃ©n,Numero,"LA RECONQUISTA 3850, HualpÃ©n",-36.788645,-73.099751,Siniestros_con_participación_de_motocicletas_2023.csv
-8139422.63344277,-4406085.57349069,731,2023,1549378,2023/07/25 00:00:00+00,Julio,25,Martes,1899/12/30 00:00:00+00,22:00:00,22,REGION BIO BIO,TALCAHUANO,VOLCADURA,VOLCADURA,URBANA,TRAMO DE VIA RECTA,IMPRUDENCIA DEL CONDUCTOR,CONDUCCION NO ATENTO CONDICIONES TRANSITO MOMENTO,GRAN BRETAÃA, ,- GRAN BRETAÃA,4575, , ,BIDIRECCIONAL CON BANDEJON,CONCRETO,BUENO,SECO,DESPEJADO,0,1,0,0,8,81,8110,BiobÃ­o,ConcepciÃ³n,Talcahuano,Numero,"GRAN BRETAÃA 4575, Talcahuano",-36.762728,-73.117678,Siniestros_con_participación_de_motocicletas_2023.csv
-8129850.4078311,-4413514.42999684,759,2023,1506408,2023/01/26 00:00:00+00,Enero,26,Jueves,1899/12/30 00:00:00+00,16:10:00,16,REGION BIO BIO,CONCEPCION,VOLCADURA,VOLCADURA,URBANA,TRAMO DE VIA RECTA,IMPRUDENCIA DEL CONDUCTOR,CONDUCCION CAMBIAR SORPRESIVAMENTE PISTA CIRCULACION,MAIPU, ,- MAIPU,2120, , ,BIDIRECCIONAL,CONCRETO,BUENO,SECO,DESPEJADO,0,0,0,0,8,81,8101,BiobÃ­o,ConcepciÃ³n,ConcepciÃ³n,Numero,"MAIPU 2120, ConcepciÃ³n",-36.816172,-73.031689,Siniestros_con_participación_de_motocicletas_2023.csv
-8141306.43689119,-4420046.38789806,770,2023,1511260,2023/02/17 00:00:00+00,Febrero,17,Viernes,1899/12/30 00:00:00+00,12:15:00,12,REGION BIO BIO,SAN PEDRO DE LA PAZ,COLISION LATERAL,COLISION,RURAL,TRAMO DE VIA RECTA,IMPRUDENCIA DEL CONDUCTOR,CONDUCCION CAMBIAR SORPRESIVAMENTE PISTA CIRCULACION, , , ,0,RUTA 160,"7,5",BIDIRECCIONAL CON BANDEJON,CONCRETO,REGULAR,SECO,DESPEJADO,0,0,0,1,8,81,8108,BiobÃ­o,ConcepciÃ³n,San Pedro de la Paz,Ruta,"RUTA 160 km 7,5",-36.863133,-73.1346,Siniestros_con_participación_de_motocicletas_2023.csv
-8139084.11149465,-4407121.74341577,812,2023,1572063,2023/11/10 00:00:00+00,Noviembre,10,Viernes,1899/12/30 00:00:00+00,12:35:00,12,REGION BIO BIO,TALCAHUANO,COLISION POR ALCANCE,COLISION,URBANA,CRUCE CON SEÃAL PARE,DESOBEDIENCIA A SEÃALIZACION,SEÃALIZACION DESOBEDECER SEÃAL PARE,GRAN BRETAÃA, ,- GRAN BRETAÃA,5071, , ,BIDIRECCIONAL CON BANDEJON,CONCRETO,BUENO,SECO,DESPEJADO,0,0,1,0,8,81,8110,BiobÃ­o,ConcepciÃ³n,Talcahuano,Numero,"GRAN BRETAÃA 5071, Talcahuano",-36.770185,-73.114637,Siniestros_con_participación_de_motocicletas_2023.csv
-8126934.33055143,-4414303.87876386,817,2023,1506661,2023/01/28 00:00:00+00,Enero,28,SÃ¡bado,1899/12/30 00:00:00+00,20:00:00,20,REGION BIO BIO,CONCEPCION,COLISION,COLISION,URBANA,TRAMO DE VIA RECTA,IMPRUDENCIA DEL CONDUCTOR,CONDUCCION NO ATENTO CONDICIONES TRANSITO MOMENTO,COLLAO, ,- COLLAO,1883, , ,BIDIRECCIONAL,CONCRETO,BUENO,SECO,DESPEJADO,0,0,0,1,8,81,8101,BiobÃ­o,ConcepciÃ³n,ConcepciÃ³n,Numero,"COLLAO 1883, ConcepciÃ³n",-36.821849,-73.005493,Siniestros_con_participación_de_motocicletas_2023.csv
-8140624.2333143,-4400372.89733446,824,2023,1550159,2023/08/02 00:00:00+00,Agosto,2,MiÃ©rcoles,1899/12/30 00:00:00+00,17:20:00,17,REGION BIO BIO,TALCAHUANO,COLISION LATERAL,COLISION,URBANA,TRAMO DE VIA RECTA,IMPRUDENCIA DEL CONDUCTOR,ADELANTAMIENTO SIN EL ESPACIO O TIEMPO SUFICIENTE,ALMIRANTE LATORRE, ,- ALMIRANTE LATORRE,1170, , ,BIDIRECCIONAL,CONCRETO,BUENO,SECO,DESPEJADO,0,0,0,0,8,81,8110,BiobÃ­o,ConcepciÃ³n,Talcahuano,Numero,"ALMIRANTE LATORRE 1170, Talcahuano",-36.721605,-73.128472,Siniestros_con_participación_de_motocicletas_2023.csv
-8140922.20743846,-4418211.42632296,826,2023,1571614,2023/11/11 00:00:00+00,Noviembre,11,SÃ¡bado,1899/12/30 00:00:00+00,00:15:00,0,REGION BIO BIO,SAN PEDRO DE LA PAZ,CHOQUE,CHOQUE,URBANA,TRAMO DE VIA RECTA,IMPRUDENCIA DEL CONDUCTOR,CONDUCCION NO ATENTO CONDICIONES TRANSITO MOMENTO,CAMINO A CORONEL, ,- CAMINO A CORONEL,3925, , ,BIDIRECCIONAL CON BANDEJON,CONCRETO,BUENO,SECO,NUBLADO,0,1,0,0,8,81,8108,BiobÃ­o,ConcepciÃ³n,San Pedro de la Paz,Numero,"CAMINO A CORONEL 3925, San Pedro de la Paz",-36.849943,-73.131148,Siniestros_con_participación_de_motocicletas_2023.csv
-8137015.05796427,-4416654.66462054,831,2023,1565468,2023/08/02 00:00:00+00,Agosto,2,MiÃ©rcoles,1899/12/30 00:00:00+00,20:30:00,20,REGION BIO BIO,SAN PEDRO DE LA PAZ,COLISION LATERAL,COLISION,URBANA,TRAMO DE VIA RECTA,IMPRUDENCIA DEL CONDUCTOR,CONDUCCION CAMBIAR SORPRESIVAMENTE PISTA CIRCULACION,PEDRO AGUIRRE CERDA, ,- PEDRO AGUIRRE CERDA,1055, , ,UNIDIRECCIONAL,CONCRETO,BUENO,SECO,NUBLADO,0,0,0,0,8,81,8108,BiobÃ­o,ConcepciÃ³n,San Pedro de la Paz,Numero,"PEDRO AGUIRRE CERDA 1055, San Pedro de la Paz",-36.838752,-73.09605,Siniestros_con_participación_de_motocicletas_2023.csv
-8137227.20193351,-4412107.06595149,855,2023,1549576,2023/08/03 00:00:00+00,Agosto,3,Jueves,1899/12/30 00:00:00+00,17:00:00,17,REGION BIO BIO,HUALPEN,CHOQUE FRENTE/POSTERIOR,CHOQUE,URBANA,TRAMO DE VIA RECTA,IMPRUDENCIA DEL CONDUCTOR,CONDUCCION NO ATENTO CONDICIONES TRANSITO MOMENTO,COSTANERA, ,- COSTANERA,365, , ,BIDIRECCIONAL CON BANDEJON,CONCRETO,BUENO,SECO,DESPEJADO,0,0,0,0,8,81,8112,BiobÃ­o,ConcepciÃ³n,HualpÃ©n,Numero,"COSTANERA 365, HualpÃ©n",-36.80605,-73.097956,Siniestros_con_participación_de_motocicletas_2023.csv
-8139396.41154671,-4400140.06953678,860,2023,1574421,2023/11/12 00:00:00+00,Noviembre,12,Domingo,1899/12/30 00:00:00+00,23:45:00,23,REGION BIO BIO,TALCAHUANO,COLISION POR ALCANCE,COLISION,URBANA,TRAMO DE VIA RECTA,IMPRUDENCIA DEL CONDUCTOR,CONDUCCION SIN MANTENER DISTANCIA RAZONABLE NI PRUDENTE,VALDIVIA, ,- VALDIVIA,869, , ,BIDIRECCIONAL,CONCRETO,BUENO,SECO,DESPEJADO,0,0,0,1,8,81,8110,BiobÃ­o,ConcepciÃ³n,Talcahuano,Numero,"VALDIVIA 869, Talcahuano",-36.719929,-73.117442,Siniestros_con_participación_de_motocicletas_2023.csv
-8139558.04744735,-4402858.93742328,881,2023,1508759,2023/02/01 00:00:00+00,Febrero,1,MiÃ©rcoles,1899/12/30 00:00:00+00,15:20:00,15,REGION BIO BIO,TALCAHUANO,COLISION LATERAL,COLISION,URBANA,TRAMO DE VIA RECTA,IMPRUDENCIA DEL CONDUCTOR,VIRAJES INDEBIDOS,JUAN ANTONIO RIOS, ,- JUAN ANTONIO RIOS,1315, , ,BIDIRECCIONAL,CONCRETO,BUENO,SECO,DESPEJADO,0,0,0,1,8,81,8110,BiobÃ­o,ConcepciÃ³n,Talcahuano,Numero,"JUAN ANTONIO RIOS 1315, Talcahuano",-36.739504,-73.118894,Siniestros_con_participación_de_motocicletas_2023.csv
-8141848.00697087,-4398846.01886476,891,2023,1509140,2023/02/01 00:00:00+00,Febrero,1,MiÃ©rcoles,1899/12/30 00:00:00+00,17:20:00,17,REGION BIO BIO,TALCAHUANO,COLISION LATERAL,COLISION,URBANA,TRAMO DE VIA RECTA,IMPRUDENCIA DEL CONDUCTOR,VIRAJES INDEBIDOS,BAHIA SAN VICENTE, ,- BAHIA SAN VICENTE,1450, , ,BIDIRECCIONAL,CONCRETO,BUENO,SECO,DESPEJADO,0,0,0,0,8,81,8110,BiobÃ­o,ConcepciÃ³n,Talcahuano,Numero,"BAHIA SAN VICENTE 1450, Talcahuano",-36.71061,-73.139465,Siniestros_con_participación_de_motocicletas_2023.csv
-8139344.26117053,-4400819.21787305,895,2023,1550154,2023/08/06 00:00:00+00,Agosto,6,Domingo,1899/12/30 00:00:00+00,11:20:00,11,REGION BIO BIO,TALCAHUANO,COLISION LATERAL,COLISION,URBANA,TRAMO DE VIA RECTA,IMPRUDENCIA DEL CONDUCTOR,CONDUCCION CAMBIAR SORPRESIVAMENTE PISTA CIRCULACION,CRISTOBAL COLON, ,- CRISTOBAL COLON,581, , ,BIDIRECCIONAL,CONCRETO,BUENO,SECO,DESPEJADO,0,0,0,0,8,81,8110,BiobÃ­o,ConcepciÃ³n,Talcahuano,Numero,"CRISTOBAL COLON 581, Talcahuano",-36.724819,-73.116974,Siniestros_con_participación_de_motocicletas_2023.csv
-8138564.65476465,-4409414.40778217,902,2023,1572182,2023/11/15 00:00:00+00,Noviembre,15,MiÃ©rcoles,1899/12/30 00:00:00+00,14:00:00,14,REGION BIO BIO,HUALPEN,COLISION,COLISION,URBANA,TRAMO DE VIA RECTA,IMPRUDENCIA DEL CONDUCTOR,CONDUCCION CAMBIAR SORPRESIVAMENTE PISTA CIRCULACION,CRISTOBAL COLON, ,- CRISTOBAL COLON,8831, , ,BIDIRECCIONAL,CONCRETO,BUENO,SECO,DESPEJADO,0,1,0,1,8,81,8112,BiobÃ­o,ConcepciÃ³n,HualpÃ©n,Numero,"CRISTOBAL COLON 8831, HualpÃ©n",-36.786681,-73.10997,Siniestros_con_participación_de_motocicletas_2023.csv
-8132532.39964688,-4414662.05658575,910,2023,1572114,2023/11/15 00:00:00+00,Noviembre,15,MiÃ©rcoles,1899/12/30 00:00:00+00,18:00:00,18,REGION BIO BIO,CONCEPCION,COLISION,COLISION,URBANA,OTROS NO CONSIDERADOS,IMPRUDENCIA DEL CONDUCTOR,VIRAJES INDEBIDOS,LINCOYAN, ,- LINCOYAN,838, , ,UNIDIRECCIONAL,CONCRETO,BUENO,SECO,DESPEJADO,0,1,0,0,8,81,8101,BiobÃ­o,ConcepciÃ³n,ConcepciÃ³n,Numero,"LINCOYAN 838, ConcepciÃ³n",-36.824425,-73.055782,Siniestros_con_participación_de_motocicletas_2023.csv
-8131198.58944551,-4415200.04392117,928,2023,1573359,2023/11/17 00:00:00+00,Noviembre,17,Viernes,1899/12/30 00:00:00+00,15:35:00,15,REGION BIO BIO,CONCEPCION,COLISION,COLISION,URBANA,TRAMO DE VIA RECTA,IMPRUDENCIA DEL CONDUCTOR,ADELANTAMIENTO SIN EL ESPACIO O TIEMPO SUFICIENTE,TUCAPEL, ,- TUCAPEL,156, , ,UNIDIRECCIONAL,CONCRETO,BUENO,SECO,DESPEJADO,0,0,0,0,8,81,8101,BiobÃ­o,ConcepciÃ³n,ConcepciÃ³n,Numero,"TUCAPEL 156, ConcepciÃ³n",-36.828293,-73.0438,Siniestros_con_participación_de_motocicletas_2023.csv
-8136983.76503127,-4404294.89400263,932,2023,1574436,2023/11/17 00:00:00+00,Noviembre,17,Viernes,1899/12/30 00:00:00+00,18:40:00,18,REGION BIO BIO,TALCAHUANO,COLISION LATERAL,COLISION,URBANA,TRAMO DE VIA RECTA,IMPRUDENCIA DEL CONDUCTOR,VIRAJES INDEBIDOS,LAS HORTENSIAS, ,- LAS HORTENSIAS,883, , ,BIDIRECCIONAL,CONCRETO,BUENO,SECO,DESPEJADO,0,0,0,2,8,81,8110,BiobÃ­o,ConcepciÃ³n,Talcahuano,Numero,"LAS HORTENSIAS 883, Talcahuano",-36.74984,-73.095769,Siniestros_con_participación_de_motocicletas_2023.csv
-8139084.57776747,-4407119.63777,944,2023,1508765,2023/02/04 00:00:00+00,Febrero,4,SÃ¡bado,1899/12/30 00:00:00+00,15:10:00,15,REGION BIO BIO,TALCAHUANO,VOLCADURA,VOLCADURA,URBANA,TRAMO DE VIA RECTA,VELOCIDAD IMPRUDENTE,VELOCIDAD NO RAZONABLE NI PRUDENTE,GRAN BRETAÃA, ,- GRAN BRETAÃA,5061, , ,BIDIRECCIONAL,CONCRETO,BUENO,SECO,DESPEJADO,0,1,0,0,8,81,8110,BiobÃ­o,ConcepciÃ³n,Talcahuano,Numero,"GRAN BRETAÃA 5061, Talcahuano",-36.77017,-73.114641,Siniestros_con_participación_de_motocicletas_2023.csv
-8138037.75363276,-4410231.42810517,946,2023,1573021,2023/11/20 00:00:00+00,Noviembre,20,Lunes,1899/12/30 00:00:00+00,11:24:00,11,REGION BIO BIO,HUALPEN,COLISION,COLISION,URBANA,TRAMO DE VIA RECTA,VELOCIDAD IMPRUDENTE,VELOCIDAD MAYOR QUE MAXIMA PERMITIDA,BREMEN, ,- BREMEN,4074, , ,BIDIRECCIONAL,CONCRETO,BUENO,SECO,DESPEJADO,0,0,0,2,8,81,8112,BiobÃ­o,ConcepciÃ³n,HualpÃ©n,Numero,"BREMEN 4074, HualpÃ©n",-36.792559,-73.105237,Siniestros_con_participación_de_motocicletas_2023.csv
-8139315.87313077,-4415498.0187382,952,2023,1508508,2023/02/05 00:00:00+00,Febrero,5,Domingo,1899/12/30 00:00:00+00,15:30:00,15,REGION BIO BIO,SAN PEDRO DE LA PAZ,COLISION,COLISION,URBANA,TRAMO DE VIA RECTA,VELOCIDAD IMPRUDENTE,VELOCIDAD NO RAZONABLE NI PRUDENTE,VENUS, ,- VENUS,745, , ,BIDIRECCIONAL,CONCRETO,BUENO,SECO,NUBLADO,0,1,0,0,8,81,8108,BiobÃ­o,ConcepciÃ³n,San Pedro de la Paz,Numero,"VENUS 745, San Pedro de la Paz",-36.830436,-73.116719,Siniestros_con_participación_de_motocicletas_2023.csv
-8141782.78640629,-4422506.39118087,953,2023,1512940,2023/02/26 00:00:00+00,Febrero,26,Domingo,1899/12/30 00:00:00+00,21:45:00,21,REGION BIO BIO,SAN PEDRO DE LA PAZ,CHOQUE FRENTE/POSTERIOR,CHOQUE,RURAL,CRUCE CON SEMAFORO FUNCIONANDO,ALCOHOL EN CONDUCTOR,CONDUCCION EN ESTADO DE EBRIEDAD, , , ,0,RUTA 160,"9,5",BIDIRECCIONAL CON BANDEJON,CONCRETO,BUENO,SECO,DESPEJADO,0,0,0,2,8,81,8108,BiobÃ­o,ConcepciÃ³n,San Pedro de la Paz,Ruta,"RUTA 160 km 9,5",-36.880811,-73.138879,Siniestros_con_participación_de_motocicletas_2023.csv
-8142772.9665866,-4416511.11584067,968,2023,1510031,2023/02/06 00:00:00+00,Febrero,6,Lunes,1899/12/30 00:00:00+00,00:15:00,0,REGION BIO BIO,SAN PEDRO DE LA PAZ,VOLCADURA,VOLCADURA,URBANA,TRAMO DE VIA RECTA,VELOCIDAD IMPRUDENTE,VELOCIDAD NO RAZONABLE NI PRUDENTE,CALLE UNO, ,- CALLE UNO,130, , ,BIDIRECCIONAL,CONCRETO,BUENO,SECO,DESPEJADO,0,1,0,0,8,81,8108,BiobÃ­o,ConcepciÃ³n,San Pedro de la Paz,Numero,"CALLE UNO 130, San Pedro de la Paz",-36.83772,-73.147774,Siniestros_con_participación_de_motocicletas_2023.csv
-8131195.9759533,-4420246.3097153,989,2023,1577326,2023/11/21 00:00:00+00,Noviembre,21,Martes,1899/12/30 00:00:00+00,20:40:00,20,REGION BIO BIO,CHIGUAYANTE,COLISION LATERAL,COLISION,URBANA,TRAMO DE VIA RECTA,IMPRUDENCIA DEL CONDUCTOR,CONDUCCION CAMBIAR SORPRESIVAMENTE PISTA CIRCULACION,CAMINO A CHIGUAYANTE, ,- CAMINO A CHIGUAYANTE,2701, , ,BIDIRECCIONAL CON BANDEJON,CONCRETO,BUENO,SECO,DESPEJADO,0,0,0,1,8,81,8103,BiobÃ­o,ConcepciÃ³n,Chiguayante,Numero,"CAMINO A CHIGUAYANTE 2701, Chiguayante",-36.86457,-73.043776,Siniestros_con_participación_de_motocicletas_2023.csv
-8139344.26113713,-4400819.21785916,996,2023,1513525,2023/02/09 00:00:00+00,Febrero,9,Jueves,1899/12/30 00:00:00+00,20:00:00,20,REGION BIO BIO,TALCAHUANO,COLISION LATERAL,COLISION,URBANA,TRAMO DE VIA RECTA,IMPRUDENCIA DEL CONDUCTOR,"ADELANTAMIENTO EN CRUCE, CURVA, CUESTA, PUENTE",LAS GOLONDRINAS, ,- LAS GOLONDRINAS,312, , ,BIDIRECCIONAL CON BANDEJON,CONCRETO,BUENO,SECO,DESPEJADO,0,0,0,1,8,81,8110,BiobÃ­o,ConcepciÃ³n,Talcahuano,Numero,"LAS GOLONDRINAS 312, Talcahuano",-36.724819,-73.116974,Siniestros_con_participación_de_motocicletas_2023.csv