ï»¿X,Y,FID,AÃ±o,IdAccident,Fecha,Mes,Dia_mes,Dia_semana,Hora,Hora_texto,Hora_aprox,RegiÃ³n,Comuna,Tipo_Accid,Tipo__CONA,Zona,UbicaciÃ³n,Causa__CON,Causa_Acci,Calle_Uno,Calle_Dos,Intersecci,NÃºmero,Ruta,Ubicaci_1,Calzada,Tipo_Calza,Estado_Cal,CondiciÃ³n,Estado_Atm,Fallecidos,Graves,Menos_Grav,Leves,CUT_REG,CUT_PROV,CUT_COM,REGION,PROVINCIA,COMUNA1,Tipo_direc,Direccion,Lat,Lon,Archivo_Origen
-8139344.26117053,-4400819.21787305,1035,2023,1575340,2023/11/24 00:00:00+00,Noviembre,24,Viernes,1899/12/30 00:00:00+00,13:35:00,13,REGION BIO BIO,TALCAHUANO,COLISION LATERAL,COLISION,URBANA,CRUCE CON SEMAFORO FUNCIONANDO,DESOBEDIENCIA A SEÃALIZACION,SEÃALIZACION DESOBEDECER LUZ ROJA DE SEMAFORO,CRISTOBAL COLON, ,- CRISTOBAL COLON,2514, , ,BIDIRECCIONAL,CONCRETO,BUENO,SECO,DESPEJADO,0,1,0,0,8,81,8110,BiobÃ­o,ConcepciÃ³n,Talcahuano,Numero,"CRISTOBAL COLON 2514, Talcahuano",-36.724819,-73.116974,Siniestros_con_participación_de_motocicletas_2023.csv
-8135806.35794637,-4413642.34405804,1138,2023,1515884,2023/02/16 00:00:00+00,Febrero,16,Jueves,1899/12/30 00:00:00+00,14:45:00,14,REGION BIO BIO,HUALPEN,COLISION POR ALCANCE,COLISION,URBANA,PUENTE,IMPRUDENCIA DEL CONDUCTOR,CONDUCCION SIN MANTENER DISTANCIA RAZONABLE NI PRUDENTE,PUENTE JUAN PABLO II, ,- PUENTE JUAN PABLO II,1, , ,BIDIRECCIONAL CON BANDEJON,CONCRETO,BUENO,SECO,DESPEJADO,0,0,0,0,8,81,8112,BiobÃ­o,ConcepciÃ³n,HualpÃ©n,Numero,"PUENTE JUAN PABLO II 1, HualpÃ©n",-36.817092,-73.085192,Siniestros_con_participación_de_motocicletas_2023.csv
-8134365.69418067,-4410067.46698923,1141,2023,1554441,2023/08/25 00:00:00+00,Agosto,25,Viernes,1899/12/30 00:00:00+00,18:30:00,18,REGION BIO BIO,HUALPEN,COLISION,COLISION,URBANA,TRAMO DE VIA RECTA,IMPRUDENCIA DEL CONDUCTOR,CONDUCCION CAMBIAR SORPRESIVAMENTE PISTA CIRCULACION,AUTOPISTA CONCEPCION TALCAHUANO, ,- AUTOPISTA CONCEPCION TALCAHUANO,8360, , ,BIDIRECCIONAL CON BANDEJON,CONCRETO,BUENO,HUMEDO,LLOVIZNA,0,0,0,1,8,81,8112,BiobÃ­o,ConcepciÃ³n,HualpÃ©n,Numero,"AUTOPISTA CONCEPCION TALCAHUANO 8360, HualpÃ©n",-36.791379,-73.07225,Siniestros_con_participación_de_motocicletas_2023.csv
-8138056.10411648,-4411833.5222666,1143,2023,1510260,2023/02/16 00:00:00+00,Febrero,16,Jueves,1899/12/30 00:00:00+00,15:15:00,15,REGION BIO BIO,HUALPEN,COLISION,COLISION,URBANA,TRAMO DE VIA RECTA,DESOBEDIENCIA A SEÃALIZACION,SEÃALIZACION DESOBEDECER SEÃAL PARE,GRAN BRETAÃA, ,- GRAN BRETAÃA,4651, , ,BIDIRECCIONAL,CONCRETO,BUENO,SECO,DESPEJADO,0,0,0,1,8,81,8112,BiobÃ­o,ConcepciÃ³n,HualpÃ©n,Numero,"GRAN BRETAÃA 4651, HualpÃ©n",-36.804083,-73.105402,Siniestros_con_participación_de_motocicletas_2023.csv
-8139344.26117053,-4400819.21787305,1144,2023,1555920,2023/08/25 00:00:00+00,Agosto,25,Viernes,1899/12/30 00:00:00+00,18:43:00,18,REGION BIO BIO,TALCAHUANO,VOLCADURA,VOLCADURA,URBANA,TRAMO DE VIA RECTA,VELOCIDAD IMPRUDENTE,VELOCIDAD NO RAZONABLE NI PRUDENTE,CRISTOBAL COLON, ,- CRISTOBAL COLON,3914, , ,BIDIRECCIONAL CON BANDEJON,CONCRETO,BUENO,SECO,DESPEJADO,0,1,0,0,8,81,8110,BiobÃ­o,ConcepciÃ³n,Talcahuano,Numero,"CRISTOBAL COLON 3914, Talcahuano",-36.724819,-73.116974,Siniestros_con_participación_de_motocicletas_2023.csv
-8137156.64111692,-4404770.70611575,1148,2023,1555918,2023/08/25 00:00:00+00,Agosto,25,Viernes,1899/12/30 00:00:00+00,20:00:00,20,REGION BIO BIO,TALCAHUANO,COLISION LATERAL,COLISION,URBANA,TRAMO DE VIA RECTA,IMPRUDENCIA DEL CONDUCTOR,VIRAJES INDEBIDOS,ALTO HORNO, ,- ALTO HORNO,521, , ,BIDIRECCIONAL CON BANDEJON,CONCRETO,BUENO,SECO,DESPEJADO,0,0,1,0,8,81,8110,BiobÃ­o,ConcepciÃ³n,Talcahuano,Numero,"ALTO HORNO 521, Talcahuano",-36.753265,-73.097322,Siniestros_con_participación_de_motocicletas_2023.csv
-8139084.57776747,-4407119.63777,1157,2023,1513517,2023/02/17 00:00:00+00,Febrero,17,Viernes,1899/12/30 00:00:00+00,20:50:00,20,REGION BIO BIO,TALCAHUANO,COLISION LATERAL,COLISION,URBANA,TRAMO DE VIA RECTA,IMPRUDENCIA DEL CONDUCTOR,CONDUCCION NO ATENTO CONDICIONES TRANSITO MOMENTO,GRAN BRETAÃA, ,- GRAN BRETAÃA,5061, , ,BIDIRECCIONAL CON BANDEJON,CONCRETO,BUENO,SECO,DESPEJADO,0,1,0,0,8,81,8110,BiobÃ­o,ConcepciÃ³n,Talcahuano,Numero,"GRAN BRETAÃA 5061, Talcahuano",-36.77017,-73.114641,Siniestros_con_participación_de_motocicletas_2023.csv
-8140716.27194646,-4400579.16315455,1162,2023,1513521,2023/02/17 00:00:00+00,Febrero,17,Viernes,1899/12/30 00:00:00+00,22:30:00,22,REGION BIO BIO,TALCAHUANO,VOLCADURA,VOLCADURA,URBANA,TRAMO DE VIA RECTA,VELOCIDAD IMPRUDENTE,VELOCIDAD NO RAZONABLE NI PRUDENTE,LATORRE, ,- LATORRE,1295, , ,BIDIRECCIONAL,CONCRETO,BUENO,SECO,DESPEJADO,0,1,0,0,8,81,8110,BiobÃ­o,ConcepciÃ³n,Talcahuano,Numero,"LATORRE 1295, Talcahuano",-36.723091,-73.129299,Siniestros_con_participación_de_motocicletas_2023.csv
-8137855.59416949,-4402836.68263063,1167,2023,1576318,2023/11/30 00:00:00+00,Noviembre,30,Jueves,1899/12/30 00:00:00+00,19:00:00,19,REGION BIO BIO,TALCAHUANO,VOLCADURA,VOLCADURA,URBANA,TRAMO DE VIA RECTA,VELOCIDAD IMPRUDENTE,VELOCIDAD NO RAZONABLE NI PRUDENTE,CARLOS DITTBORN, ,- CARLOS DITTBORN,701, , ,BIDIRECCIONAL,CONCRETO,BUENO,SECO,DESPEJADO,0,1,0,0,8,81,8110,BiobÃ­o,ConcepciÃ³n,Talcahuano,Numero,"CARLOS DITTBORN 701, Talcahuano",-36.739344,-73.103601,Siniestros_con_participación_de_motocicletas_2023.csv
-8126665.35446445,-4416176.24674162,1285,2023,1556390,2023/09/02 00:00:00+00,Septiembre,2,SÃ¡bado,1899/12/30 00:00:00+00,08:00:00,8,REGION BIO BIO,CONCEPCION,VOLCADURA,VOLCADURA,URBANA,TRAMO DE VIA RECTA,VELOCIDAD IMPRUDENTE,VELOCIDAD NO RAZONABLE NI PRUDENTE,CAMINO NONGUEN, ,- CAMINO NONGUEN,1495, , ,BIDIRECCIONAL,CONCRETO,BUENO,SECO,NUBLADO,0,0,0,1,8,81,8101,BiobÃ­o,ConcepciÃ³n,ConcepciÃ³n,Numero,"CAMINO NONGUEN 1495, ConcepciÃ³n",-36.835312,-73.003077,Siniestros_con_participación_de_motocicletas_2023.csv
-8139080.32979344,-4398971.70255429,1305,2023,1513240,2023/02/25 00:00:00+00,Febrero,25,SÃ¡bado,1899/12/30 00:00:00+00,15:50:00,15,REGION BIO BIO,TALCAHUANO,COLISION LATERAL,COLISION,URBANA,TRAMO DE VIA RECTA,IMPRUDENCIA DEL CONDUCTOR,CONDUCCION CAMBIAR SORPRESIVAMENTE PISTA CIRCULACION,BLANCO ENCALADA, ,- BLANCO ENCALADA,60, , ,BIDIRECCIONAL,CONCRETO,BUENO,SECO,DESPEJADO,0,0,0,1,8,81,8110,BiobÃ­o,ConcepciÃ³n,Talcahuano,Numero,"BLANCO ENCALADA 60, Talcahuano",-36.711516,-73.114603,Siniestros_con_participación_de_motocicletas_2023.csv
-8133289.12967476,-4409956.14635571,1336,2023,1556974,2023/09/05 00:00:00+00,Septiembre,5,Martes,1899/12/30 00:00:00+00,12:50:00,12,REGION BIO BIO,TALCAHUANO,COLISION LATERAL,COLISION,URBANA,CRUCE CON SEÃAL CEDA EL PASO,DESOBEDIENCIA A SEÃALIZACION,SEÃALIZACION DESOBEDECER SEÃAL CEDA EL PASO,JORGE ALESSANDRI RODRIGUEZ, ,- JORGE ALESSANDRI RODRIGUEZ,3177, , ,BIDIRECCIONAL,CONCRETO,BUENO,SECO,DESPEJADO,0,0,0,2,8,81,8110,BiobÃ­o,ConcepciÃ³n,Talcahuano,Numero,"JORGE ALESSANDRI RODRIGUEZ 3177, Talcahuano",-36.790578,-73.062579,Siniestros_con_participación_de_motocicletas_2023.csv
-8138209.27340173,-4403207.12503587,1367,2023,1515699,2023/03/02 00:00:00+00,Marzo,2,Jueves,1899/12/30 00:00:00+00,20:45:00,20,REGION BIO BIO,TALCAHUANO,COLISION LATERAL,COLISION,URBANA,TRAMO DE VIA RECTA,IMPRUDENCIA DEL CONDUCTOR,ADELANTAMIENTO SIN EL ESPACIO O TIEMPO SUFICIENTE,ALTO HORNO, ,- ALTO HORNO,578, , ,BIDIRECCIONAL CON BANDEJON,CONCRETO,BUENO,SECO,DESPEJADO,0,1,0,0,8,81,8110,BiobÃ­o,ConcepciÃ³n,Talcahuano,Numero,"ALTO HORNO 578, Talcahuano",-36.74201,-73.106778,Siniestros_con_participación_de_motocicletas_2023.csv
-8137027.62738194,-4403002.39785519,1382,2023,1557747,2023/09/08 00:00:00+00,Septiembre,8,Viernes,1899/12/30 00:00:00+00,08:00:00,8,REGION BIO BIO,TALCAHUANO,COLISION LATERAL,COLISION,URBANA,TRAMO DE VIA RECTA,IMPRUDENCIA DEL CONDUCTOR,VIRAJES INDEBIDOS,MANUEL MONTT, ,- MANUEL MONTT,3111, , ,BIDIRECCIONAL,CONCRETO,BUENO,SECO,DESPEJADO,0,0,0,2,8,81,8110,BiobÃ­o,ConcepciÃ³n,Talcahuano,Numero,"MANUEL MONTT 3111, Talcahuano",-36.740537,-73.096163,Siniestros_con_participación_de_motocicletas_2023.csv
-8138564.65476465,-4409414.40778217,1426,2023,1557473,2023/09/10 00:00:00+00,Septiembre,10,Domingo,1899/12/30 00:00:00+00,02:00:00,2,REGION BIO BIO,HUALPEN,VOLCADURA,VOLCADURA,URBANA,TRAMO DE VIA RECTA,ALCOHOL EN CONDUCTOR,CONDUCCION EN ESTADO DE EBRIEDAD,CRISTOBAL COLON, ,- CRISTOBAL COLON,8839, , ,BIDIRECCIONAL,CONCRETO,BUENO,HUMEDO,LLUVIA,0,1,0,0,8,81,8112,BiobÃ­o,ConcepciÃ³n,HualpÃ©n,Numero,"CRISTOBAL COLON 8839, HualpÃ©n",-36.786681,-73.10997,Siniestros_con_participación_de_motocicletas_2023.csv
-8134365.69418067,-4410067.46698923,1441,2023,1578062,2023/12/14 00:00:00+00,Diciembre,14,Jueves,1899/12/30 00:00:00+00,00:30:00,0,REGION BIO BIO,HUALPEN,VOLCADURA,VOLCADURA,URBANA,TRAMO DE VIA RECTA,DESOBEDIENCIA A SEÃALIZACION,SEÃALIZACION DESOBEDECER SEÃAL CEDA EL PASO,AUTOPISTA CONCEPCION TALCAHUANO, ,- AUTOPISTA CONCEPCION TALCAHUANO,8360, , ,BIDIRECCIONAL CON BANDEJON,CONCRETO,BUENO,SECO,DESPEJADO,0,0,0,1,8,81,8112,BiobÃ­o,ConcepciÃ³n,HualpÃ©n,Numero,"AUTOPISTA CONCEPCION TALCAHUANO 8360, HualpÃ©n",-36.791379,-73.07225,Siniestros_con_participación_de_motocicletas_2023.csv
-8128338.03906256,-4430945.12549063,1448,2023,1580485,2023/12/14 00:00:00+00,Diciembre,14,Jueves,1899/12/30 00:00:00+00,07:50:00,7,REGION BIO BIO,CHIGUAYANTE,VOLCADURA,VOLCADURA,URBANA,TRAMO DE VIA RECTA,VELOCIDAD IMPRUDENTE,VELOCIDAD NO RAZONABLE NI PRUDENTE,MANUEL RODRIGUEZ, ,- MANUEL RODRIGUEZ,2221, , ,BIDIRECCIONAL CON BANDEJON,CONCRETO,BUENO,SECO,DESPEJADO,0,1,0,0,8,81,8103,BiobÃ­o,ConcepciÃ³n,Chiguayante,Numero,"MANUEL RODRIGUEZ 2221, Chiguayante",-36.941424,-73.018103,Siniestros_con_participación_de_motocicletas_2023.csv
-8135038.87639263,-4408232.9826538,1461,2023,1526031,2023/04/11 00:00:00+00,Abril,11,Martes,1899/12/30 00:00:00+00,01:00:00,1,REGION BIO BIO,TALCAHUANO,VOLCADURA,VOLCADURA,RURAL,TRAMO DE VIA RECTA,VELOCIDAD IMPRUDENTE,VELOCIDAD NO RAZONABLE NI PRUDENTE, , , ,0,RUTA 154,"5,7",BIDIRECCIONAL CON BANDEJON,CONCRETO,BUENO,SECO,LLOVIZNA,0,0,0,1,8,81,8110,BiobÃ­o,ConcepciÃ³n,Talcahuano,Ruta,"RUTA 154 km 5,7",-36.778181,-73.078298,Siniestros_con_participación_de_motocicletas_2023.csv
-8130046.94282624,-4424226.85985431,1462,2023,1578088,2023/12/14 00:00:00+00,Diciembre,14,Jueves,1899/12/30 00:00:00+00,18:00:00,18,REGION BIO BIO,CHIGUAYANTE,CHOQUE FRONTAL,CHOQUE,URBANA,TRAMO DE VIA CURVA HORIZONTAL,VELOCIDAD IMPRUDENTE,VELOCIDAD NO RAZONABLE NI PRUDENTE,BERNARDO O'HIGGINS, ,- BERNARDO O'HIGGINS,107, , ,BIDIRECCIONAL,CONCRETO,BUENO,SECO,DESPEJADO,1,0,0,0,8,81,8103,BiobÃ­o,ConcepciÃ³n,Chiguayante,Numero,"BERNARDO O'HIGGINS 107, Chiguayante",-36.893173,-73.033454,Siniestros_con_participación_de_motocicletas_2023.csv
-8136417.14223302,-4412231.0489219,1478,2023,1558749,2023/09/14 00:00:00+00,Septiembre,14,Jueves,1899/12/30 00:00:00+00,10:00:00,10,REGION BIO BIO,HUALPEN,COLISION,COLISION,URBANA,TRAMO DE VIA RECTA,IMPRUDENCIA DEL CONDUCTOR,CONDUCCION SIN MANTENER DISTANCIA RAZONABLE NI PRUDENTE,COSTANERA, ,- COSTANERA,9781, , ,BIDIRECCIONAL,CONCRETO,BUENO,HUMEDO,DESPEJADO,0,0,0,0,8,81,8112,BiobÃ­o,ConcepciÃ³n,HualpÃ©n,Numero,"COSTANERA 9781, HualpÃ©n",-36.806942,-73.090679,Siniestros_con_participación_de_motocicletas_2023.csv
-8128338.03906256,-4430945.12549063,1497,2023,1580167,2023/12/17 00:00:00+00,Diciembre,17,Domingo,1899/12/30 00:00:00+00,07:50:00,7,REGION BIO BIO,CHIGUAYANTE,VOLCADURA,VOLCADURA,URBANA,TRAMO DE VIA RECTA,IMPRUDENCIA DEL CONDUCTOR,CONDUCCION CAMBIAR SORPRESIVAMENTE PISTA CIRCULACION,MANUEL RODRIGUEZ, ,- MANUEL RODRIGUEZ,2221, , ,BIDIRECCIONAL CON BANDEJON,CONCRETO,BUENO,SECO,DESPEJADO,0,0,0,1,8,81,8103,BiobÃ­o,ConcepciÃ³n,Chiguayante,Numero,"MANUEL RODRIGUEZ 2221, Chiguayante",-36.941424,-73.018103,Siniestros_con_participación_de_motocicletas_2023.csv
-8141188.19136885,-4419431.35226451,1510,2023,1525242,2023/04/14 00:00:00+00,Abril,14,Viernes,1899/12/30 00:00:00+00,08:00:00,8,REGION BIO BIO,SAN PEDRO DE LA PAZ,COLISION LATERAL,COLISION,RURAL,CRUCE CON SEMAFORO FUNCIONANDO,IMPRUDENCIA DEL CONDUCTOR,CONDUCCION CAMBIAR SORPRESIVAMENTE PISTA CIRCULACION, , , ,0,RUTA 160,7,BIDIRECCIONAL CON BANDEJON,CONCRETO,BUENO,SECO,DESPEJADO,0,1,0,0,8,81,8108,BiobÃ­o,ConcepciÃ³n,San Pedro de la Paz,Ruta,RUTA 160 km 7,-36.858712,-73.133538,Siniestros_con_participación_de_motocicletas_2023.csv
-8133607.68670597,-4410032.29812169,1515,2023,1560512,2023/09/16 00:00:00+00,Septiembre,16,SÃ¡bado,1899/12/30 00:00:00+00,21:00:00,21,REGION BIO BIO,TALCAHUANO,COLISION LATERAL,COLISION,URBANA,OTROS NO CONSIDERADOS,IMPRUDENCIA DEL CONDUCTOR,VIRAJES INDEBIDOS,JORGE ALESSANDRI, ,- JORGE ALESSANDRI,3177, , ,BIDIRECCIONAL,CONCRETO,BUENO,SECO,DESPEJADO,0,0,0,0,8,81,8110,BiobÃ­o,ConcepciÃ³n,Talcahuano,Numero,"JORGE ALESSANDRI 3177, Talcahuano",-36.791126,-73.065441,Siniestros_con_participación_de_motocicletas_2023.csv
-8137199.38307031,-4408173.9809991,1518,2023,1517223,2023/03/10 00:00:00+00,Marzo,10,Viernes,1899/12/30 00:00:00+00,15:35:00,15,REGION BIO BIO,TALCAHUANO,ATROPELLO,ATROPELLO,URBANA,TRAMO DE VIA RECTA,IMPRUDENCIA DEL PEATON,PEATON CRUZA CALZADA FORMA SORPRESIVA O DESCUIDADA,AYSEN, ,- AYSEN,7288, , ,BIDIRECCIONAL,CONCRETO,BUENO,SECO,DESPEJADO,0,0,0,1,8,81,8110,BiobÃ­o,ConcepciÃ³n,Talcahuano,Numero,"AYSEN 7288, Talcahuano",-36.777756,-73.097706,Siniestros_con_participación_de_motocicletas_2023.csv
-8131373.24198987,-4410271.07137894,1522,2023,1517856,2023/03/10 00:00:00+00,Marzo,10,Viernes,1899/12/30 00:00:00+00,17:39:00,17,REGION BIO BIO,CONCEPCION,COLISION,COLISION,URBANA,OTROS NO CONSIDERADOS,IMPRUDENCIA DEL CONDUCTOR,CONDUCCION NO ATENTO CONDICIONES TRANSITO MOMENTO,ABDON CIFUENTES, ,- ABDON CIFUENTES,1953, , ,BIDIRECCIONAL,CONCRETO,BUENO,SECO,DESPEJADO,0,0,0,1,8,81,8101,BiobÃ­o,ConcepciÃ³n,ConcepciÃ³n,Numero,"ABDON CIFUENTES 1953, ConcepciÃ³n",-36.792844,-73.045369,Siniestros_con_participación_de_motocicletas_2023.csv
-8130129.54851192,-4409846.13767701,1526,2023,1516457,2023/03/10 00:00:00+00,Marzo,10,Viernes,1899/12/30 00:00:00+00,21:00:00,21,REGION BIO BIO,CONCEPCION,COLISION LATERAL,COLISION,URBANA,TRAMO DE VIA RECTA,IMPRUDENCIA DEL CONDUCTOR,VIRAJES INDEBIDOS,CAMPOS DEPORTIVOS, ,- CAMPOS DEPORTIVOS,440, , ,BIDIRECCIONAL,CONCRETO,BUENO,SECO,DESPEJADO,0,0,0,1,8,81,8101,BiobÃ­o,ConcepciÃ³n,ConcepciÃ³n,Numero,"CAMPOS DEPORTIVOS 440, ConcepciÃ³n",-36.789787,-73.034196,Siniestros_con_participación_de_motocicletas_2023.csv
-8129970.98579734,-4413367.11732312,1541,2023,1583883,2023/12/19 00:00:00+00,Diciembre,19,Martes,1899/12/30 00:00:00+00,11:05:00,11,REGION BIO BIO,CONCEPCION,CHOQUE FRENTE/POSTERIOR,CHOQUE,URBANA,CRUCE CON SEMAFORO FUNCIONANDO,IMPRUDENCIA DEL CONDUCTOR,CONDUCCION NO ATENTO CONDICIONES TRANSITO MOMENTO,LOS CARRERA, ,- LOS CARRERA,2221, , ,BIDIRECCIONAL CON BANDEJON,CONCRETO,BUENO,SECO,DESPEJADO,0,0,0,0,8,81,8101,BiobÃ­o,ConcepciÃ³n,ConcepciÃ³n,Numero,"LOS CARRERA 2221, ConcepciÃ³n",-36.815113,-73.032772,Siniestros_con_participación_de_motocicletas_2023.csv
-8065017.45940021,-4402676.76289842,1574,2023,1526161,2023/04/20 00:00:00+00,Abril,20,Jueves,1899/12/30 00:00:00+00,14:19:00,14,REGION BIO BIO,CONCEPCION,VOLCADURA,VOLCADURA,RURAL,TRAMO DE VIA RECTA,VELOCIDAD IMPRUDENTE,VELOCIDAD NO RAZONABLE NI PRUDENTE, , , ,0,RUTA 148,15,BIDIRECCIONAL,CONCRETO,BUENO,SECO,NUBLADO,0,0,0,1,8,81,8101,BiobÃ­o,ConcepciÃ³n,ConcepciÃ³n,Ruta,RUTA 148 km 15,-36.738193,-72.449285,Siniestros_con_participación_de_motocicletas_2023.csv
-8129992.47492297,-4425088.97274698,1599,2023,1517610,2023/03/15 00:00:00+00,Marzo,15,MiÃ©rcoles,1899/12/30 00:00:00+00,03:30:00,3,REGION BIO BIO,CHIGUAYANTE,OTRO TIPO,OTRO TIPO,URBANA,TRAMO DE VIA RECTA,VELOCIDAD IMPRUDENTE,VELOCIDAD NO RAZONABLE NI PRUDENTE,8 ORIENTE, ,- 8 ORIENTE,720, , ,BIDIRECCIONAL CON BANDEJON,CONCRETO,BUENO,SECO,DESPEJADO,0,0,0,1,8,81,8103,BiobÃ­o,ConcepciÃ³n,Chiguayante,Numero,"8 ORIENTE 720, Chiguayante",-36.899366,-73.032965,Siniestros_con_participación_de_motocicletas_2023.csv
-8136536.13531027,-4419293.6431236,1615,2023,1518609,2023/03/15 00:00:00+00,Marzo,15,MiÃ©rcoles,1899/12/30 00:00:00+00,20:10:00,20,REGION BIO BIO,SAN PEDRO DE LA PAZ,COLISION FRONTAL,COLISION,URBANA,TRAMO DE VIA RECTA,IMPRUDENCIA DEL CONDUCTOR,CONDUCCION POR IZQUIERDA EJE CALZADA,CAMINO EL VENADO, ,- CAMINO EL VENADO,1760, , ,BIDIRECCIONAL CON BANDEJON,CONCRETO,BUENO,SECO,DESPEJADO,0,0,0,1,8,81,8108,BiobÃ­o,ConcepciÃ³n,San Pedro de la Paz,Numero,"CAMINO EL VENADO 1760, San Pedro de la Paz",-36.857722,-73.091748,Siniestros_con_participación_de_motocicletas_2023.csv
-8138971.00373416,-4402537.35070742,1630,2023,1562946,2023/09/24 00:00:00+00,Septiembre,24,Domingo,1899/12/30 00:00:00+00,18:00:00,18,REGION BIO BIO,TALCAHUANO,VOLCADURA,VOLCADURA,URBANA,TRAMO DE VIA RECTA,ALCOHOL EN CONDUCTOR,CONDUCCION EN ESTADO DE EBRIEDAD,GRAN BRETAÃA, ,- GRAN BRETAÃA,440, , ,BIDIRECCIONAL,CONCRETO,BUENO,SECO,DESPEJADO,0,0,1,0,8,81,8110,BiobÃ­o,ConcepciÃ³n,Talcahuano,Numero,"GRAN BRETAÃA 440, Talcahuano",-36.737189,-73.11362,Siniestros_con_participación_de_motocicletas_2023.csv
-8140059.4331946,-4404536.50136917,1651,2023,1562966,2023/09/26 00:00:00+00,Septiembre,26,Martes,1899/12/30 00:00:00+00,11:04:00,11,REGION BIO BIO,TALCAHUANO,CHOQUE FRENTE/LADO,CHOQUE,URBANA,TRAMO DE VIA CURVA HORIZONTAL,VELOCIDAD IMPRUDENTE,VELOCIDAD NO RAZONABLE NI PRUDENTE,GRAN BRETAÃA, ,- GRAN BRETAÃA,2675, , ,BIDIRECCIONAL,CONCRETO,BUENO,SECO,DESPEJADO,0,1,0,0,8,81,8110,BiobÃ­o,ConcepciÃ³n,Talcahuano,Numero,"GRAN BRETAÃA 2675, Talcahuano",-36.751579,-73.123398,Siniestros_con_participación_de_motocicletas_2023.csv
-8142849.63791928,-4428043.9498627,1652,2023,1528472,2023/04/27 00:00:00+00,Abril,27,Jueves,1899/12/30 00:00:00+00,18:30:00,18,REGION BIO BIO,SAN PEDRO DE LA PAZ,COLISION PERPENDICULAR,COLISION,RURAL,CRUCE CON SEÃAL PARE,DESOBEDIENCIA A SEÃALIZACION,SEÃALIZACION DESOBEDECER SEÃAL PARE, , , ,0,RUTA 160,14,BIDIRECCIONAL CON BANDEJON,CONCRETO,BUENO,SECO,NUBLADO,0,1,0,0,8,81,8108,BiobÃ­o,ConcepciÃ³n,San Pedro de la Paz,Ruta,RUTA 160 km 14,-36.920591,-73.148463,Siniestros_con_participación_de_motocicletas_2023.csv
-8139295.34644006,-4401049.39692265,1660,2023,1562949,2023/09/26 00:00:00+00,Septiembre,26,Martes,1899/12/30 00:00:00+00,15:20:00,15,REGION BIO BIO,TALCAHUANO,CHOQUE LADO/FRENTE,CHOQUE,URBANA,CRUCE CON SEÃAL PARE,IMPRUDENCIA DEL CONDUCTOR,VIRAJES INDEBIDOS,IGNACIO DIAZ, ,- IGNACIO DIAZ,188, , ,BIDIRECCIONAL,CONCRETO,BUENO,SECO,DESPEJADO,0,0,0,0,8,81,8110,BiobÃ­o,ConcepciÃ³n,Talcahuano,Numero,"IGNACIO DIAZ 188, Talcahuano",-36.726476,-73.116534,Siniestros_con_participación_de_motocicletas_2023.csv
-8131471.83447912,-4413607.30789721,1688,2023,1517911,2023/03/17 00:00:00+00,Marzo,17,Viernes,1899/12/30 00:00:00+00,15:26:00,15,REGION BIO BIO,CONCEPCION,COLISION,COLISION,URBANA,OTROS NO CONSIDERADOS,IMPRUDENCIA DEL CONDUCTOR,CONDUCCION NO ATENTO CONDICIONES TRANSITO MOMENTO,PAICAVI, ,- PAICAVI,1112, , ,BIDIRECCIONAL CON BANDEJON,CONCRETO,BUENO,SECO,DESPEJADO,0,0,0,1,8,81,8101,BiobÃ­o,ConcepciÃ³n,ConcepciÃ³n,Numero,"PAICAVI 1112, ConcepciÃ³n",-36.81684,-73.046254,Siniestros_con_participación_de_motocicletas_2023.csv
-8130393.96664462,-4423910.55564995,1708,2023,1562651,2023/09/28 00:00:00+00,Septiembre,28,Jueves,1899/12/30 00:00:00+00,10:15:00,10,REGION BIO BIO,CHIGUAYANTE,COLISION POR ALCANCE,COLISION,URBANA,TRAMO DE VIA RECTA,IMPRUDENCIA DEL CONDUCTOR,CONDUCCION SIN MANTENER DISTANCIA RAZONABLE NI PRUDENTE,COSTANERA, ,- COSTANERA,5633, , ,BIDIRECCIONAL,ASFALTO,BUENO,SECO,DESPEJADO,0,1,0,0,8,81,8103,BiobÃ­o,ConcepciÃ³n,Chiguayante,Numero,"COSTANERA 5633, Chiguayante",-36.8909,-73.036572,Siniestros_con_participación_de_motocicletas_2023.csv