ï»¿X,Y,FID,AÃ±o,IdAccident,Fecha,Mes,Dia_mes,Dia_semana,Hora,Hora_texto,Hora_aprox,RegiÃ³n,Comuna,Tipo_Accid,Tipo__CONA,Zona,UbicaciÃ³n,Causa__CON,Causa_Acci,Calle_Uno,Calle_Dos,Intersecci,NÃºmero,Ruta,Ubicaci_1,Calzada,Tipo_Calza,Estado_Cal,CondiciÃ³n,Estado_Atm,Fallecidos,Graves,Menos_Grav,Leves,CUT_REG,CUT_PROV,CUT_COM,REGION,PROVINCIA,COMUNA1,Tipo_direc,Direccion,Lat,Lon,Archivo_Origen
-8132636.36562815,-4411186.94048577,2467,2023,1546272,2023/07/06 00:00:00+00,Julio,6,Jueves,1899/12/30 00:00:00+00,08:20:00,8,REGION BIO BIO,TALCAHUANO,CHOQUE LADO/LADO,CHOQUE,RURAL,TRAMO DE VIA RECTA,IMPRUDENCIA DEL CONDUCTOR,ADELANTAMIENTO SIN EL ESPACIO O TIEMPO SUFICIENTE, , , ,0,RUTA 154,"3,1",BIDIRECCIONAL CON BANDEJON,CONCRETO,BUENO,SECO,DESPEJADO,0,0,0,1,8,81,8110,BiobÃ­o,ConcepciÃ³n,Talcahuano,Ruta,"RUTA 154 km 3,1",-36.799432,-73.056715,Siniestros_con_participación_de_motocicletas_2023.csv
-8138083.95475026,-4411457.62369542,2477,2023,1500993,2023/01/01 00:00:00+00,Enero,1,Domingo,1899/12/30 00:00:00+00,05:30:00,5,REGION BIO BIO,HUALPEN,CHOQUE,CHOQUE,URBANA,CRUCE CON SEÃAL PARE,IMPRUDENCIA DEL CONDUCTOR,CONDUCCION NO ATENTO CONDICIONES TRANSITO MOMENTO,GRAN BRETAÃA,OCEANO PACIFICO,GRAN BRETAÃA - OCEANO PACIFICO,0, , ,BIDIRECCIONAL,CONCRETO,BUENO,SECO,DESPEJADO,0,1,0,0,8,81,8112,BiobÃ­o,ConcepciÃ³n,HualpÃ©n,Interseccion,"GRAN BRETAÃA & OCEANO PACIFICO, HualpÃ©n",-36.801379,-73.105652,Siniestros_con_participación_de_motocicletas_2023.csv
-8132027.17257569,-4414288.96158512,2531,2023,1501247,2023/01/03 00:00:00+00,Enero,3,Martes,1899/12/30 00:00:00+00,10:57:00,10,REGION BIO BIO,CONCEPCION,COLISION,COLISION,URBANA,CRUCE CON SEÃAL PARE,IMPRUDENCIA DEL CONDUCTOR,CONDUCCION NO ATENTO CONDICIONES TRANSITO MOMENTO,COLO COLO,LAS HERAS,COLO COLO - LAS HERAS,0, , ,UNIDIRECCIONAL,CONCRETO,BUENO,SECO,DESPEJADO,0,1,0,0,8,81,8101,BiobÃ­o,ConcepciÃ³n,ConcepciÃ³n,Interseccion,"COLO COLO & LAS HERAS, ConcepciÃ³n",-36.821742,-73.051243,Siniestros_con_participación_de_motocicletas_2023.csv
-8135958.51380124,-4406317.87751641,2552,2023,1549369,2023/07/19 00:00:00+00,Julio,19,MiÃ©rcoles,1899/12/30 00:00:00+00,10:30:00,10,REGION BIO BIO,TALCAHUANO,VOLCADURA,VOLCADURA,RURAL,TRAMO DE VIA RECTA,VELOCIDAD IMPRUDENTE,VELOCIDAD NO RAZONABLE NI PRUDENTE, , , ,0,RUTA 154,"7,4",BIDIRECCIONAL CON BANDEJON,CONCRETO,BUENO,SECO,DESPEJADO,0,0,0,1,8,81,8110,BiobÃ­o,ConcepciÃ³n,Talcahuano,Ruta,"RUTA 154 km 7,4",-36.7644,-73.086559,Siniestros_con_participación_de_motocicletas_2023.csv
-8140819.65354493,-4400779.64617079,2567,2023,1508752,2023/02/02 00:00:00+00,Febrero,2,Jueves,1899/12/30 00:00:00+00,16:45:00,16,REGION BIO BIO,TALCAHUANO,COLISION LATERAL,COLISION,URBANA,CRUCE CON SEÃAL CEDA EL PASO,DESOBEDIENCIA A SEÃALIZACION,SEÃALIZACION DESOBEDECER SEÃAL CEDA EL PASO,PEDRO MONTT,LA MARINA,LA MARINA - PEDRO MONTT,0, , ,BIDIRECCIONAL,CONCRETO,BUENO,SECO,DESPEJADO,0,0,0,0,8,81,8110,BiobÃ­o,ConcepciÃ³n,Talcahuano,Interseccion,"LA MARINA & PEDRO MONTT, Talcahuano",-36.724534,-73.130227,Siniestros_con_participación_de_motocicletas_2023.csv
-8143031.10435193,-4416883.55991116,2602,2023,1514300,2023/03/04 00:00:00+00,Marzo,4,SÃ¡bado,1899/12/30 00:00:00+00,22:50:00,22,REGION BIO BIO,SAN PEDRO DE LA PAZ,COLISION PERPENDICULAR,COLISION,URBANA,CRUCE CON SEÃAL PARE,ALCOHOL EN CONDUCTOR,CONDUCCION BAJO LA INFLUENCIA DEL ALCOHOL,SEGUNDA LONGITUDINAL,COSTANERA,COSTANERA - SEGUNDA LONGITUDINAL,0, , ,BIDIRECCIONAL,CONCRETO,BUENO,SECO,DESPEJADO,0,2,0,0,8,81,8108,BiobÃ­o,ConcepciÃ³n,San Pedro de la Paz,Interseccion,"COSTANERA & SEGUNDA LONGITUDINAL, San Pedro de la Paz",-36.840398,-73.150093,Siniestros_con_participación_de_motocicletas_2023.csv
-8128068.87412206,-4431838.29039106,2603,2023,1503749,2023/01/04 00:00:00+00,Enero,4,MiÃ©rcoles,1899/12/30 00:00:00+00,07:50:00,7,REGION BIO BIO,CHIGUAYANTE,COLISION PERPENDICULAR,COLISION,URBANA,CRUCE CON SEMAFORO FUNCIONANDO,DESOBEDIENCIA A SEÃALIZACION,SEÃALIZACION DESOBEDECER LUZ ROJA DE SEMAFORO,MANUEL RODRIGUEZ,PORVENIR,MANUEL RODRIGUEZ - PORVENIR,0, , ,BIDIRECCIONAL CON BANDEJON,CONCRETO,BUENO,SECO,DESPEJADO,0,0,0,1,8,81,8103,BiobÃ­o,ConcepciÃ³n,Chiguayante,Interseccion,"MANUEL RODRIGUEZ & PORVENIR, Chiguayante",-36.947836,-73.015685,Siniestros_con_participación_de_motocicletas_2023.csv
-8131736.74002421,-4414140.16654831,2647,2023,1514477,2023/03/05 00:00:00+00,Marzo,5,Domingo,1899/12/30 00:00:00+00,19:00:00,19,REGION BIO BIO,CONCEPCION,COLISION PERPENDICULAR,COLISION,URBANA,CRUCE CON SEMAFORO FUNCIONANDO,IMPRUDENCIA DEL CONDUCTOR,CONDUCCION NO ATENTO CONDICIONES TRANSITO MOMENTO,TUCAPEL,LAS HERAS,LAS HERAS - TUCAPEL,0, , ,UNIDIRECCIONAL,CONCRETO,BUENO,SECO,DESPEJADO,0,0,0,1,8,81,8101,BiobÃ­o,ConcepciÃ³n,ConcepciÃ³n,Interseccion,"LAS HERAS & TUCAPEL, ConcepciÃ³n",-36.820672,-73.048634,Siniestros_con_participación_de_motocicletas_2023.csv
-8141425.42249891,-4420661.37111697,2674,2023,1552273,2023/08/10 00:00:00+00,Agosto,10,Jueves,1899/12/30 00:00:00+00,10:00:00,10,REGION BIO BIO,SAN PEDRO DE LA PAZ,COLISION,COLISION,RURAL,TRAMO DE VIA RECTA,IMPRUDENCIA DEL CONDUCTOR,CONDUCCION NO ATENTO CONDICIONES TRANSITO MOMENTO, , , ,0,RUTA 160,8,BIDIRECCIONAL,CONCRETO,REGULAR,SECO,DESPEJADO,0,1,0,1,8,81,8108,BiobÃ­o,ConcepciÃ³n,San Pedro de la Paz,Ruta,RUTA 160 km 8,-36.867553,-73.135669,Siniestros_con_participación_de_motocicletas_2023.csv
-8138562.73990243,-4409413.73861755,2700,2023,1508252,2023/02/05 00:00:00+00,Febrero,5,Domingo,1899/12/30 00:00:00+00,13:44:00,13,REGION BIO BIO,HUALPEN,VOLCADURA,VOLCADURA,URBANA,CRUCE CON SEÃAL PARE,IMPRUDENCIA DEL CONDUCTOR,"ADELANTAMIENTO EN CRUCE, CURVA, CUESTA, PUENTE",GRAN BRETAÃA,DOS,DOS - GRAN BRETAÃA,0, , ,BIDIRECCIONAL,CONCRETO,BUENO,SECO,DESPEJADO,0,0,0,1,8,81,8112,BiobÃ­o,ConcepciÃ³n,HualpÃ©n,Interseccion,"DOS & GRAN BRETAÃA, HualpÃ©n",-36.786676,-73.109953,Siniestros_con_participación_de_motocicletas_2023.csv
-8138852.45508885,-4416554.07457989,2702,2023,1503421,2023/01/05 00:00:00+00,Enero,5,Jueves,1899/12/30 00:00:00+00,20:30:00,20,REGION BIO BIO,SAN PEDRO DE LA PAZ,COLISION PERPENDICULAR,COLISION,URBANA,CRUCE SIN SEÃALIZACION,IMPRUDENCIA DEL CONDUCTOR,NO RESPETAR DERECHO PREFERENTE DE PASO A VEHICULO,PEDRO AGUIRRE CERDA,LOS BATROS,LOS BATROS - PEDRO AGUIRRE CERDA,0, , ,BIDIRECCIONAL CON BANDEJON,CONCRETO,BUENO,SECO,DESPEJADO,0,0,0,0,8,81,8108,BiobÃ­o,ConcepciÃ³n,San Pedro de la Paz,Interseccion,"LOS BATROS & PEDRO AGUIRRE CERDA, San Pedro de la Paz",-36.838029,-73.112556,Siniestros_con_participación_de_motocicletas_2023.csv
-8129831.50693928,-4426161.02974811,2706,2023,1514455,2023/03/06 00:00:00+00,Marzo,6,Lunes,1899/12/30 00:00:00+00,10:10:00,10,REGION BIO BIO,CHIGUAYANTE,COLISION LATERAL,COLISION,URBANA,TRAMO DE VIA RECTA,IMPRUDENCIA DEL CONDUCTOR,ADELANTAMIENTO SIN EL ESPACIO O TIEMPO SUFICIENTE,8 ORIENTE,COSTANERA,8 ORIENTE - COSTANERA,0, , ,BIDIRECCIONAL CON BANDEJON,CONCRETO,BUENO,SECO,DESPEJADO,0,0,0,1,8,81,8103,BiobÃ­o,ConcepciÃ³n,Chiguayante,Interseccion,"8 ORIENTE & COSTANERA, Chiguayante",-36.907067,-73.031519,Siniestros_con_participación_de_motocicletas_2023.csv
-8129015.89334242,-4409797.26609207,2707,2023,1551905,2023/08/14 00:00:00+00,Agosto,14,Lunes,1899/12/30 00:00:00+00,23:30:00,23,REGION BIO BIO,CONCEPCION,COLISION LATERAL,COLISION,RURAL,TRAMO DE VIA RECTA,IMPRUDENCIA DEL CONDUCTOR,CONDUCCION NO ATENTO CONDICIONES TRANSITO MOMENTO, , , ,0,RUTA 150,"2,5",UNIDIRECCIONAL,CONCRETO,BUENO,SECO,DESPEJADO,0,0,0,1,8,81,8101,BiobÃ­o,ConcepciÃ³n,ConcepciÃ³n,Ruta,"RUTA 150 km 2,5",-36.789435,-73.024192,Siniestros_con_participación_de_motocicletas_2023.csv
-8129831.50693928,-4426161.02974811,2779,2023,1503780,2023/01/07 00:00:00+00,Enero,7,SÃ¡bado,1899/12/30 00:00:00+00,00:30:00,0,REGION BIO BIO,CHIGUAYANTE,COLISION LATERAL,COLISION,URBANA,ENLACE A NIVEL,IMPRUDENCIA DEL CONDUCTOR,CONDUCCION CAMBIAR SORPRESIVAMENTE PISTA CIRCULACION,COSTANERA,8 ORIENTE,8 ORIENTE - COSTANERA,0, , ,UNIDIRECCIONAL,CONCRETO,BUENO,SECO,DESPEJADO,0,0,0,1,8,81,8103,BiobÃ­o,ConcepciÃ³n,Chiguayante,Interseccion,"8 ORIENTE & COSTANERA, Chiguayante",-36.907067,-73.031519,Siniestros_con_participación_de_motocicletas_2023.csv
-8131110.23393003,-4414346.6723696,2794,2023,1502563,2023/01/07 00:00:00+00,Enero,7,SÃ¡bado,1899/12/30 00:00:00+00,11:50:00,11,REGION BIO BIO,CONCEPCION,CHOQUE LATERAL,CHOQUE,URBANA,CRUCE CON SEMAFORO FUNCIONANDO,IMPRUDENCIA DEL CONDUCTOR,VIRAJES INDEBIDOS,PAICAVI,FREIRE,FREIRE - PAICAVI,0, , ,BIDIRECCIONAL CON BANDEJON,CONCRETO,BUENO,SECO,DESPEJADO,0,0,0,1,8,81,8101,BiobÃ­o,ConcepciÃ³n,ConcepciÃ³n,Interseccion,"FREIRE & PAICAVI, ConcepciÃ³n",-36.822157,-73.043006,Siniestros_con_participación_de_motocicletas_2023.csv
-8132279.64518081,-4412087.14646765,2795,2023,1510945,2023/02/07 00:00:00+00,Febrero,7,Martes,1899/12/30 00:00:00+00,17:40:00,17,REGION BIO BIO,CONCEPCION,VOLCADURA,VOLCADURA,URBANA,TRAMO DE VIA RECTA,IMPRUDENCIA DEL CONDUCTOR,CONDUCCION NO ATENTO CONDICIONES TRANSITO MOMENTO,PAICAVI,VENTUS,PAICAVI - VENTUS,0, , ,BIDIRECCIONAL CON BANDEJON,CONCRETO,BUENO,SECO,DESPEJADO,0,0,0,2,8,81,8101,BiobÃ­o,ConcepciÃ³n,ConcepciÃ³n,Interseccion,"PAICAVI & VENTUS, ConcepciÃ³n",-36.805907,-73.053511,Siniestros_con_participación_de_motocicletas_2023.csv
-8133102.29621777,-4413917.95129195,2844,2023,1517848,2023/03/09 00:00:00+00,Marzo,9,Jueves,1899/12/30 00:00:00+00,09:30:00,9,REGION BIO BIO,CONCEPCION,COLISION FRONTAL,COLISION,URBANA,CRUCE CON SEMAFORO FUNCIONANDO,IMPRUDENCIA DEL CONDUCTOR,CONDUCCION NO ATENTO CONDICIONES TRANSITO MOMENTO,MANUEL RODRIGUEZ,ANGOL,ANGOL - MANUEL RODRIGUEZ,0, , ,BIDIRECCIONAL,CONCRETO,BUENO,SECO,DESPEJADO,0,0,1,0,8,81,8101,BiobÃ­o,ConcepciÃ³n,ConcepciÃ³n,Interseccion,"ANGOL & MANUEL RODRIGUEZ, ConcepciÃ³n",-36.819074,-73.060901,Siniestros_con_participación_de_motocicletas_2023.csv
-8141230.8454355,-4416512.09594403,2852,2023,1509984,2023/02/08 00:00:00+00,Febrero,8,MiÃ©rcoles,1899/12/30 00:00:00+00,13:30:00,13,REGION BIO BIO,SAN PEDRO DE LA PAZ,COLISION POR ALCANCE,COLISION,URBANA,CRUCE CON SEÃAL PARE,IMPRUDENCIA DEL CONDUCTOR,CONDUCCION NO ATENTO CONDICIONES TRANSITO MOMENTO,DANIEL BELMAR,SEGUNDA LONGITUDINAL,DANIEL BELMAR - SEGUNDA LONGITUDINAL,0, , ,BIDIRECCIONAL CON BANDEJON,CONCRETO,BUENO,SECO,DESPEJADO,0,0,0,1,8,81,8108,BiobÃ­o,ConcepciÃ³n,San Pedro de la Paz,Interseccion,"DANIEL BELMAR & SEGUNDA LONGITUDINAL, San Pedro de la Paz",-36.837727,-73.133921,Siniestros_con_participación_de_motocicletas_2023.csv
-8131066.81932862,-4420709.71126162,2891,2023,1503765,2023/01/09 00:00:00+00,Enero,9,Lunes,1899/12/30 00:00:00+00,01:45:00,1,REGION BIO BIO,CHIGUAYANTE,VOLCADURA,VOLCADURA,URBANA,TRAMO DE VIA RECTA,VELOCIDAD IMPRUDENTE,VELOCIDAD NO RAZONABLE NI PRUDENTE,CAMINO A CHIGUAYANTE,PASCUAL BINIMELIS,CAMINO A CHIGUAYANTE - PASCUAL BINIMELIS,0, , ,BIDIRECCIONAL CON BANDEJON,CONCRETO,BUENO,SECO,DESPEJADO,0,0,0,1,8,81,8103,BiobÃ­o,ConcepciÃ³n,Chiguayante,Interseccion,"CAMINO A CHIGUAYANTE & PASCUAL BINIMELIS, Chiguayante",-36.8679,-73.042616,Siniestros_con_participación_de_motocicletas_2023.csv
-8129752.02482286,-4413293.04790004,2899,2023,1509324,2023/02/09 00:00:00+00,Febrero,9,Jueves,1899/12/30 00:00:00+00,14:20:00,14,REGION BIO BIO,CONCEPCION,COLISION PERPENDICULAR,COLISION,URBANA,CRUCE CON SEMAFORO FUNCIONANDO,IMPRUDENCIA DEL CONDUCTOR,VIRAJES INDEBIDOS,LOS CARRERA,COLLAO,COLLAO - LOS CARRERA,0, , ,BIDIRECCIONAL CON BANDEJON,CONCRETO,BUENO,SECO,DESPEJADO,0,0,0,0,8,81,8101,BiobÃ­o,ConcepciÃ³n,ConcepciÃ³n,Interseccion,"COLLAO & LOS CARRERA, ConcepciÃ³n",-36.81458,-73.030805,Siniestros_con_participación_de_motocicletas_2023.csv
-8134360.65178623,-4413631.6369589,2906,2023,1503717,2023/01/09 00:00:00+00,Enero,9,Lunes,1899/12/30 00:00:00+00,14:30:00,14,REGION BIO BIO,CHIGUAYANTE,COLISION,COLISION,URBANA,TRAMO DE VIA RECTA,IMPRUDENCIA DEL CONDUCTOR,ADELANTAMIENTO SIN EL ESPACIO O TIEMPO SUFICIENTE,RODOLFO BRICEÃO,ALMIRANTE RIVEROS,ALMIRANTE RIVEROS - RODOLFO BRICEÃO,0, , ,BIDIRECCIONAL,CONCRETO,REGULAR,SECO,DESPEJADO,0,1,0,0,8,81,8103,BiobÃ­o,ConcepciÃ³n,Chiguayante,Interseccion,"ALMIRANTE RIVEROS & RODOLFO BRICEÃO, Chiguayante",-36.817015,-73.072205,Siniestros_con_participación_de_motocicletas_2023.csv
-8130827.70506239,-4411740.82091953,2911,2023,1510949,2023/02/09 00:00:00+00,Febrero,9,Jueves,1899/12/30 00:00:00+00,18:30:00,18,REGION BIO BIO,CONCEPCION,CHOQUE FRENTE/POSTERIOR,CHOQUE,URBANA,CRUCE CON SEÃAL PARE,IMPRUDENCIA DEL CONDUCTOR,CONDUCCION NO ATENTO CONDICIONES TRANSITO MOMENTO,ALONSO DE RIBERA,JUAN BOSCO,ALONSO DE RIBERA - JUAN BOSCO,0, , ,UNIDIRECCIONAL,CONCRETO,BUENO,SECO,DESPEJADO,0,0,0,0,8,81,8101,BiobÃ­o,ConcepciÃ³n,ConcepciÃ³n,Interseccion,"ALONSO DE RIBERA & JUAN BOSCO, ConcepciÃ³n",-36.803416,-73.040468,Siniestros_con_participación_de_motocicletas_2023.csv
-8132231.55516079,-4414582.52499727,2926,2023,1503856,2023/01/10 00:00:00+00,Enero,10,Martes,1899/12/30 00:00:00+00,16:00:00,16,REGION BIO BIO,CONCEPCION,COLISION,COLISION,URBANA,TRAMO DE VIA RECTA,IMPRUDENCIA DEL CONDUCTOR,CONDUCCION SIN MANTENER DISTANCIA RAZONABLE NI PRUDENTE,LOS CARRERA,CAUPOLICAN,CAUPOLICAN - LOS CARRERA,0, , ,BIDIRECCIONAL CON BANDEJON,CONCRETO,BUENO,SECO,DESPEJADO,0,0,0,2,8,81,8101,BiobÃ­o,ConcepciÃ³n,ConcepciÃ³n,Interseccion,"CAUPOLICAN & LOS CARRERA, ConcepciÃ³n",-36.823853,-73.053079,Siniestros_con_participación_de_motocicletas_2023.csv
-8134952.25920892,-4412439.30913657,3008,2023,1510598,2023/02/11 00:00:00+00,Febrero,11,SÃ¡bado,1899/12/30 00:00:00+00,02:15:00,2,REGION BIO BIO,CONCEPCION,VOLCADURA,VOLCADURA,URBANA,TRAMO DE VIA RECTA,VELOCIDAD IMPRUDENTE,VELOCIDAD NO RAZONABLE NI PRUDENTE,21 DE MAYO,MANUEL RODRIGUEZ,21 DE MAYO - MANUEL RODRIGUEZ,0, , ,BIDIRECCIONAL CON BANDEJON,CONCRETO,BUENO,SECO,DESPEJADO,1,0,0,0,8,81,8101,BiobÃ­o,ConcepciÃ³n,ConcepciÃ³n,Interseccion,"21 DE MAYO & MANUEL RODRIGUEZ, ConcepciÃ³n",-36.80844,-73.07752,Siniestros_con_participación_de_motocicletas_2023.csv
-8138562.73988017,-4409413.73865924,3016,2023,1515524,2023/03/11 00:00:00+00,Marzo,11,SÃ¡bado,1899/12/30 00:00:00+00,13:10:00,13,REGION BIO BIO,HUALPEN,COLISION,COLISION,URBANA,CRUCE CON SEÃAL PARE,DESOBEDIENCIA A SEÃALIZACION,SEÃALIZACION DESOBEDECER SEÃAL PARE,CRISTOBAL COLON,CALLEJON CIENTO VEINTE,CALLEJON CIENTO VEINTE - CRISTOBAL COLON,0, , ,BIDIRECCIONAL,CONCRETO,BUENO,SECO,DESPEJADO,0,0,0,1,8,81,8112,BiobÃ­o,ConcepciÃ³n,HualpÃ©n,Interseccion,"CALLEJON CIENTO VEINTE & CRISTOBAL COLON, HualpÃ©n",-36.786676,-73.109953,Siniestros_con_participación_de_motocicletas_2023.csv
-8136618.85873858,-4404582.65728194,3035,2023,1562938,2023/09/29 00:00:00+00,Septiembre,29,Viernes,1899/12/30 00:00:00+00,18:00:00,18,REGION BIO BIO,TALCAHUANO,CHOQUE FRENTE/POSTERIOR,CHOQUE,RURAL,ROTONDA,IMPRUDENCIA DEL CONDUCTOR,CONDUCCION SIN MANTENER DISTANCIA RAZONABLE NI PRUDENTE, , , ,0,RUTA 154,"8,9",UNIDIRECCIONAL,CONCRETO,BUENO,SECO,DESPEJADO,0,1,0,0,8,81,8110,BiobÃ­o,ConcepciÃ³n,Talcahuano,Ruta,"RUTA 154 km 8,9",-36.751912,-73.092491,Siniestros_con_participación_de_motocicletas_2023.csv
-8126568.17606668,-4416428.22451471,3039,2023,1504207,2023/01/13 00:00:00+00,Enero,13,Viernes,1899/12/30 00:00:00+00,13:00:00,13,REGION BIO BIO,CONCEPCION,CHOQUE,CHOQUE,URBANA,CRUCE CON SEÃAL PARE,IMPRUDENCIA DEL CONDUCTOR,CONDUCCION SIN MANTENER DISTANCIA RAZONABLE NI PRUDENTE,LAS VERTIENTES,LOS COPIHUES,LAS VERTIENTES - LOS COPIHUES,0, , ,UNIDIRECCIONAL,CONCRETO,BUENO,SECO,DESPEJADO,0,1,0,0,8,81,8101,BiobÃ­o,ConcepciÃ³n,ConcepciÃ³n,Interseccion,"LAS VERTIENTES & LOS COPIHUES, ConcepciÃ³n",-36.837124,-73.002204,Siniestros_con_participación_de_motocicletas_2023.csv
-8130820.91457346,-4414555.4072417,3086,2023,1516564,2023/03/13 00:00:00+00,Marzo,13,Lunes,1899/12/30 00:00:00+00,00:30:00,0,REGION BIO BIO,CONCEPCION,COLISION PERPENDICULAR,COLISION,URBANA,CRUCE CON SEMAFORO FUNCIONANDO,DESOBEDIENCIA A SEÃALIZACION,SEÃALIZACION DESOBEDECER LUZ ROJA DE SEMAFORO,O'HIGGINS,JANEQUEO,JANEQUEO - O'HIGGINS,0, , ,UNIDIRECCIONAL,CONCRETO,BUENO,SECO,DESPEJADO,0,0,0,1,8,81,8101,BiobÃ­o,ConcepciÃ³n,ConcepciÃ³n,Interseccion,"JANEQUEO & O'HIGGINS, ConcepciÃ³n",-36.823658,-73.040407,Siniestros_con_participación_de_motocicletas_2023.csv
-8128466.1733847,-4433008.12572778,3095,2023,1517605,2023/03/13 00:00:00+00,Marzo,13,Lunes,1899/12/30 00:00:00+00,06:55:00,6,REGION BIO BIO,CHIGUAYANTE,COLISION PERPENDICULAR,COLISION,URBANA,CRUCE CON SEÃAL CEDA EL PASO,DESOBEDIENCIA A SEÃALIZACION,SEÃALIZACION DESOBEDECER SEÃAL CEDA EL PASO,MANUEL RODRIGUEZ,12 DE OCTUBRE,12 DE OCTUBRE - MANUEL RODRIGUEZ,0, , ,BIDIRECCIONAL,CONCRETO,BUENO,SECO,DESPEJADO,0,0,0,0,8,81,8103,BiobÃ­o,ConcepciÃ³n,Chiguayante,Interseccion,"12 DE OCTUBRE & MANUEL RODRIGUEZ, Chiguayante",-36.956234,-73.019254,Siniestros_con_participación_de_motocicletas_2023.csv
-8130055.0364768,-4412451.14106135,3098,2023,1511202,2023/02/13 00:00:00+00,Febrero,13,Lunes,1899/12/30 00:00:00+00,16:40:00,16,REGION BIO BIO,CONCEPCION,COLISION PERPENDICULAR,COLISION,URBANA,CRUCE CON SEMAFORO FUNCIONANDO,DESOBEDIENCIA A SEÃALIZACION,SEÃALIZACION DESOBEDECER LUZ ROJA DE SEMAFORO,CAMILO HENRIQUEZ,JUAN JOSE MANZANO,CAMILO HENRIQUEZ - JUAN JOSE MANZANO,0, , ,BIDIRECCIONAL,CONCRETO,BUENO,SECO,DESPEJADO,0,0,0,3,8,81,8101,BiobÃ­o,ConcepciÃ³n,ConcepciÃ³n,Interseccion,"CAMILO HENRIQUEZ & JUAN JOSE MANZANO, ConcepciÃ³n",-36.808525,-73.033527,Siniestros_con_participación_de_motocicletas_2023.csv
-8135745.22896307,-4406770.84893366,3155,2023,1566569,2023/10/09 00:00:00+00,Octubre,9,Lunes,1899/12/30 00:00:00+00,23:20:00,23,REGION BIO BIO,TALCAHUANO,COLISION LATERAL,COLISION,RURAL,TRAMO DE VIA RECTA,ALCOHOL EN CONDUCTOR,CONDUCCION BAJO LA INFLUENCIA DEL ALCOHOL, , , ,0,RUTA 154,7,BIDIRECCIONAL CON BANDEJON,CONCRETO,BUENO,SECO,DESPEJADO,0,0,0,0,8,81,8110,BiobÃ­o,ConcepciÃ³n,Talcahuano,Ruta,RUTA 154 km 7,-36.76766,-73.084643,Siniestros_con_participación_de_motocicletas_2023.csv
-8128676.34461672,-4430094.36359473,3161,2023,1503792,2023/01/15 00:00:00+00,Enero,15,Domingo,1899/12/30 00:00:00+00,09:50:00,9,REGION BIO BIO,CHIGUAYANTE,COLISION,COLISION,URBANA,CRUCE CON SEMAFORO FUNCIONANDO,IMPRUDENCIA DEL CONDUCTOR,CONDUCCION NO ATENTO CONDICIONES TRANSITO MOMENTO,DESIDERIO SANHUEZA,LAS HERAS,DESIDERIO SANHUEZA - LAS HERAS,0, , ,UNIDIRECCIONAL,CONCRETO,BUENO,SECO,DESPEJADO,0,0,0,1,8,81,8103,BiobÃ­o,ConcepciÃ³n,Chiguayante,Interseccion,"DESIDERIO SANHUEZA & LAS HERAS, Chiguayante",-36.935315,-73.021142,Siniestros_con_participación_de_motocicletas_2023.csv
-8132457.64504659,-4411700.64176792,3178,2023,1503803,2023/01/15 00:00:00+00,Enero,15,Domingo,1899/12/30 00:00:00+00,19:40:00,19,REGION BIO BIO,CONCEPCION,COLISION,COLISION,URBANA,CRUCE CON SEMAFORO FUNCIONANDO,ALCOHOL EN CONDUCTOR,CONDUCCION EN ESTADO DE EBRIEDAD,PAICAVI,INDEPENDENCIA,INDEPENDENCIA - PAICAVI,0, , ,BIDIRECCIONAL CON BANDEJON,CONCRETO,BUENO,SECO,DESPEJADO,0,0,0,0,8,81,8101,BiobÃ­o,ConcepciÃ³n,ConcepciÃ³n,Interseccion,"INDEPENDENCIA & PAICAVI, ConcepciÃ³n",-36.803127,-73.05511,Siniestros_con_participación_de_motocicletas_2023.csv