ï»¿X,Y,FID,AÃ±o,IdAccident,Fecha,Mes,Dia_mes,Dia_semana,Hora,Hora_texto,Hora_aprox,RegiÃ³n,Comuna,Tipo_Accid,Tipo__CONA,Zona,UbicaciÃ³n,Causa__CON,Causa_Acci,Calle_Uno,Calle_Dos,Intersecci,NÃºmero,Ruta,Ubicaci_1,Calzada,Tipo_Calza,Estado_Cal,CondiciÃ³n,Estado_Atm,Fallecidos,Graves,Menos_Grav,Leves,CUT_REG,CUT_PROV,CUT_COM,REGION,PROVINCIA,COMUNA1,Tipo_direc,Direccion,Lat,Lon,Archivo_Origen
-8135502.12180029,-4411603.46167863,3188,2023,1516568,2023/03/14 00:00:00+00,Marzo,14,Martes,1899/12/30 00:00:00+00,22:20:00,22,REGION BIO BIO,HUALPEN,COLISION,COLISION,URBANA,CRUCE CON SEMAFORO FUNCIONANDO,IMPRUDENCIA DEL CONDUCTOR,CONDUCCION CAMBIAR SORPRESIVAMENTE PISTA CIRCULACION,CRISTOBAL COLON,PUERTO SAAVEDRA,CRISTOBAL COLON - PUERTO SAAVEDRA,0, , ,BIDIRECCIONAL CON BANDEJON,CONCRETO,BUENO,SECO,DESPEJADO,1,0,0,0,8,81,8112,BiobÃ­o,ConcepciÃ³n,HualpÃ©n,Interseccion,"CRISTOBAL COLON & PUERTO SAAVEDRA, HualpÃ©n",-36.802428,-73.082459,Siniestros_con_participación_de_motocicletas_2023.csv
-8132383.39494623,-4413583.10752863,3189,2023,1510643,2023/02/15 00:00:00+00,Febrero,15,MiÃ©rcoles,1899/12/30 00:00:00+00,08:15:00,8,REGION BIO BIO,CONCEPCION,COLISION PERPENDICULAR,COLISION,URBANA,CRUCE CON SEÃAL CEDA EL PASO,DESOBEDIENCIA A SEÃALIZACION,SEÃALIZACION DESOBEDECER SEÃAL CEDA EL PASO,MANUEL RODRIGUEZ,COLO COLO,COLO COLO - MANUEL RODRIGUEZ,0, , ,BIDIRECCIONAL CON BANDEJON,CONCRETO,BUENO,SECO,DESPEJADO,0,1,0,0,8,81,8101,BiobÃ­o,ConcepciÃ³n,ConcepciÃ³n,Interseccion,"COLO COLO & MANUEL RODRIGUEZ, ConcepciÃ³n",-36.816666,-73.054443,Siniestros_con_participación_de_motocicletas_2023.csv
-8142019.15685858,-4423736.85427925,3253,2023,1567303,2023/10/20 00:00:00+00,Octubre,20,Viernes,1899/12/30 00:00:00+00,10:30:00,10,REGION BIO BIO,SAN PEDRO DE LA PAZ,COLISION POR ALCANCE,COLISION,RURAL,TRAMO DE VIA RECTA,IMPRUDENCIA DEL CONDUCTOR,CONDUCCION CAMBIAR SORPRESIVAMENTE PISTA CIRCULACION, , , ,0,RUTA 160,"10,5",BIDIRECCIONAL CON BANDEJON,ASFALTO,BUENO,SECO,DESPEJADO,0,1,0,0,8,81,8108,BiobÃ­o,ConcepciÃ³n,San Pedro de la Paz,Ruta,"RUTA 160 km 10,5",-36.889652,-73.141003,Siniestros_con_participación_de_motocicletas_2023.csv
-8132723.25335162,-4415719.8641744,3391,2023,1504684,2023/01/19 00:00:00+00,Enero,19,Jueves,1899/12/30 00:00:00+00,00:20:00,0,REGION BIO BIO,CONCEPCION,VOLCADURA,VOLCADURA,URBANA,CRUCE CON SEMAFORO FUNCIONANDO,IMPRUDENCIA DEL CONDUCTOR,CONDUCCION NO ATENTO CONDICIONES TRANSITO MOMENTO,ARTURO PRAT,SAN MARTIN,ARTURO PRAT - SAN MARTIN,0, , ,UNIDIRECCIONAL,CONCRETO,BUENO,SECO,NUBLADO,0,0,0,1,8,81,8101,BiobÃ­o,ConcepciÃ³n,ConcepciÃ³n,Interseccion,"ARTURO PRAT & SAN MARTIN, ConcepciÃ³n",-36.832031,-73.057496,Siniestros_con_participación_de_motocicletas_2023.csv
-8129831.50693928,-4426161.02974811,3422,2023,1512426,2023/02/18 00:00:00+00,Febrero,18,SÃ¡bado,1899/12/30 00:00:00+00,15:50:00,15,REGION BIO BIO,CHIGUAYANTE,CHOQUE LATERAL,CHOQUE,URBANA,TRAMO DE VIA RECTA,VELOCIDAD IMPRUDENTE,VELOCIDAD NO RAZONABLE NI PRUDENTE,COSTANERA,8 ORIENTE,8 ORIENTE - COSTANERA,0, , ,BIDIRECCIONAL,CONCRETO,BUENO,SECO,DESPEJADO,0,1,0,0,8,81,8103,BiobÃ­o,ConcepciÃ³n,Chiguayante,Interseccion,"8 ORIENTE & COSTANERA, Chiguayante",-36.907067,-73.031519,Siniestros_con_participación_de_motocicletas_2023.csv
-8135239.85309112,-4410176.17047231,3423,2023,1517144,2023/03/18 00:00:00+00,Marzo,18,SÃ¡bado,1899/12/30 00:00:00+00,15:30:00,15,REGION BIO BIO,HUALPEN,COLISION,COLISION,URBANA,CRUCE SIN SEÃALIZACION,IMPRUDENCIA DEL CONDUCTOR,NO RESPETAR DERECHO PREFERENTE DE PASO A VEHICULO,LOS ZORZALES,LAS TORCAZAS,LAS TORCAZAS - LOS ZORZALES,0, , ,BIDIRECCIONAL,CONCRETO,BUENO,SECO,DESPEJADO,0,0,0,1,8,81,8112,BiobÃ­o,ConcepciÃ³n,HualpÃ©n,Interseccion,"LAS TORCAZAS & LOS ZORZALES, HualpÃ©n",-36.792161,-73.080103,Siniestros_con_participación_de_motocicletas_2023.csv
-8131169.23326015,-4409744.69826748,3434,2023,1525001,2023/03/18 00:00:00+00,Marzo,18,SÃ¡bado,1899/12/30 00:00:00+00,18:00:00,18,REGION BIO BIO,CONCEPCION,COLISION,COLISION,URBANA,TRAMO DE VIA RECTA,VELOCIDAD IMPRUDENTE,VELOCIDAD NO RAZONABLE NI PRUDENTE,ABDON CIFUENTES,GONGORA Y MARMOLEJO,ABDON CIFUENTES - GONGORA Y MARMOLEJO,0, , ,BIDIRECCIONAL,CONCRETO,BUENO,SECO,DESPEJADO,0,0,1,0,8,81,8101,BiobÃ­o,ConcepciÃ³n,ConcepciÃ³n,Interseccion,"ABDON CIFUENTES & GONGORA Y MARMOLEJO, ConcepciÃ³n",-36.789057,-73.043536,Siniestros_con_participación_de_motocicletas_2023.csv
-8135994.82186654,-4408849.28237264,3451,2023,1517128,2023/03/18 00:00:00+00,Marzo,18,SÃ¡bado,1899/12/30 00:00:00+00,22:40:00,22,REGION BIO BIO,HUALPEN,COLISION,COLISION,URBANA,CRUCE CON SEÃAL CEDA EL PASO,IMPRUDENCIA DEL CONDUCTOR,CONDUCCION CAMBIAR SORPRESIVAMENTE PISTA CIRCULACION,LAS GOLONDRINAS,CRISTOBAL COLON,CRISTOBAL COLON - LAS GOLONDRINAS,0, , ,BIDIRECCIONAL CON BANDEJON,CONCRETO,BUENO,SECO,DESPEJADO,0,0,0,1,8,81,8112,BiobÃ­o,ConcepciÃ³n,HualpÃ©n,Interseccion,"CRISTOBAL COLON & LAS GOLONDRINAS, HualpÃ©n",-36.782615,-73.086885,Siniestros_con_participación_de_motocicletas_2023.csv
-8142152.45949977,-4418749.88522189,3461,2023,1505260,2023/01/20 00:00:00+00,Enero,20,Viernes,1899/12/30 00:00:00+00,17:00:00,17,REGION BIO BIO,SAN PEDRO DE LA PAZ,COLISION PERPENDICULAR,COLISION,URBANA,CRUCE CON SEÃAL PARE,IMPRUDENCIA DEL CONDUCTOR,NO RESPETAR DERECHO PREFERENTE DE PASO A VEHICULO,TUCAPEL,MICHIMALONCO,MICHIMALONCO - TUCAPEL,0, , ,BIDIRECCIONAL,CONCRETO,BUENO,SECO,DESPEJADO,0,0,0,1,8,81,8108,BiobÃ­o,ConcepciÃ³n,San Pedro de la Paz,Interseccion,"MICHIMALONCO & TUCAPEL, San Pedro de la Paz",-36.853814,-73.1422,Siniestros_con_participación_de_motocicletas_2023.csv
-8128241.08537432,-4431337.82747744,3473,2023,1526128,2023/01/21 00:00:00+00,Enero,21,SÃ¡bado,1899/12/30 00:00:00+00,00:10:00,0,REGION BIO BIO,CHIGUAYANTE,ATROPELLO,ATROPELLO,URBANA,CRUCE CON SEMAFORO FUNCIONANDO,IMPRUDENCIA DEL CONDUCTOR,CONDUCCION NO ATENTO CONDICIONES TRANSITO MOMENTO,MANUEL RODRIGUEZ,COQUIMBO,COQUIMBO - MANUEL RODRIGUEZ,0, , ,BIDIRECCIONAL CON BANDEJON,CONCRETO,BUENO,MOJADO,LLUVIA,0,0,0,2,8,81,8103,BiobÃ­o,ConcepciÃ³n,Chiguayante,Interseccion,"COQUIMBO & MANUEL RODRIGUEZ, Chiguayante",-36.944243,-73.017232,Siniestros_con_participación_de_motocicletas_2023.csv
-8131248.27009861,-4414421.90545254,3481,2023,1505319,2023/01/21 00:00:00+00,Enero,21,SÃ¡bado,1899/12/30 00:00:00+00,12:10:00,12,REGION BIO BIO,CONCEPCION,COLISION PERPENDICULAR,COLISION,URBANA,CRUCE CON SEÃAL PARE,IMPRUDENCIA DEL CONDUCTOR,CONDUCCION NO ATENTO CONDICIONES TRANSITO MOMENTO,ONGOLMO,FREIRE,FREIRE - ONGOLMO,0, , ,UNIDIRECCIONAL,CONCRETO,BUENO,SECO,DESPEJADO,0,0,0,0,8,81,8101,BiobÃ­o,ConcepciÃ³n,ConcepciÃ³n,Interseccion,"FREIRE & ONGOLMO, ConcepciÃ³n",-36.822698,-73.044246,Siniestros_con_participación_de_motocicletas_2023.csv
-8131671.5068026,-4414272.9694954,3502,2023,1505343,2023/01/21 00:00:00+00,Enero,21,SÃ¡bado,1899/12/30 00:00:00+00,18:00:00,18,REGION BIO BIO,CONCEPCION,COLISION POR ALCANCE,COLISION,URBANA,OTROS NO CONSIDERADOS,IMPRUDENCIA DEL CONDUCTOR,CONDUCCION SIN MANTENER DISTANCIA RAZONABLE NI PRUDENTE,LOS CARRERA,TUCAPEL,LOS CARRERA - TUCAPEL,0, , ,BIDIRECCIONAL CON BANDEJON,CONCRETO,BUENO,SECO,DESPEJADO,0,2,0,0,8,81,8101,BiobÃ­o,ConcepciÃ³n,ConcepciÃ³n,Interseccion,"LOS CARRERA & TUCAPEL, ConcepciÃ³n",-36.821627,-73.048048,Siniestros_con_participación_de_motocicletas_2023.csv
-8132231.55516079,-4414582.52499727,3528,2023,1518014,2023/03/20 00:00:00+00,Marzo,20,Lunes,1899/12/30 00:00:00+00,13:00:00,13,REGION BIO BIO,CONCEPCION,COLISION,COLISION,URBANA,CRUCE CON SEMAFORO FUNCIONANDO,IMPRUDENCIA DEL CONDUCTOR,CONDUCCION CONTRA SENTIDO DEL TRANSITO,CAUPOLICAN,LOS CARRERA,CAUPOLICAN - LOS CARRERA,0, , ,BIDIRECCIONAL CON BANDEJON,CONCRETO,BUENO,SECO,DESPEJADO,0,0,0,0,8,81,8101,BiobÃ­o,ConcepciÃ³n,ConcepciÃ³n,Interseccion,"CAUPOLICAN & LOS CARRERA, ConcepciÃ³n",-36.823853,-73.053079,Siniestros_con_participación_de_motocicletas_2023.csv
-8131264.30010528,-4414065.49173407,3535,2023,1511405,2023/02/21 00:00:00+00,Febrero,21,Martes,1899/12/30 00:00:00+00,07:55:00,7,REGION BIO BIO,CONCEPCION,VOLCADURA,VOLCADURA,URBANA,TRAMO DE VIA RECTA,VELOCIDAD IMPRUDENTE,VELOCIDAD NO RAZONABLE NI PRUDENTE,ALONSO DE RIBERA,EL FUERTE,ALONSO DE RIBERA - EL FUERTE,0, , ,BIDIRECCIONAL CON BANDEJON,CONCRETO,BUENO,SECO,DESPEJADO,0,0,1,0,8,81,8101,BiobÃ­o,ConcepciÃ³n,ConcepciÃ³n,Interseccion,"ALONSO DE RIBERA & EL FUERTE, ConcepciÃ³n",-36.820135,-73.04439,Siniestros_con_participación_de_motocicletas_2023.csv
-8139527.45903314,-4416438.94652905,3582,2023,1518630,2023/03/20 00:00:00+00,Marzo,20,Lunes,1899/12/30 00:00:00+00,20:10:00,20,REGION BIO BIO,SAN PEDRO DE LA PAZ,COLISION POR ALCANCE,COLISION,URBANA,CRUCE CON SEMAFORO FUNCIONANDO,IMPRUDENCIA DEL CONDUCTOR,CONDUCCION NO ATENTO CONDICIONES TRANSITO MOMENTO,PEDRO AGUIRRE CERDA,DIAGONAL BIO BIO,DIAGONAL BIO BIO - PEDRO AGUIRRE CERDA,0, , ,BIDIRECCIONAL CON BANDEJON,CONCRETO,BUENO,SECO,DESPEJADO,0,0,0,0,8,81,8108,BiobÃ­o,ConcepciÃ³n,San Pedro de la Paz,Interseccion,"DIAGONAL BIO BIO & PEDRO AGUIRRE CERDA, San Pedro de la Paz",-36.837201,-73.118619,Siniestros_con_participación_de_motocicletas_2023.csv
-8135958.51380124,-4406317.87751641,3666,2023,1579298,2023/12/06 00:00:00+00,Diciembre,6,MiÃ©rcoles,1899/12/30 00:00:00+00,13:00:00,13,REGION BIO BIO,TALCAHUANO,VOLCADURA,VOLCADURA,RURAL,TRAMO DE VIA RECTA,VELOCIDAD IMPRUDENTE,VELOCIDAD NO RAZONABLE NI PRUDENTE, , , ,0,RUTA 154,"7,4",BIDIRECCIONAL CON BANDEJON,CONCRETO,BUENO,SECO,DESPEJADO,0,1,0,0,8,81,8110,BiobÃ­o,ConcepciÃ³n,Talcahuano,Ruta,"RUTA 154 km 7,4",-36.7644,-73.086559,Siniestros_con_participación_de_motocicletas_2023.csv
-8127869.16695558,-4432523.48789045,3674,2023,1512431,2023/02/22 00:00:00+00,Febrero,22,MiÃ©rcoles,1899/12/30 00:00:00+00,22:50:00,22,REGION BIO BIO,CHIGUAYANTE,CHOQUE FRENTE/POSTERIOR,CHOQUE,URBANA,CRUCE CON SEMAFORO FUNCIONANDO,VELOCIDAD IMPRUDENTE,VELOCIDAD NO RAZONABLE NI PRUDENTE,MANUEL RODRIGUEZ,ITALIA,ITALIA - MANUEL RODRIGUEZ,0, , ,BIDIRECCIONAL CON BANDEJON,CONCRETO,BUENO,SECO,DESPEJADO,0,0,1,1,8,81,8103,BiobÃ­o,ConcepciÃ³n,Chiguayante,Interseccion,"ITALIA & MANUEL RODRIGUEZ, Chiguayante",-36.952755,-73.013891,Siniestros_con_participación_de_motocicletas_2023.csv
-8139527.45903314,-4416438.94652905,3682,2023,1518910,2023/03/22 00:00:00+00,Marzo,22,MiÃ©rcoles,1899/12/30 00:00:00+00,08:45:00,8,REGION BIO BIO,SAN PEDRO DE LA PAZ,COLISION LATERAL,COLISION,URBANA,CRUCE CON SEMAFORO FUNCIONANDO,IMPRUDENCIA DEL CONDUCTOR,CONDUCCION CAMBIAR SORPRESIVAMENTE PISTA CIRCULACION,PEDRO AGUIRRE CERDA,DIAGONAL BIO BIO,DIAGONAL BIO BIO - PEDRO AGUIRRE CERDA,0, , ,BIDIRECCIONAL CON BANDEJON,CONCRETO,BUENO,SECO,DESPEJADO,0,1,0,0,8,81,8108,BiobÃ­o,ConcepciÃ³n,San Pedro de la Paz,Interseccion,"DIAGONAL BIO BIO & PEDRO AGUIRRE CERDA, San Pedro de la Paz",-36.837201,-73.118619,Siniestros_con_participación_de_motocicletas_2023.csv
-8135979.45977682,-4410541.21184449,3689,2023,1518432,2023/03/22 00:00:00+00,Marzo,22,MiÃ©rcoles,1899/12/30 00:00:00+00,13:00:00,13,REGION BIO BIO,HUALPEN,VOLCADURA,VOLCADURA,URBANA,CRUCE CON SEMAFORO FUNCIONANDO,VELOCIDAD IMPRUDENTE,VELOCIDAD NO RAZONABLE NI PRUDENTE,CAÃETE,CRISTOBAL COLON,CAÃETE - CRISTOBAL COLON,0, , ,BIDIRECCIONAL,CONCRETO,BUENO,SECO,DESPEJADO,0,1,0,0,8,81,8112,BiobÃ­o,ConcepciÃ³n,HualpÃ©n,Interseccion,"CAÃETE & CRISTOBAL COLON, HualpÃ©n",-36.794787,-73.086747,Siniestros_con_participación_de_motocicletas_2023.csv
-8132368.47813446,-4414657.48161447,3707,2023,1518523,2023/03/22 00:00:00+00,Marzo,22,MiÃ©rcoles,1899/12/30 00:00:00+00,15:00:00,15,REGION BIO BIO,CONCEPCION,CHOQUE LATERAL,CHOQUE,URBANA,CRUCE CON SEMAFORO FUNCIONANDO,DESOBEDIENCIA A SEÃALIZACION,SEÃALIZACION DESOBEDECER LUZ ROJA DE SEMAFORO,LOS CARRERA,RENGO,LOS CARRERA - RENGO,0, , ,BIDIRECCIONAL CON BANDEJON,CONCRETO,BUENO,SECO,DESPEJADO,0,0,0,0,8,81,8101,BiobÃ­o,ConcepciÃ³n,ConcepciÃ³n,Interseccion,"LOS CARRERA & RENGO, ConcepciÃ³n",-36.824392,-73.054309,Siniestros_con_participación_de_motocicletas_2023.csv
-8133353.32166951,-4416119.03256935,3722,2023,1506115,2023/01/25 00:00:00+00,Enero,25,MiÃ©rcoles,1899/12/30 00:00:00+00,15:30:00,15,REGION BIO BIO,CONCEPCION,VOLCADURA,VOLCADURA,URBANA,ENLACE A NIVEL,DROGAS Y/O FATIGA EN CONDUCTOR,"CONDICIONES FISICAS DEFICIENTES (CANSANCIO, SUEÃO)",PUENTE CHACABUCO,COSTANERA,COSTANERA - PUENTE CHACABUCO,0, , ,UNIDIRECCIONAL,CONCRETO,MALO,OTROS,DESPEJADO,0,0,0,1,8,81,8101,BiobÃ­o,ConcepciÃ³n,ConcepciÃ³n,Interseccion,"COSTANERA & PUENTE CHACABUCO, ConcepciÃ³n",-36.834901,-73.063156,Siniestros_con_participación_de_motocicletas_2023.csv
-8135994.82186654,-4408849.28237264,3788,2023,1505955,2023/01/27 00:00:00+00,Enero,27,Viernes,1899/12/30 00:00:00+00,07:50:00,7,REGION BIO BIO,HUALPEN,VOLCADURA,VOLCADURA,URBANA,ENLACE A DESNIVEL,VELOCIDAD IMPRUDENTE,VELOCIDAD MAYOR QUE MAXIMA PERMITIDA,LAS GOLONDRINAS,CRISTOBAL COLON,CRISTOBAL COLON - LAS GOLONDRINAS,0, , ,BIDIRECCIONAL CON BANDEJON,CONCRETO,BUENO,SECO,DESPEJADO,0,0,0,0,8,81,8112,BiobÃ­o,ConcepciÃ³n,HualpÃ©n,Interseccion,"CRISTOBAL COLON & LAS GOLONDRINAS, HualpÃ©n",-36.782615,-73.086885,Siniestros_con_participación_de_motocicletas_2023.csv
-8135527.39338411,-4407221.00179484,3793,2023,1580902,2023/12/20 00:00:00+00,Diciembre,20,MiÃ©rcoles,1899/12/30 00:00:00+00,08:45:00,8,REGION BIO BIO,TALCAHUANO,VOLCADURA,VOLCADURA,RURAL,TRAMO DE VIA RECTA,VELOCIDAD IMPRUDENTE,VELOCIDAD NO RAZONABLE NI PRUDENTE, , , ,0,RUTA 154,"6,6",BIDIRECCIONAL,CONCRETO,BUENO,SECO,DESPEJADO,0,0,0,1,8,81,8110,BiobÃ­o,ConcepciÃ³n,Talcahuano,Ruta,"RUTA 154 km 6,6",-36.770899,-73.082686,Siniestros_con_participación_de_motocicletas_2023.csv
-8131384.41383585,-4414851.8984552,3810,2023,1506473,2023/01/27 00:00:00+00,Enero,27,Viernes,1899/12/30 00:00:00+00,20:40:00,20,REGION BIO BIO,CONCEPCION,COLISION,COLISION,URBANA,CRUCE CON SEMAFORO FUNCIONANDO,VELOCIDAD IMPRUDENTE,VELOCIDAD NO RAZONABLE NI PRUDENTE,O'HIGGINS,TUCAPEL,O'HIGGINS - TUCAPEL,0, , ,UNIDIRECCIONAL,CONCRETO,BUENO,SECO,DESPEJADO,0,0,0,1,8,81,8101,BiobÃ­o,ConcepciÃ³n,ConcepciÃ³n,Interseccion,"O'HIGGINS & TUCAPEL, ConcepciÃ³n",-36.82579,-73.045469,Siniestros_con_participación_de_motocicletas_2023.csv
-8137269.43674869,-4417384.56437758,3880,2023,1509584,2023/01/28 00:00:00+00,Enero,28,SÃ¡bado,1899/12/30 00:00:00+00,21:30:00,21,REGION BIO BIO,SAN PEDRO DE LA PAZ,COLISION POR ALCANCE,COLISION,URBANA,CRUCE CON SEMAFORO FUNCIONANDO,IMPRUDENCIA DEL CONDUCTOR,NO RESPETAR DERECHO PREFERENTE DE PASO A VEHICULO,MICHIMALONCO,LOS CANELOS,LOS CANELOS - MICHIMALONCO,0, , ,BIDIRECCIONAL CON BANDEJON,CONCRETO,BUENO,SECO,DESPEJADO,0,0,0,1,8,81,8108,BiobÃ­o,ConcepciÃ³n,San Pedro de la Paz,Interseccion,"LOS CANELOS & MICHIMALONCO, San Pedro de la Paz",-36.843999,-73.098335,Siniestros_con_participación_de_motocicletas_2023.csv
-8135994.82186654,-4408849.28237264,3892,2023,1512609,2023/02/27 00:00:00+00,Febrero,27,Lunes,1899/12/30 00:00:00+00,13:25:00,13,REGION BIO BIO,HUALPEN,CHOQUE,CHOQUE,URBANA,ENLACE A DESNIVEL,VELOCIDAD IMPRUDENTE,VELOCIDAD NO RAZONABLE NI PRUDENTE,LAS GOLONDRINAS,CRISTOBAL COLON,CRISTOBAL COLON - LAS GOLONDRINAS,0, , ,BIDIRECCIONAL CON BANDEJON,CONCRETO,BUENO,SECO,DESPEJADO,1,0,0,0,8,81,8112,BiobÃ­o,ConcepciÃ³n,HualpÃ©n,Interseccion,"CRISTOBAL COLON & LAS GOLONDRINAS, HualpÃ©n",-36.782615,-73.086885,Siniestros_con_participación_de_motocicletas_2023.csv
-8133230.19114735,-4413670.61381336,3899,2023,1519587,2023/03/25 00:00:00+00,Marzo,25,SÃ¡bado,1899/12/30 00:00:00+00,16:50:00,16,REGION BIO BIO,CONCEPCION,COLISION PERPENDICULAR,COLISION,URBANA,CRUCE CON SEÃAL PARE,DESOBEDIENCIA A SEÃALIZACION,SEÃALIZACION DESOBEDECER SEÃAL PARE,ANGOL,ARGENTINA,ANGOL - ARGENTINA,0, , ,UNIDIRECCIONAL,CONCRETO,BUENO,SECO,DESPEJADO,0,1,0,0,8,81,8101,BiobÃ­o,ConcepciÃ³n,ConcepciÃ³n,Interseccion,"ANGOL & ARGENTINA, ConcepciÃ³n",-36.817295,-73.06205,Siniestros_con_participación_de_motocicletas_2023.csv
-8133225.41557459,-4414733.82943524,3912,2023,1524427,2023/03/25 00:00:00+00,Marzo,25,SÃ¡bado,1899/12/30 00:00:00+00,22:00:00,22,REGION BIO BIO,CONCEPCION,COLISION,COLISION,URBANA,ENLACE A NIVEL,IMPRUDENCIA DEL CONDUCTOR,CONDUCCION NO ATENTO CONDICIONES TRANSITO MOMENTO,ARTURO PRAT,MARTINEZ DE ROZAS,ARTURO PRAT - MARTINEZ DE ROZAS,0, , ,BIDIRECCIONAL CON BANDEJON,CONCRETO,BUENO,SECO,DESPEJADO,0,1,0,1,8,81,8101,BiobÃ­o,ConcepciÃ³n,ConcepciÃ³n,Interseccion,"ARTURO PRAT & MARTINEZ DE ROZAS, ConcepciÃ³n",-36.824941,-73.062007,Siniestros_con_participación_de_motocicletas_2023.csv
-8132259.38501122,-4417201.03511645,3916,2023,1507034,2023/01/30 00:00:00+00,Enero,30,Lunes,1899/12/30 00:00:00+00,10:50:00,10,REGION BIO BIO,CONCEPCION,COLISION,COLISION,URBANA,CRUCE CON SEÃAL CEDA EL PASO,IMPRUDENCIA DEL CONDUCTOR,CONDUCCION CAMBIAR SORPRESIVAMENTE PISTA CIRCULACION,PEDRO DE VALDIVIA,BAHAMONDES,BAHAMONDES - PEDRO DE VALDIVIA,0, , ,BIDIRECCIONAL CON BANDEJON,CONCRETO,BUENO,SECO,DESPEJADO,0,1,0,0,8,81,8101,BiobÃ­o,ConcepciÃ³n,ConcepciÃ³n,Interseccion,"BAHAMONDES & PEDRO DE VALDIVIA, ConcepciÃ³n",-36.84268,-73.053329,Siniestros_con_participación_de_motocicletas_2023.csv
-8133839.78784428,-4415399.01040165,3920,2023,1512838,2023/02/27 00:00:00+00,Febrero,27,Lunes,1899/12/30 00:00:00+00,20:10:00,20,REGION BIO BIO,CONCEPCION,COLISION,COLISION,URBANA,OTROS NO CONSIDERADOS,IMPRUDENCIA DEL CONDUCTOR,VIRAJES INDEBIDOS,PUENTE LLACOLEN,LOS CARRERA,LOS CARRERA - PUENTE LLACOLEN,0, , ,BIDIRECCIONAL CON BANDEJON,CONCRETO,BUENO,SECO,DESPEJADO,0,0,0,1,8,81,8101,BiobÃ­o,ConcepciÃ³n,ConcepciÃ³n,Interseccion,"LOS CARRERA & PUENTE LLACOLEN, ConcepciÃ³n",-36.829724,-73.067526,Siniestros_con_participación_de_motocicletas_2023.csv
-8139527.45903314,-4416438.94652905,3943,2023,1521027,2023/03/27 00:00:00+00,Marzo,27,Lunes,1899/12/30 00:00:00+00,00:45:00,0,REGION BIO BIO,SAN PEDRO DE LA PAZ,COLISION LATERAL,COLISION,URBANA,CRUCE CON SEMAFORO FUNCIONANDO,ALCOHOL EN CONDUCTOR,CONDUCCION EN ESTADO DE EBRIEDAD,PEDRO AGUIRRE CERDA,DIAGONAL BIO BIO,DIAGONAL BIO BIO - PEDRO AGUIRRE CERDA,0, , ,BIDIRECCIONAL CON BANDEJON,CONCRETO,BUENO,SECO,DESPEJADO,0,0,1,0,8,81,8108,BiobÃ­o,ConcepciÃ³n,San Pedro de la Paz,Interseccion,"DIAGONAL BIO BIO & PEDRO AGUIRRE CERDA, San Pedro de la Paz",-36.837201,-73.118619,Siniestros_con_participación_de_motocicletas_2023.csv
-8138336.31601363,-4417257.23157865,3951,2023,1520975,2023/03/27 00:00:00+00,Marzo,27,Lunes,1899/12/30 00:00:00+00,14:00:00,14,REGION BIO BIO,SAN PEDRO DE LA PAZ,CHOQUE LADO/LADO,CHOQUE,URBANA,CRUCE CON SEMAFORO FUNCIONANDO,IMPRUDENCIA DEL CONDUCTOR,ADELANTAMIENTO SIN EL ESPACIO O TIEMPO SUFICIENTE,LOS ACACIOS,LOS CANELOS,LOS ACACIOS - LOS CANELOS,0, , ,BIDIRECCIONAL CON BANDEJON,CONCRETO,BUENO,SECO,DESPEJADO,0,0,0,0,8,81,8108,BiobÃ­o,ConcepciÃ³n,San Pedro de la Paz,Interseccion,"LOS ACACIOS & LOS CANELOS, San Pedro de la Paz",-36.843084,-73.107919,Siniestros_con_participación_de_motocicletas_2023.csv
-8137151.76533436,-4416665.6533093,3953,2023,1521011,2023/03/27 00:00:00+00,Marzo,27,Lunes,1899/12/30 00:00:00+00,14:30:00,14,REGION BIO BIO,SAN PEDRO DE LA PAZ,COLISION PERPENDICULAR,COLISION,URBANA,CRUCE CON SEMAFORO FUNCIONANDO,DESOBEDIENCIA A SEÃALIZACION,SEÃALIZACION DESOBEDECER LUZ ROJA DE SEMAFORO,JORGE ALESSANDRI RODRIGUEZ,PEDRO AGUIRRE CERDA,JORGE ALESSANDRI RODRIGUEZ - PEDRO AGUIRRE CERDA,0, , ,BIDIRECCIONAL CON BANDEJON,CONCRETO,BUENO,SECO,DESPEJADO,0,1,0,0,8,81,8108,BiobÃ­o,ConcepciÃ³n,San Pedro de la Paz,Interseccion,"JORGE ALESSANDRI RODRIGUEZ & PEDRO AGUIRRE CERDA, San Pedro de la Paz",-36.838831,-73.097278,Siniestros_con_participación_de_motocicletas_2023.csv