ï»¿X,Y,FID,AÃ±o,IdAccident,Fecha,Mes,Dia_mes,Dia_semana,Hora,Hora_texto,Hora_aprox,RegiÃ³n,Comuna,Tipo_Accid,Tipo__CONA,Zona,UbicaciÃ³n,Causa__CON,Causa_Acci,Calle_Uno,Calle_Dos,Intersecci,NÃºmero,Ruta,Ubicaci_1,Calzada,Tipo_Calza,Estado_Cal,CondiciÃ³n,Estado_Atm,Fallecidos,Graves,Menos_Grav,Leves,CUT_REG,CUT_PROV,CUT_COM,REGION,PROVINCIA,COMUNA1,Tipo_direc,Direccion,Lat,Lon,Archivo_Origen
-8132385.62133604,-4413945.76270958,3978,2023,1524749,2023/03/28 00:00:00+00,Marzo,28,Martes,1899/12/30 00:00:00+00,08:30:00,8,REGION BIO BIO,CONCEPCION,OTRO TIPO,OTRO TIPO,URBANA,CRUCE CON SEÃAL PARE,IMPRUDENCIA DEL CONDUCTOR,CONDUCCION NO ATENTO CONDICIONES TRANSITO MOMENTO,ANIBAL PINTO,GENERAL CRUZ,ANIBAL PINTO - GENERAL CRUZ,0, , ,UNIDIRECCIONAL,CONCRETO,BUENO,MOJADO,LLOVIZNA,0,0,0,1,8,81,8101,BiobÃ­o,ConcepciÃ³n,ConcepciÃ³n,Interseccion,"ANIBAL PINTO & GENERAL CRUZ, ConcepciÃ³n",-36.819274,-73.054463,Siniestros_con_participación_de_motocicletas_2023.csv
-8131182.59159904,-4414007.22620032,4026,2023,1559407,2023/09/13 00:00:00+00,Septiembre,13,MiÃ©rcoles,1899/12/30 00:00:00+00,18:20:00,18,REGION BIO BIO,CONCEPCION,ATROPELLO,ATROPELLO,URBANA,TRAMO DE VIA RECTA,IMPRUDENCIA DEL CONDUCTOR,NO RESPETAR DERECHO PREFERENTE DE PASO A PEATON,PAICAVI,LOS CARRERA,LOS CARRERA - PAICAVI,0, , ,BIDIRECCIONAL CON BANDEJON,CONCRETO,BUENO,MOJADO,LLUVIA,0,1,0,0,8,81,8101,BiobÃ­o,ConcepciÃ³n,ConcepciÃ³n,Interseccion,"LOS CARRERA & PAICAVI, ConcepciÃ³n",-36.819716,-73.043656,Siniestros_con_participación_de_motocicletas_2023.csv
-8131829.914438,-4413255.50480585,4091,2023,1559890,2023/09/20 00:00:00+00,Septiembre,20,MiÃ©rcoles,1899/12/30 00:00:00+00,02:45:00,2,REGION BIO BIO,CONCEPCION,COLISION,COLISION,URBANA,CRUCE CON SEMAFORO FUNCIONANDO,DESOBEDIENCIA A SEÃALIZACION,SEÃALIZACION DESOBEDECER LUZ ROJA DE SEMAFORO,MANUEL RODRIGUEZ,ONGOLMO,MANUEL RODRIGUEZ - ONGOLMO,0, , ,BIDIRECCIONAL CON BANDEJON,CONCRETO,BUENO,SECO,NUBLADO,1,1,0,0,8,81,8101,BiobÃ­o,ConcepciÃ³n,ConcepciÃ³n,Interseccion,"MANUEL RODRIGUEZ & ONGOLMO, ConcepciÃ³n",-36.81431,-73.049471,Siniestros_con_participación_de_motocicletas_2023.csv
-8143065.501941,-4416487.33776649,4099,2023,1560120,2023/09/21 00:00:00+00,Septiembre,21,Jueves,1899/12/30 00:00:00+00,07:50:00,7,REGION BIO BIO,CONCEPCION,CHOQUE,CHOQUE,URBANA,ENLACE A DESNIVEL,IMPRUDENCIA DEL CONDUCTOR,CONDUCCION NO ATENTO CONDICIONES TRANSITO MOMENTO,JORGE ALESSANDRI RODRIGUEZ,COSTANERA,COSTANERA - JORGE ALESSANDRI RODRIGUEZ,0, , ,BIDIRECCIONAL CON BANDEJON,CONCRETO,BUENO,SECO,DESPEJADO,0,0,0,0,8,81,8101,BiobÃ­o,ConcepciÃ³n,ConcepciÃ³n,Interseccion,"COSTANERA & JORGE ALESSANDRI RODRIGUEZ, ConcepciÃ³n",-36.837549,-73.150402,Siniestros_con_participación_de_motocicletas_2023.csv
-8138836.8084665,-4400576.56950228,4161,2023,1562941,2023/09/26 00:00:00+00,Septiembre,26,Martes,1899/12/30 00:00:00+00,08:45:00,8,REGION BIO BIO,TALCAHUANO,COLISION LATERAL,COLISION,URBANA,CRUCE CON SEÃAL CEDA EL PASO,DESOBEDIENCIA A SEÃALIZACION,SEÃALIZACION DESOBEDECER SEÃAL CEDA EL PASO,THOMPSON,DAVID FUENTES,DAVID FUENTES - THOMPSON,0, , ,BIDIRECCIONAL,CONCRETO,BUENO,SECO,DESPEJADO,0,1,0,1,8,81,8110,BiobÃ­o,ConcepciÃ³n,Talcahuano,Interseccion,"DAVID FUENTES & THOMPSON, Talcahuano",-36.723072,-73.112415,Siniestros_con_participación_de_motocicletas_2023.csv
-8133645.20137437,-4412194.34144357,4170,2023,1561844,2023/09/27 00:00:00+00,Septiembre,27,MiÃ©rcoles,1899/12/30 00:00:00+00,09:00:00,9,REGION BIO BIO,CONCEPCION,COLISION,COLISION,URBANA,TRAMO DE VIA RECTA,VELOCIDAD IMPRUDENTE,VELOCIDAD NO RAZONABLE NI PRUDENTE,VALENCIA,ANIBAL PINTO,ANIBAL PINTO - VALENCIA,0, , ,BIDIRECCIONAL,CONCRETO,BUENO,SECO,DESPEJADO,0,0,0,0,8,81,8101,BiobÃ­o,ConcepciÃ³n,ConcepciÃ³n,Interseccion,"ANIBAL PINTO & VALENCIA, ConcepciÃ³n",-36.806678,-73.065778,Siniestros_con_participación_de_motocicletas_2023.csv
-8130999.58235618,-4421118.52926267,4192,2023,1562633,2023/09/28 00:00:00+00,Septiembre,28,Jueves,1899/12/30 00:00:00+00,17:15:00,17,REGION BIO BIO,CHIGUAYANTE,VOLCADURA,VOLCADURA,URBANA,TRAMO DE VIA RECTA,VELOCIDAD IMPRUDENTE,VELOCIDAD NO RAZONABLE NI PRUDENTE,CAMINO A CHIGUAYANTE,ZENON HERRERA,CAMINO A CHIGUAYANTE - ZENON HERRERA,0, , ,BIDIRECCIONAL CON BANDEJON,CONCRETO,BUENO,SECO,DESPEJADO,0,0,0,0,8,81,8103,BiobÃ­o,ConcepciÃ³n,Chiguayante,Interseccion,"CAMINO A CHIGUAYANTE & ZENON HERRERA, Chiguayante",-36.870838,-73.042012,Siniestros_con_participación_de_motocicletas_2023.csv
-8137594.95255052,-4416638.29711105,4214,2023,1562346,2023/09/29 00:00:00+00,Septiembre,29,Viernes,1899/12/30 00:00:00+00,22:00:00,22,REGION BIO BIO,SAN PEDRO DE LA PAZ,ATROPELLO,ATROPELLO,URBANA,TRAMO DE VIA RECTA,IMPRUDENCIA DEL CONDUCTOR,NO RESPETAR DERECHO PREFERENTE DE PASO A PEATON,PEDRO AGUIRRE CERDA,LOS CANELOS,LOS CANELOS - PEDRO AGUIRRE CERDA,0, , ,BIDIRECCIONAL,CONCRETO,BUENO,SECO,NUBLADO,0,1,0,0,8,81,8108,BiobÃ­o,ConcepciÃ³n,San Pedro de la Paz,Interseccion,"LOS CANELOS & PEDRO AGUIRRE CERDA, San Pedro de la Paz",-36.838634,-73.101259,Siniestros_con_participación_de_motocicletas_2023.csv
-8132273.07733085,-4412584.20101496,4216,2023,1562421,2023/09/30 00:00:00+00,Septiembre,30,SÃ¡bado,1899/12/30 00:00:00+00,03:10:00,3,REGION BIO BIO,CONCEPCION,COLISION,COLISION,URBANA,CRUCE SIN SEÃALIZACION,IMPRUDENCIA DEL CONDUCTOR,CONDUCCION NO ATENTO CONDICIONES TRANSITO MOMENTO,JUAN DE DIOS RIVERA,OROMPELLO,JUAN DE DIOS RIVERA - OROMPELLO,0, , ,UNIDIRECCIONAL,CONCRETO,BUENO,SECO,DESPEJADO,0,0,0,1,8,81,8101,BiobÃ­o,ConcepciÃ³n,ConcepciÃ³n,Interseccion,"JUAN DE DIOS RIVERA & OROMPELLO, ConcepciÃ³n",-36.809482,-73.053452,Siniestros_con_participación_de_motocicletas_2023.csv
-8129898.07593912,-4412784.55885106,4276,2023,1563478,2023/10/04 00:00:00+00,Octubre,4,MiÃ©rcoles,1899/12/30 00:00:00+00,17:55:00,17,REGION BIO BIO,CONCEPCION,COLISION,COLISION,URBANA,CRUCE CON SEÃAL CEDA EL PASO,IMPRUDENCIA DEL CONDUCTOR,CONDUCCION NO ATENTO CONDICIONES TRANSITO MOMENTO,DIEGO DE ORO,SANTA MARIA,DIEGO DE ORO - SANTA MARIA,0, , ,UNIDIRECCIONAL,CONCRETO,BUENO,SECO,DESPEJADO,0,1,0,0,8,81,8101,BiobÃ­o,ConcepciÃ³n,ConcepciÃ³n,Interseccion,"DIEGO DE ORO & SANTA MARIA, ConcepciÃ³n",-36.810923,-73.032117,Siniestros_con_participación_de_motocicletas_2023.csv
-8132716.46286268,-4415007.65699912,4291,2023,1564128,2023/10/05 00:00:00+00,Octubre,5,Jueves,1899/12/30 00:00:00+00,13:40:00,13,REGION BIO BIO,CONCEPCION,CHOQUE POSTERIOR,CHOQUE,URBANA,CRUCE CON SEMAFORO FUNCIONANDO,IMPRUDENCIA DEL CONDUCTOR,CONDUCCION NO ATENTO CONDICIONES TRANSITO MOMENTO,MAIPU,SALAS,MAIPU - SALAS,0, , ,UNIDIRECCIONAL,CONCRETO,BUENO,SECO,DESPEJADO,0,0,0,1,8,81,8101,BiobÃ­o,ConcepciÃ³n,ConcepciÃ³n,Interseccion,"MAIPU & SALAS, ConcepciÃ³n",-36.82691,-73.057435,Siniestros_con_participación_de_motocicletas_2023.csv
-8128947.51888516,-4429251.26428474,4320,2023,1565457,2023/10/06 00:00:00+00,Octubre,6,Viernes,1899/12/30 00:00:00+00,22:10:00,22,REGION BIO BIO,CHIGUAYANTE,CHOQUE FRENTE/LADO,CHOQUE,URBANA,TRAMO DE VIA RECTA,VELOCIDAD IMPRUDENTE,VELOCIDAD NO RAZONABLE NI PRUDENTE,LOS HEROES,SANTA ELENA,LOS HEROES - SANTA ELENA,0, , ,BIDIRECCIONAL,CONCRETO,BUENO,SECO,DESPEJADO,0,0,0,0,8,81,8103,BiobÃ­o,ConcepciÃ³n,Chiguayante,Interseccion,"LOS HEROES & SANTA ELENA, Chiguayante",-36.929261,-73.023578,Siniestros_con_participación_de_motocicletas_2023.csv
-8130520.12932046,-4410450.29789906,4332,2023,1563865,2023/10/07 00:00:00+00,Octubre,7,SÃ¡bado,1899/12/30 00:00:00+00,21:00:00,21,REGION BIO BIO,CONCEPCION,COLISION,COLISION,URBANA,CRUCE CON SEÃAL PARE,IMPRUDENCIA DEL CONDUCTOR,CONDUCCION NO ATENTO CONDICIONES TRANSITO MOMENTO,PADRE JUAN VASCONES,CAREMAVIDA,CAREMAVIDA - PADRE JUAN VASCONES,0, , ,BIDIRECCIONAL,CONCRETO,BUENO,SECO,DESPEJADO,0,1,0,1,8,81,8101,BiobÃ­o,ConcepciÃ³n,ConcepciÃ³n,Interseccion,"CAREMAVIDA & PADRE JUAN VASCONES, ConcepciÃ³n",-36.794133,-73.037705,Siniestros_con_participación_de_motocicletas_2023.csv
-8132939.21316376,-4415300.26671423,4381,2023,1565496,2023/10/11 00:00:00+00,Octubre,11,MiÃ©rcoles,1899/12/30 00:00:00+00,18:40:00,18,REGION BIO BIO,CONCEPCION,ATROPELLO,ATROPELLO,URBANA,CRUCE CON SEMAFORO FUNCIONANDO,IMPRUDENCIA DEL CONDUCTOR,NO RESPETAR DERECHO PREFERENTE DE PASO A PEATON,ARTURO PRAT,FREIRE,ARTURO PRAT - FREIRE,0, , ,UNIDIRECCIONAL,CONCRETO,BUENO,SECO,DESPEJADO,0,0,0,2,8,81,8101,BiobÃ­o,ConcepciÃ³n,ConcepciÃ³n,Interseccion,"ARTURO PRAT & FREIRE, ConcepciÃ³n",-36.829014,-73.059436,Siniestros_con_participación_de_motocicletas_2023.csv
-8131372.17990173,-4414845.15373063,4403,2023,1565638,2023/10/12 00:00:00+00,Octubre,12,Jueves,1899/12/30 00:00:00+00,22:00:00,22,REGION BIO BIO,CONCEPCION,COLISION PERPENDICULAR,COLISION,URBANA,CRUCE CON SEMAFORO FUNCIONANDO,VELOCIDAD IMPRUDENTE,VELOCIDAD MAYOR QUE MAXIMA PERMITIDA,DIAGONAL PEDRO AGUIRRE CERDA,O'HIGGINS,DIAGONAL PEDRO AGUIRRE CERDA - O'HIGGINS,0, , ,UNIDIRECCIONAL,CONCRETO,BUENO,SECO,DESPEJADO,0,0,0,1,8,81,8101,BiobÃ­o,ConcepciÃ³n,ConcepciÃ³n,Interseccion,"DIAGONAL PEDRO AGUIRRE CERDA & O'HIGGINS, ConcepciÃ³n",-36.825742,-73.045359,Siniestros_con_participación_de_motocicletas_2023.csv
-8132691.63861624,-4412993.40207826,4404,2023,1551264,2023/08/05 00:00:00+00,Agosto,5,SÃ¡bado,1899/12/30 00:00:00+00,15:29:00,15,REGION BIO BIO,CONCEPCION,COLISION,COLISION,URBANA,TRAMO DE VIA RECTA,IMPRUDENCIA DEL CONDUCTOR,CONDUCCION SIN MANTENER DISTANCIA RAZONABLE NI PRUDENTE,EJERCITO,COLO COLO,COLO COLO - EJERCITO,0, , ,BIDIRECCIONAL,CONCRETO,BUENO,SECO,DESPEJADO,0,1,0,0,8,81,8101,BiobÃ­o,ConcepciÃ³n,ConcepciÃ³n,Interseccion,"COLO COLO & EJERCITO, ConcepciÃ³n",-36.812425,-73.057212,Siniestros_con_participación_de_motocicletas_2023.csv
-8138852.45508885,-4416554.07457989,4409,2023,1552115,2023/08/05 00:00:00+00,Agosto,5,SÃ¡bado,1899/12/30 00:00:00+00,21:00:00,21,REGION BIO BIO,SAN PEDRO DE LA PAZ,VOLCADURA,VOLCADURA,URBANA,TRAMO DE VIA RECTA,IMPRUDENCIA DEL CONDUCTOR,CONDUCCION NO ATENTO CONDICIONES TRANSITO MOMENTO,PEDRO AGUIRRE CERDA,LOS BATROS,LOS BATROS - PEDRO AGUIRRE CERDA,0, , ,BIDIRECCIONAL,CONCRETO,BUENO,SECO,DESPEJADO,0,0,0,1,8,81,8108,BiobÃ­o,ConcepciÃ³n,San Pedro de la Paz,Interseccion,"LOS BATROS & PEDRO AGUIRRE CERDA, San Pedro de la Paz",-36.838029,-73.112556,Siniestros_con_participación_de_motocicletas_2023.csv
-8132118.23191916,-4413404.28747512,4420,2023,1535601,2023/05/26 00:00:00+00,Mayo,26,Viernes,1899/12/30 00:00:00+00,18:30:00,18,REGION BIO BIO,CONCEPCION,COLISION POR ALCANCE,COLISION,URBANA,TRAMO DE VIA RECTA,IMPRUDENCIA DEL CONDUCTOR,CONDUCCION SIN MANTENER DISTANCIA RAZONABLE NI PRUDENTE,MANUEL RODRIGUEZ,TUCAPEL,MANUEL RODRIGUEZ - TUCAPEL,0, , ,BIDIRECCIONAL CON BANDEJON,CONCRETO,BUENO,SECO,DESPEJADO,0,0,0,1,8,81,8101,BiobÃ­o,ConcepciÃ³n,ConcepciÃ³n,Interseccion,"MANUEL RODRIGUEZ & TUCAPEL, ConcepciÃ³n",-36.81538,-73.052061,Siniestros_con_participación_de_motocicletas_2023.csv
-8129002.16554527,-4413778.4226457,4447,2023,1534901,2023/05/28 00:00:00+00,Mayo,28,Domingo,1899/12/30 00:00:00+00,12:55:00,12,REGION BIO BIO,CONCEPCION,COLISION LATERAL,COLISION,URBANA,CRUCE CON SEMAFORO FUNCIONANDO,IMPRUDENCIA DEL CONDUCTOR,VIRAJES INDEBIDOS,GENERAL NOVOA,TEGUALDA,GENERAL NOVOA - TEGUALDA,0, , ,UNIDIRECCIONAL,CONCRETO,BUENO,SECO,DESPEJADO,0,0,1,0,8,81,8101,BiobÃ­o,ConcepciÃ³n,ConcepciÃ³n,Interseccion,"GENERAL NOVOA & TEGUALDA, ConcepciÃ³n",-36.818071,-73.024069,Siniestros_con_participación_de_motocicletas_2023.csv
-8129627.90359062,-4413081.69591018,4450,2023,1534874,2023/05/28 00:00:00+00,Mayo,28,Domingo,1899/12/30 00:00:00+00,19:30:00,19,REGION BIO BIO,CONCEPCION,ATROPELLO,ATROPELLO,URBANA,CRUCE CON SEMAFORO FUNCIONANDO,DESOBEDIENCIA A SEÃALIZACION,SEÃALIZACION DESOBEDECER LUZ ROJA DE SEMAFORO,JUAN BOSCO,PERELLO PUIG,JUAN BOSCO - PERELLO PUIG,0, , ,BIDIRECCIONAL,CONCRETO,BUENO,HUMEDO,NUBLADO,0,0,0,2,8,81,8101,BiobÃ­o,ConcepciÃ³n,ConcepciÃ³n,Interseccion,"JUAN BOSCO & PERELLO PUIG, ConcepciÃ³n",-36.81306,-73.02969,Siniestros_con_participación_de_motocicletas_2023.csv
-8138522.10826602,-4410456.27535867,4476,2023,1536508,2023/05/31 00:00:00+00,Mayo,31,MiÃ©rcoles,1899/12/30 00:00:00+00,19:00:00,19,REGION BIO BIO,HUALPEN,COLISION,COLISION,URBANA,TRAMO DE VIA RECTA,IMPRUDENCIA DEL CONDUCTOR,CONDUCCION NO ATENTO CONDICIONES TRANSITO MOMENTO,AVENIDA UNO,CALLE DOS,AVENIDA UNO - CALLE DOS,0, , ,BIDIRECCIONAL,CONCRETO,BUENO,MOJADO,NUBLADO,0,0,0,0,8,81,8112,BiobÃ­o,ConcepciÃ³n,HualpÃ©n,Interseccion,"AVENIDA UNO & CALLE DOS, HualpÃ©n",-36.794176,-73.109588,Siniestros_con_participación_de_motocicletas_2023.csv
-8138562.73988017,-4409413.73865924,4483,2023,1536486,2023/06/01 00:00:00+00,Junio,1,Jueves,1899/12/30 00:00:00+00,07:30:00,7,REGION BIO BIO,HUALPEN,COLISION,COLISION,URBANA,CRUCE CON SEÃAL PARE,IMPRUDENCIA DEL CONDUCTOR,CONDUCCION NO ATENTO CONDICIONES TRANSITO MOMENTO,CAMINO A DESEMBOCADURA,COSTANERA,CAMINO A DESEMBOCADURA - COSTANERA,0, , ,BIDIRECCIONAL CON BANDEJON,CONCRETO,BUENO,MOJADO,NEBLINA,0,1,0,0,8,81,8112,BiobÃ­o,ConcepciÃ³n,HualpÃ©n,Interseccion,"CAMINO A DESEMBOCADURA & COSTANERA, HualpÃ©n",-36.786676,-73.109953,Siniestros_con_participación_de_motocicletas_2023.csv
-8139610.43862985,-4416297.95299422,4522,2023,1543687,2023/06/03 00:00:00+00,Junio,3,SÃ¡bado,1899/12/30 00:00:00+00,16:20:00,16,REGION BIO BIO,SAN PEDRO DE LA PAZ,CHOQUE FRENTE/POSTERIOR,CHOQUE,URBANA,TRAMO DE VIA RECTA,ALCOHOL EN CONDUCTOR,CONDUCCION BAJO LA INFLUENCIA DEL ALCOHOL,LAS TORCAZAS,DIAGONAL BIO BIO,DIAGONAL BIO BIO - LAS TORCAZAS,0, , ,BIDIRECCIONAL,ASFALTO,BUENO,SECO,DESPEJADO,0,0,0,0,8,81,8108,BiobÃ­o,ConcepciÃ³n,San Pedro de la Paz,Interseccion,"DIAGONAL BIO BIO & LAS TORCAZAS, San Pedro de la Paz",-36.836187,-73.119365,Siniestros_con_participación_de_motocicletas_2023.csv
-8139118.22416149,-4416713.08412239,4552,2023,1541495,2023/06/06 00:00:00+00,Junio,6,Martes,1899/12/30 00:00:00+00,16:00:00,16,REGION BIO BIO,SAN PEDRO DE LA PAZ,CHOQUE FRENTE/LADO,CHOQUE,URBANA,TRAMO DE VIA RECTA,VELOCIDAD IMPRUDENTE,VELOCIDAD NO RAZONABLE NI PRUDENTE,LOS AVELLANOS,ANTONIO DE LAS PEÃAS,ANTONIO DE LAS PEÃAS - LOS AVELLANOS,0, , ,BIDIRECCIONAL,CONCRETO,REGULAR,SECO,NUBLADO,0,0,0,0,8,81,8108,BiobÃ­o,ConcepciÃ³n,San Pedro de la Paz,Interseccion,"ANTONIO DE LAS PEÃAS & LOS AVELLANOS, San Pedro de la Paz",-36.839172,-73.114943,Siniestros_con_participación_de_motocicletas_2023.csv
-8139767.54410551,-4415475.17873725,4584,2023,1543708,2023/06/09 00:00:00+00,Junio,9,Viernes,1899/12/30 00:00:00+00,08:10:00,8,REGION BIO BIO,SAN PEDRO DE LA PAZ,COLISION POR ALCANCE,COLISION,URBANA,TRAMO DE VIA RECTA,IMPRUDENCIA DEL CONDUCTOR,CONDUCCION SIN MANTENER DISTANCIA RAZONABLE NI PRUDENTE,DIAGONAL BIO BIO,LAS TORRES,DIAGONAL BIO BIO - LAS TORRES,0, , ,BIDIRECCIONAL,ASFALTO,BUENO,SECO,DESPEJADO,0,0,0,1,8,81,8108,BiobÃ­o,ConcepciÃ³n,San Pedro de la Paz,Interseccion,"DIAGONAL BIO BIO & LAS TORRES, San Pedro de la Paz",-36.830272,-73.120776,Siniestros_con_participación_de_motocicletas_2023.csv
-8130827.70506239,-4411740.82091953,4611,2023,1537660,2023/06/10 00:00:00+00,Junio,10,SÃ¡bado,1899/12/30 00:00:00+00,20:20:00,20,REGION BIO BIO,CONCEPCION,CHOQUE POSTERIOR,CHOQUE,URBANA,TRAMO DE VIA RECTA,IMPRUDENCIA DEL CONDUCTOR,CONDUCCION NO ATENTO CONDICIONES TRANSITO MOMENTO,ALONSO DE RIBERA,LAGUNA LO GALINDO,ALONSO DE RIBERA - LAGUNA LO GALINDO,0, , ,BIDIRECCIONAL,CONCRETO,BUENO,SECO,DESPEJADO,0,0,0,1,8,81,8101,BiobÃ­o,ConcepciÃ³n,ConcepciÃ³n,Interseccion,"ALONSO DE RIBERA & LAGUNA LO GALINDO, ConcepciÃ³n",-36.803416,-73.040468,Siniestros_con_participación_de_motocicletas_2023.csv
-8141492.33494163,-4424367.5076923,4685,2023,1547746,2023/06/16 00:00:00+00,Junio,16,Viernes,1899/12/30 00:00:00+00,14:05:00,14,REGION BIO BIO,SAN PEDRO DE LA PAZ,COLISION POR ALCANCE,COLISION,URBANA,TRAMO DE VIA RECTA,IMPRUDENCIA DEL CONDUCTOR,CONDUCCION NO ATENTO CONDICIONES TRANSITO MOMENTO,PROGRESO,BENJAMIN SUBERCASEAUX,BENJAMIN SUBERCASEAUX - PROGRESO,0, , ,UNIDIRECCIONAL,ASFALTO,BUENO,SECO,DESPEJADO,0,0,0,1,8,81,8108,BiobÃ­o,ConcepciÃ³n,San Pedro de la Paz,Interseccion,"BENJAMIN SUBERCASEAUX & PROGRESO, San Pedro de la Paz",-36.894183,-73.13627,Siniestros_con_participación_de_motocicletas_2023.csv
-8139388.91975612,-4401384.34307399,4699,2023,1540339,2023/06/17 00:00:00+00,Junio,17,SÃ¡bado,1899/12/30 00:00:00+00,00:51:00,0,REGION BIO BIO,TALCAHUANO,COLISION LATERAL,COLISION,URBANA,TRAMO DE VIA RECTA,VELOCIDAD IMPRUDENTE,"VELOCIDAD NO REDUCIR CRUCE DE CALLES, CUMBRE, CURVA, ETC.",LA MARINA,JUAN ANTONIO RIOS,JUAN ANTONIO RIOS - LA MARINA,0, , ,BIDIRECCIONAL,CONCRETO,BUENO,SECO,DESPEJADO,0,1,0,1,8,81,8110,BiobÃ­o,ConcepciÃ³n,Talcahuano,Interseccion,"JUAN ANTONIO RIOS & LA MARINA, Talcahuano",-36.728888,-73.117375,Siniestros_con_participación_de_motocicletas_2023.csv
-8138759.78764628,-4402287.08358802,4731,2023,1540348,2023/06/19 00:00:00+00,Junio,19,Lunes,1899/12/30 00:00:00+00,19:10:00,19,REGION BIO BIO,TALCAHUANO,COLISION LATERAL,COLISION,URBANA,CRUCE CON SEÃAL PARE,DESOBEDIENCIA A SEÃALIZACION,SEÃALIZACION DESOBEDECER SEÃAL PARE,ALTO HORNO,GRAN BRETAÃA,ALTO HORNO - GRAN BRETAÃA,0, , ,BIDIRECCIONAL,CONCRETO,BUENO,SECO,DESPEJADO,0,0,0,2,8,81,8110,BiobÃ­o,ConcepciÃ³n,Talcahuano,Interseccion,"ALTO HORNO & GRAN BRETAÃA, Talcahuano",-36.735387,-73.111723,Siniestros_con_participación_de_motocicletas_2023.csv
-8135987.36346066,-4409503.80980241,4732,2023,1539754,2023/06/19 00:00:00+00,Junio,19,Lunes,1899/12/30 00:00:00+00,19:20:00,19,REGION BIO BIO,HUALPEN,CHOQUE,CHOQUE,URBANA,CRUCE CON SEMAFORO FUNCIONANDO,IMPRUDENCIA DEL CONDUCTOR,CONDUCCION NO ATENTO CONDICIONES TRANSITO MOMENTO,CRISTOBAL COLON,CAMPANARIO,CAMPANARIO - CRISTOBAL COLON,0, , ,BIDIRECCIONAL,CONCRETO,BUENO,HUMEDO,DESPEJADO,0,0,0,0,8,81,8112,BiobÃ­o,ConcepciÃ³n,HualpÃ©n,Interseccion,"CAMPANARIO & CRISTOBAL COLON, HualpÃ©n",-36.787324,-73.086818,Siniestros_con_participación_de_motocicletas_2023.csv
-8128156.7052003,-4431592.72214342,4739,2023,1543164,2023/06/20 00:00:00+00,Junio,20,Martes,1899/12/30 00:00:00+00,10:20:00,10,REGION BIO BIO,CHIGUAYANTE,ATROPELLO,ATROPELLO,URBANA,CRUCE CON SEMAFORO FUNCIONANDO,IMPRUDENCIA DEL CONDUCTOR,NO RESPETAR DERECHO PREFERENTE DE PASO A PEATON,MANUEL RODRIGUEZ,ESPERANZA,ESPERANZA - MANUEL RODRIGUEZ,0, , ,BIDIRECCIONAL CON BANDEJON,CONCRETO,BUENO,SECO,DESPEJADO,0,0,0,1,8,81,8103,BiobÃ­o,ConcepciÃ³n,Chiguayante,Interseccion,"ESPERANZA & MANUEL RODRIGUEZ, Chiguayante",-36.946073,-73.016474,Siniestros_con_participación_de_motocicletas_2023.csv
-8131897.2627522,-4415922.92361875,4744,2023,1539820,2023/06/20 00:00:00+00,Junio,20,Martes,1899/12/30 00:00:00+00,14:50:00,14,REGION BIO BIO,CONCEPCION,COLISION PERPENDICULAR,COLISION,URBANA,CRUCE SIN SEÃALIZACION,IMPRUDENCIA DEL CONDUCTOR,NO RESPETAR DERECHO PREFERENTE DE PASO A VEHICULO,CICLOVIA VICTOR LAMAS,HOSPICIO,CICLOVIA VICTOR LAMAS - HOSPICIO,0, , ,BIDIRECCIONAL,CONCRETO,BUENO,SECO,NUBLADO,0,0,0,0,8,81,8101,BiobÃ­o,ConcepciÃ³n,ConcepciÃ³n,Interseccion,"CICLOVIA VICTOR LAMAS & HOSPICIO, ConcepciÃ³n",-36.833491,-73.050076,Siniestros_con_participación_de_motocicletas_2023.csv