ï»¿X,Y,FID,AÃ±o,IdAccident,Fecha,Mes,Dia_mes,Dia_semana,Hora,Hora_texto,Hora_aprox,RegiÃ³n,Comuna,Tipo_Accid,Tipo__CONA,Zona,UbicaciÃ³n,Causa__CON,Causa_Acci,Calle_Uno,Calle_Dos,Intersecci,NÃºmero,Ruta,Ubicaci_1,Calzada,Tipo_Calza,Estado_Cal,CondiciÃ³n,Estado_Atm,Fallecidos,Graves,Menos_Grav,Leves,CUT_REG,CUT_PROV,CUT_COM,REGION,PROVINCIA,COMUNA1,Tipo_direc,Direccion,Lat,Lon,Archivo_Origen
-8132256.93600469,-4413478.40148734,4756,2023,1543045,2023/06/21 00:00:00+00,Junio,21,MiÃ©rcoles,1899/12/30 00:00:00+00,19:30:00,19,REGION BIO BIO,CONCEPCION,ATROPELLO,ATROPELLO,URBANA,TRAMO DE VIA RECTA,IMPRUDENCIA DEL CONDUCTOR,NO RESPETAR DERECHO PREFERENTE DE PASO A PEATON,MANUEL RODRIGUEZ,CASTELLON,CASTELLON - MANUEL RODRIGUEZ,0, , ,BIDIRECCIONAL,CONCRETO,BUENO,SECO,DESPEJADO,0,0,0,1,8,81,8101,BiobÃ­o,ConcepciÃ³n,ConcepciÃ³n,Interseccion,"CASTELLON & MANUEL RODRIGUEZ, ConcepciÃ³n",-36.815913,-73.053307,Siniestros_con_participación_de_motocicletas_2023.csv
-8128654.97124109,-4430084.05770115,4769,2023,1543220,2023/06/23 00:00:00+00,Junio,23,Viernes,1899/12/30 00:00:00+00,22:50:00,22,REGION BIO BIO,CHIGUAYANTE,CHOQUE POSTERIOR/FRENTE,CHOQUE,URBANA,CRUCE CON SEMAFORO FUNCIONANDO,IMPRUDENCIA DEL CONDUCTOR,CONDUCCION NO ATENTO CONDICIONES TRANSITO MOMENTO,PROGRESO,MANUEL RODRIGUEZ,MANUEL RODRIGUEZ - PROGRESO,0, , ,BIDIRECCIONAL,CONCRETO,REGULAR,MOJADO,LLUVIA,0,0,0,0,8,81,8103,BiobÃ­o,ConcepciÃ³n,Chiguayante,Interseccion,"MANUEL RODRIGUEZ & PROGRESO, Chiguayante",-36.935241,-73.02095,Siniestros_con_participación_de_motocicletas_2023.csv
-8132652.34283599,-4414788.76126625,4800,2023,1541091,2023/06/28 00:00:00+00,Junio,28,MiÃ©rcoles,1899/12/30 00:00:00+00,10:43:00,10,REGION BIO BIO,CONCEPCION,COLISION LATERAL,COLISION,URBANA,TRAMO DE VIA RECTA,IMPRUDENCIA DEL CONDUCTOR,CONDUCCION CAMBIAR SORPRESIVAMENTE PISTA CIRCULACION,LOS CARRERA,ANGOL,ANGOL - LOS CARRERA,0, , ,BIDIRECCIONAL CON BANDEJON,CONCRETO,BUENO,SECO,DESPEJADO,0,0,0,1,8,81,8101,BiobÃ­o,ConcepciÃ³n,ConcepciÃ³n,Interseccion,"ANGOL & LOS CARRERA, ConcepciÃ³n",-36.825336,-73.056859,Siniestros_con_participación_de_motocicletas_2023.csv
-8126935.19642782,-4415915.55217476,4806,2023,1541602,2023/06/28 00:00:00+00,Junio,28,MiÃ©rcoles,1899/12/30 00:00:00+00,15:45:00,15,REGION BIO BIO,CONCEPCION,COLISION POR ALCANCE,COLISION,URBANA,TRAMO DE VIA RECTA,IMPRUDENCIA DEL CONDUCTOR,CONDUCCION NO ATENTO CONDICIONES TRANSITO MOMENTO,EL VERGEL,CAMINO NONGUEN,CAMINO NONGUEN - EL VERGEL,0, , ,BIDIRECCIONAL,CONCRETO,BUENO,SECO,DESPEJADO,0,0,0,0,8,81,8101,BiobÃ­o,ConcepciÃ³n,ConcepciÃ³n,Interseccion,"CAMINO NONGUEN & EL VERGEL, ConcepciÃ³n",-36.833438,-73.005501,Siniestros_con_participación_de_motocicletas_2023.csv
-8142445.56373016,-4418079.90399653,4810,2023,1548981,2023/06/28 00:00:00+00,Junio,28,MiÃ©rcoles,1899/12/30 00:00:00+00,19:15:00,19,REGION BIO BIO,SAN PEDRO DE LA PAZ,COLISION LATERAL,COLISION,URBANA,TRAMO DE VIA RECTA,DESOBEDIENCIA A SEÃALIZACION,SEÃALIZACION DESOBEDECER SEÃAL PARE,MICHIMALONCO,LONCOMILLA,LONCOMILLA - MICHIMALONCO,0, , ,BIDIRECCIONAL,CONCRETO,REGULAR,SECO,DESPEJADO,0,0,0,0,8,81,8108,BiobÃ­o,ConcepciÃ³n,San Pedro de la Paz,Interseccion,"LONCOMILLA & MICHIMALONCO, San Pedro de la Paz",-36.848998,-73.144833,Siniestros_con_participación_de_motocicletas_2023.csv
-8132791.93747744,-4415585.65238142,4821,2023,1528967,2023/04/27 00:00:00+00,Abril,27,Jueves,1899/12/30 00:00:00+00,19:10:00,19,REGION BIO BIO,CONCEPCION,COLISION LATERAL,COLISION,URBANA,TRAMO DE VIA RECTA,IMPRUDENCIA DEL CONDUCTOR,ADELANTAMIENTO SIN EL ESPACIO O TIEMPO SUFICIENTE,ARTURO PRAT,O'HIGGINS,ARTURO PRAT - O'HIGGINS,0, , ,UNIDIRECCIONAL,CONCRETO,BUENO,SECO,DESPEJADO,0,0,0,0,8,81,8101,BiobÃ­o,ConcepciÃ³n,ConcepciÃ³n,Interseccion,"ARTURO PRAT & O'HIGGINS, ConcepciÃ³n",-36.831066,-73.058113,Siniestros_con_participación_de_motocicletas_2023.csv
-8132368.47813446,-4414657.48161447,4847,2023,1541979,2023/06/30 00:00:00+00,Junio,30,Viernes,1899/12/30 00:00:00+00,23:45:00,23,REGION BIO BIO,CONCEPCION,COLISION PERPENDICULAR,COLISION,URBANA,CRUCE CON SEMAFORO FUNCIONANDO,DESOBEDIENCIA A SEÃALIZACION,SEÃALIZACION DESOBEDECER LUZ ROJA DE SEMAFORO,LOS CARRERA,RENGO,LOS CARRERA - RENGO,0, , ,UNIDIRECCIONAL,CONCRETO,BUENO,SECO,DESPEJADO,0,1,0,1,8,81,8101,BiobÃ­o,ConcepciÃ³n,ConcepciÃ³n,Interseccion,"LOS CARRERA & RENGO, ConcepciÃ³n",-36.824392,-73.054309,Siniestros_con_participación_de_motocicletas_2023.csv
-8130956.83567171,-4414626.19168224,4893,2023,1551592,2023/08/08 00:00:00+00,Agosto,8,Martes,1899/12/30 00:00:00+00,08:15:00,8,REGION BIO BIO,CONCEPCION,COLISION PERPENDICULAR,COLISION,URBANA,CRUCE CON SEMAFORO FUNCIONANDO,IMPRUDENCIA DEL CONDUCTOR,CONDUCCION NO ATENTO CONDICIONES TRANSITO MOMENTO,PAICAVI,O'HIGGINS,O'HIGGINS - PAICAVI,0, , ,UNIDIRECCIONAL,CONCRETO,BUENO,SECO,DESPEJADO,0,0,0,1,8,81,8101,BiobÃ­o,ConcepciÃ³n,ConcepciÃ³n,Interseccion,"O'HIGGINS & PAICAVI, ConcepciÃ³n",-36.824167,-73.041628,Siniestros_con_participación_de_motocicletas_2023.csv
-8128754.82482433,-4429852.45658542,4907,2023,1528052,2023/04/30 00:00:00+00,Abril,30,Domingo,1899/12/30 00:00:00+00,13:30:00,13,REGION BIO BIO,CHIGUAYANTE,COLISION PERPENDICULAR,COLISION,URBANA,CRUCE CON SEMAFORO FUNCIONANDO,IMPRUDENCIA DEL CONDUCTOR,CONDUCCION NO ATENTO CONDICIONES TRANSITO MOMENTO,MANUEL RODRIGUEZ,LIBERTAD,LIBERTAD - MANUEL RODRIGUEZ,0, , ,BIDIRECCIONAL CON BANDEJON,CONCRETO,BUENO,HUMEDO,NUBLADO,0,0,1,0,8,81,8103,BiobÃ­o,ConcepciÃ³n,Chiguayante,Interseccion,"LIBERTAD & MANUEL RODRIGUEZ, Chiguayante",-36.933578,-73.021847,Siniestros_con_participación_de_motocicletas_2023.csv
-8137189.94793083,-4411288.98797019,4931,2023,1528131,2023/05/01 00:00:00+00,Mayo,1,Lunes,1899/12/30 00:00:00+00,19:30:00,19,REGION BIO BIO,HUALPEN,COLISION,COLISION,URBANA,CRUCE CON SEMAFORO FUNCIONANDO,ALCOHOL EN CONDUCTOR,CONDUCCION EN ESTADO DE EBRIEDAD,ÃIPAS,PILPILCO,ÃIPAS - PILPILCO,0, , ,BIDIRECCIONAL,CONCRETO,BUENO,SECO,DESPEJADO,0,1,0,0,8,81,8112,BiobÃ­o,ConcepciÃ³n,HualpÃ©n,Interseccion,"ÃIPAS & PILPILCO, HualpÃ©n",-36.800166,-73.097621,Siniestros_con_participación_de_motocicletas_2023.csv
-8142816.25765677,-4416054.9142114,4975,2023,1549457,2023/07/03 00:00:00+00,Julio,3,Lunes,1899/12/30 00:00:00+00,14:30:00,14,REGION BIO BIO,SAN PEDRO DE LA PAZ,COLISION,COLISION,URBANA,CRUCE CON SEÃAL CEDA EL PASO,IMPRUDENCIA DEL CONDUCTOR,NO RESPETAR DERECHO PREFERENTE DE PASO A VEHICULO,CALLE UNO,MAITENCILLO,CALLE UNO - MAITENCILLO,0, , ,BIDIRECCIONAL,ASFALTO,BUENO,SECO,DESPEJADO,0,0,1,0,8,81,8108,BiobÃ­o,ConcepciÃ³n,San Pedro de la Paz,Interseccion,"CALLE UNO & MAITENCILLO, San Pedro de la Paz",-36.83444,-73.148163,Siniestros_con_participación_de_motocicletas_2023.csv
-8142458.81074957,-4416274.67061826,5038,2023,1529101,2023/05/04 00:00:00+00,Mayo,4,Jueves,1899/12/30 00:00:00+00,17:50:00,17,REGION BIO BIO,SAN PEDRO DE LA PAZ,COLISION PERPENDICULAR,COLISION,URBANA,OTROS NO CONSIDERADOS,IMPRUDENCIA DEL CONDUCTOR,NO RESPETAR DERECHO PREFERENTE DE PASO A VEHICULO,O'CARROL,DANIEL BELMAR,DANIEL BELMAR - O'CARROL,0, , ,UNIDIRECCIONAL,CONCRETO,BUENO,SECO,DESPEJADO,0,0,0,1,8,81,8108,BiobÃ­o,ConcepciÃ³n,San Pedro de la Paz,Interseccion,"DANIEL BELMAR & O'CARROL, San Pedro de la Paz",-36.83602,-73.144952,Siniestros_con_participación_de_motocicletas_2023.csv
-8127408.08159132,-4415817.77730727,5075,2023,1529893,2023/05/05 00:00:00+00,Mayo,5,Viernes,1899/12/30 00:00:00+00,19:10:00,19,REGION BIO BIO,CONCEPCION,CHOQUE,CHOQUE,URBANA,CRUCE SIN SEÃALIZACION,IMPRUDENCIA DEL CONDUCTOR,CONDUCCION NO ATENTO CONDICIONES TRANSITO MOMENTO,SANTIAGO AMENGUAL,ELEUTERIO RAMIREZ,ELEUTERIO RAMIREZ - SANTIAGO AMENGUAL,0, , ,UNIDIRECCIONAL,CONCRETO,BUENO,SECO,DESPEJADO,0,0,0,0,8,81,8101,BiobÃ­o,ConcepciÃ³n,ConcepciÃ³n,Interseccion,"ELEUTERIO RAMIREZ & SANTIAGO AMENGUAL, ConcepciÃ³n",-36.832735,-73.009749,Siniestros_con_participación_de_motocicletas_2023.csv
-8131047.6723762,-4413412.21333921,5130,2023,1529735,2023/05/06 00:00:00+00,Mayo,6,SÃ¡bado,1899/12/30 00:00:00+00,22:05:00,22,REGION BIO BIO,CONCEPCION,COLISION,COLISION,URBANA,CRUCE CON SEÃAL CEDA EL PASO,DESOBEDIENCIA A SEÃALIZACION,SEÃALIZACION DESOBEDECER SEÃAL CEDA EL PASO,GALVARINO,MANUEL BULNES,GALVARINO - MANUEL BULNES,0, , ,UNIDIRECCIONAL,CONCRETO,BUENO,SECO,DESPEJADO,0,1,0,0,8,81,8101,BiobÃ­o,ConcepciÃ³n,ConcepciÃ³n,Interseccion,"GALVARINO & MANUEL BULNES, ConcepciÃ³n",-36.815437,-73.042444,Siniestros_con_participación_de_motocicletas_2023.csv
-8132643.99387417,-4415508.04674927,5134,2023,1530198,2023/05/07 00:00:00+00,Mayo,7,Domingo,1899/12/30 00:00:00+00,05:45:00,5,REGION BIO BIO,CONCEPCION,COLISION PERPENDICULAR,COLISION,URBANA,TRAMO DE VIA RECTA,DESOBEDIENCIA A SEÃALIZACION,SEÃALIZACION DESOBEDECER LUZ ROJA DE SEMAFORO,O'HIGGINS,SERRANO,O'HIGGINS - SERRANO,0, , ,UNIDIRECCIONAL,CONCRETO,BUENO,SECO,DESPEJADO,0,0,0,1,8,81,8101,BiobÃ­o,ConcepciÃ³n,ConcepciÃ³n,Interseccion,"O'HIGGINS & SERRANO, ConcepciÃ³n",-36.830508,-73.056784,Siniestros_con_participación_de_motocicletas_2023.csv
-8131906.1014975,-4412789.88423434,5158,2023,1552205,2023/08/15 00:00:00+00,Agosto,15,Martes,1899/12/30 00:00:00+00,20:30:00,20,REGION BIO BIO,CONCEPCION,COLISION POR ALCANCE,COLISION,URBANA,CRUCE CON SEMAFORO FUNCIONANDO,IMPRUDENCIA DEL CONDUCTOR,CONDUCCION NO ATENTO CONDICIONES TRANSITO MOMENTO,PAICAVI,CARRERA,CARRERA - PAICAVI,0, , ,BIDIRECCIONAL CON BANDEJON,CONCRETO,BUENO,MOJADO,LLUVIA,0,0,0,1,8,81,8101,BiobÃ­o,ConcepciÃ³n,ConcepciÃ³n,Interseccion,"CARRERA & PAICAVI, ConcepciÃ³n",-36.810961,-73.050155,Siniestros_con_participación_de_motocicletas_2023.csv
-8128870.81973374,-4413839.24537393,5159,2023,1530204,2023/05/07 00:00:00+00,Mayo,7,Domingo,1899/12/30 00:00:00+00,18:45:00,18,REGION BIO BIO,CONCEPCION,COLISION PERPENDICULAR,COLISION,URBANA,TRAMO DE VIA RECTA,DESOBEDIENCIA A SEÃALIZACION,SEÃALIZACION DESOBEDECER LUZ ROJA DE SEMAFORO,GENERAL NOVOA,VILLARRICA,GENERAL NOVOA - VILLARRICA,0, , ,UNIDIRECCIONAL,CONCRETO,BUENO,SECO,DESPEJADO,0,0,0,1,8,81,8101,BiobÃ­o,ConcepciÃ³n,ConcepciÃ³n,Interseccion,"GENERAL NOVOA & VILLARRICA, ConcepciÃ³n",-36.818508,-73.022889,Siniestros_con_participación_de_motocicletas_2023.csv
-8133155.06163414,-4414876.3745912,5169,2023,1547493,2023/07/09 00:00:00+00,Julio,9,Domingo,1899/12/30 00:00:00+00,15:00:00,15,REGION BIO BIO,CONCEPCION,VOLCADURA,VOLCADURA,URBANA,CRUCE CON SEMAFORO FUNCIONANDO,VELOCIDAD IMPRUDENTE,VELOCIDAD NO RAZONABLE NI PRUDENTE,ARTURO PRAT,HERAS,ARTURO PRAT - HERAS,0, , ,UNIDIRECCIONAL,CONCRETO,BUENO,SECO,DESPEJADO,0,1,0,0,8,81,8101,BiobÃ­o,ConcepciÃ³n,ConcepciÃ³n,Interseccion,"ARTURO PRAT & HERAS, ConcepciÃ³n",-36.825966,-73.061375,Siniestros_con_participación_de_motocicletas_2023.csv
-8139568.2888405,-4409406.92775501,5203,2023,1553263,2023/08/17 00:00:00+00,Agosto,17,Jueves,1899/12/30 00:00:00+00,19:37:00,19,REGION BIO BIO,HUALPEN,COLISION,COLISION,URBANA,CRUCE CON SEÃAL PARE,IMPRUDENCIA DEL CONDUCTOR,CONDUCCION NO ATENTO CONDICIONES TRANSITO MOMENTO,CAMINO RAMUNTCHO,COSTANERA,CAMINO RAMUNTCHO - COSTANERA,0, , ,BIDIRECCIONAL,CONCRETO,BUENO,MOJADO,DESPEJADO,0,1,0,0,8,81,8112,BiobÃ­o,ConcepciÃ³n,HualpÃ©n,Interseccion,"CAMINO RAMUNTCHO & COSTANERA, HualpÃ©n",-36.786627,-73.118986,Siniestros_con_participación_de_motocicletas_2023.csv
-8131522.45000444,-4414219.70905685,5204,2023,1544533,2023/07/11 00:00:00+00,Julio,11,Martes,1899/12/30 00:00:00+00,10:42:00,10,REGION BIO BIO,CONCEPCION,COLISION,COLISION,URBANA,CRUCE CON SEMAFORO FUNCIONANDO,IMPRUDENCIA DEL CONDUCTOR,CONDUCCION SIN MANTENER DISTANCIA RAZONABLE NI PRUDENTE,OROMPELLO,LOS CARRERA,LOS CARRERA - OROMPELLO,0, , ,UNIDIRECCIONAL,ASFALTO,BUENO,MOJADO,LLUVIA,0,0,0,1,8,81,8101,BiobÃ­o,ConcepciÃ³n,ConcepciÃ³n,Interseccion,"LOS CARRERA & OROMPELLO, ConcepciÃ³n",-36.821244,-73.046709,Siniestros_con_participación_de_motocicletas_2023.csv
-8139306.41418006,-4416523.5821808,5278,2023,1556399,2023/08/19 00:00:00+00,Agosto,19,SÃ¡bado,1899/12/30 00:00:00+00,21:06:00,21,REGION BIO BIO,SAN PEDRO DE LA PAZ,COLISION,COLISION,URBANA,TRAMO DE VIA RECTA,IMPRUDENCIA DEL CONDUCTOR,CONDUCCION NO ATENTO CONDICIONES TRANSITO MOMENTO,PEDRO AGUIRRE CERDA,LOS NARANJOS,LOS NARANJOS - PEDRO AGUIRRE CERDA,0, , ,BIDIRECCIONAL,ASFALTO,BUENO,SECO,DESPEJADO,0,0,0,0,8,81,8108,BiobÃ­o,ConcepciÃ³n,San Pedro de la Paz,Interseccion,"LOS NARANJOS & PEDRO AGUIRRE CERDA, San Pedro de la Paz",-36.83781,-73.116634,Siniestros_con_participación_de_motocicletas_2023.csv
-8139165.86888128,-4416550.9023515,5279,2023,1529802,2023/05/10 00:00:00+00,Mayo,10,MiÃ©rcoles,1899/12/30 00:00:00+00,08:50:00,8,REGION BIO BIO,SAN PEDRO DE LA PAZ,ATROPELLO,ATROPELLO,URBANA,CRUCE CON SEMAFORO FUNCIONANDO,IMPRUDENCIA DEL PEATON,IMPRUDENCIA DEL PEATON,PEDRO AGUIRRE CERDA,LOS AVELLANOS,LOS AVELLANOS - PEDRO AGUIRRE CERDA,0, , ,BIDIRECCIONAL,CONCRETO,BUENO,SECO,DESPEJADO,0,0,1,1,8,81,8108,BiobÃ­o,ConcepciÃ³n,San Pedro de la Paz,Interseccion,"LOS AVELLANOS & PEDRO AGUIRRE CERDA, San Pedro de la Paz",-36.838006,-73.115371,Siniestros_con_participación_de_motocicletas_2023.csv
-8131765.34913334,-4413069.59891668,5394,2023,1545319,2023/07/16 00:00:00+00,Julio,16,Domingo,1899/12/30 00:00:00+00,08:20:00,8,REGION BIO BIO,CONCEPCION,VOLCADURA,VOLCADURA,URBANA,TRAMO DE VIA RECTA,VELOCIDAD IMPRUDENTE,VELOCIDAD NO RAZONABLE NI PRUDENTE,PAICAVI,BANDERA,BANDERA - PAICAVI,0, , ,BIDIRECCIONAL CON BANDEJON,CONCRETO,BUENO,HUMEDO,DESPEJADO,0,1,0,0,8,81,8101,BiobÃ­o,ConcepciÃ³n,ConcepciÃ³n,Interseccion,"BANDERA & PAICAVI, ConcepciÃ³n",-36.812973,-73.048891,Siniestros_con_participación_de_motocicletas_2023.csv
-8139527.45903314,-4416438.94652905,5415,2023,1557051,2023/08/25 00:00:00+00,Agosto,25,Viernes,1899/12/30 00:00:00+00,07:15:00,7,REGION BIO BIO,SAN PEDRO DE LA PAZ,VOLCADURA,VOLCADURA,URBANA,TRAMO DE VIA RECTA,IMPRUDENCIA DEL CONDUCTOR,CONDUCCION NO ATENTO CONDICIONES TRANSITO MOMENTO,DIAGONAL BIO BIO,PEDRO AGUIRRE CERDA,DIAGONAL BIO BIO - PEDRO AGUIRRE CERDA,0, , ,BIDIRECCIONAL,ASFALTO,BUENO,SECO,DESPEJADO,0,2,0,0,8,81,8108,BiobÃ­o,ConcepciÃ³n,San Pedro de la Paz,Interseccion,"DIAGONAL BIO BIO & PEDRO AGUIRRE CERDA, San Pedro de la Paz",-36.837201,-73.118619,Siniestros_con_participación_de_motocicletas_2023.csv
-8139517.41584434,-4399857.73585981,5428,2023,1549373,2023/07/17 00:00:00+00,Julio,17,Lunes,1899/12/30 00:00:00+00,12:30:00,12,REGION BIO BIO,TALCAHUANO,COLISION LATERAL,COLISION,URBANA,CRUCE SIN SEÃALIZACION,IMPRUDENCIA DEL CONDUCTOR,NO RESPETAR DERECHO PREFERENTE DE PASO A VEHICULO,LA UNION,VALDIVIA,LA UNION - VALDIVIA,0, , ,BIDIRECCIONAL,CONCRETO,BUENO,SECO,DESPEJADO,0,0,0,1,8,81,8110,BiobÃ­o,ConcepciÃ³n,Talcahuano,Interseccion,"LA UNION & VALDIVIA, Talcahuano",-36.717896,-73.118529,Siniestros_con_participación_de_motocicletas_2023.csv
-8138562.73988017,-4409413.73865924,5442,2023,1530668,2023/05/14 00:00:00+00,Mayo,14,Domingo,1899/12/30 00:00:00+00,08:00:00,8,REGION BIO BIO,HUALPEN,COLISION,COLISION,URBANA,ENLACE A DESNIVEL,IMPRUDENCIA DEL CONDUCTOR,CONDUCCION NO ATENTO CONDICIONES TRANSITO MOMENTO,CRISTOBAL COLON,JORGE ALESSANDRI RODRIGUEZ,CRISTOBAL COLON - JORGE ALESSANDRI RODRIGUEZ,0, , ,BIDIRECCIONAL,CONCRETO,BUENO,SECO,DESPEJADO,0,1,0,0,8,81,8112,BiobÃ­o,ConcepciÃ³n,HualpÃ©n,Interseccion,"CRISTOBAL COLON & JORGE ALESSANDRI RODRIGUEZ, HualpÃ©n",-36.786676,-73.109953,Siniestros_con_participación_de_motocicletas_2023.csv
-8131181.47840413,-4414205.38579901,5449,2023,1548128,2023/07/17 00:00:00+00,Julio,17,Lunes,1899/12/30 00:00:00+00,15:15:00,15,REGION BIO BIO,CONCEPCION,CHOQUE POSTERIOR,CHOQUE,URBANA,TRAMO DE VIA RECTA,IMPRUDENCIA DEL CONDUCTOR,CONDUCCION SIN MANTENER DISTANCIA RAZONABLE NI PRUDENTE,MAIPU,PAICAVI,MAIPU - PAICAVI,0, , ,UNIDIRECCIONAL,CONCRETO,BUENO,SECO,DESPEJADO,0,1,0,0,8,81,8101,BiobÃ­o,ConcepciÃ³n,ConcepciÃ³n,Interseccion,"MAIPU & PAICAVI, ConcepciÃ³n",-36.821141,-73.043646,Siniestros_con_participación_de_motocicletas_2023.csv
-8136902.40967498,-4409827.26600478,5460,2023,1530884,2023/05/15 00:00:00+00,Mayo,15,Lunes,1899/12/30 00:00:00+00,07:45:00,7,REGION BIO BIO,HUALPEN,CHOQUE FRENTE/LADO,CHOQUE,URBANA,CRUCE SIN SEÃALIZACION,IMPRUDENCIA DEL CONDUCTOR,NO RESPETAR DERECHO PREFERENTE DE PASO A VEHICULO,PATRIA VIEJA,GENOVA,GENOVA - PATRIA VIEJA,0, , ,BIDIRECCIONAL,CONCRETO,BUENO,SECO,DESPEJADO,0,0,0,0,8,81,8112,BiobÃ­o,ConcepciÃ³n,HualpÃ©n,Interseccion,"GENOVA & PATRIA VIEJA, HualpÃ©n",-36.789651,-73.095038,Siniestros_con_participación_de_motocicletas_2023.csv
-8136218.68534027,-4407550.35421848,5511,2023,1531202,2023/05/16 00:00:00+00,Mayo,16,Martes,1899/12/30 00:00:00+00,15:45:00,15,REGION BIO BIO,TALCAHUANO,COLISION,COLISION,URBANA,CRUCE SIN SEÃALIZACION,IMPRUDENCIA DEL CONDUCTOR,NO RESPETAR DERECHO PREFERENTE DE PASO A VEHICULO,2 PONIENTE,12 NORTE,12 NORTE - 2 PONIENTE,0, , ,BIDIRECCIONAL,CONCRETO,BUENO,SECO,DESPEJADO,0,0,0,1,8,81,8110,BiobÃ­o,ConcepciÃ³n,Talcahuano,Interseccion,"12 NORTE & 2 PONIENTE, Talcahuano",-36.773269,-73.088896,Siniestros_con_participación_de_motocicletas_2023.csv
-8132992.08992189,-4411063.77380454,5529,2023,1546057,2023/07/20 00:00:00+00,Julio,20,Jueves,1899/12/30 00:00:00+00,03:15:00,3,REGION BIO BIO,CONCEPCION,VOLCADURA,VOLCADURA,URBANA,TRAMO DE VIA RECTA,ALCOHOL EN CONDUCTOR,CONDUCCION BAJO LA INFLUENCIA DEL ALCOHOL,ALONSO DE RIBERA,PAICAVI,ALONSO DE RIBERA - PAICAVI,0, , ,BIDIRECCIONAL CON BANDEJON,CONCRETO,BUENO,SECO,DESPEJADO,0,1,0,0,8,81,8101,BiobÃ­o,ConcepciÃ³n,ConcepciÃ³n,Interseccion,"ALONSO DE RIBERA & PAICAVI, ConcepciÃ³n",-36.798546,-73.059911,Siniestros_con_participación_de_motocicletas_2023.csv
-8127804.37901194,-4432794.29170228,5583,2023,1555582,2023/08/29 00:00:00+00,Agosto,29,Martes,1899/12/30 00:00:00+00,08:00:00,8,REGION BIO BIO,CHIGUAYANTE,COLISION LATERAL,COLISION,URBANA,TRAMO DE VIA RECTA,IMPRUDENCIA DEL CONDUCTOR,CONDUCCION NO ATENTO CONDICIONES TRANSITO MOMENTO,MANUEL RODRIGUEZ,LOS ANDES,LOS ANDES - MANUEL RODRIGUEZ,0, , ,BIDIRECCIONAL CON BANDEJON,CONCRETO,BUENO,SECO,DESPEJADO,0,0,1,0,8,81,8103,BiobÃ­o,ConcepciÃ³n,Chiguayante,Interseccion,"LOS ANDES & MANUEL RODRIGUEZ, Chiguayante",-36.954699,-73.013309,Siniestros_con_participación_de_motocicletas_2023.csv
-8137509.84671813,-4416862.02654627,5608,2023,1550745,2023/07/23 00:00:00+00,Julio,23,Domingo,1899/12/30 00:00:00+00,14:30:00,14,REGION BIO BIO,SAN PEDRO DE LA PAZ,COLISION LATERAL,COLISION,URBANA,TRAMO DE VIA RECTA,IMPRUDENCIA DEL CONDUCTOR,CONDUCCION NO ATENTO CONDICIONES TRANSITO MOMENTO,LOS CANELOS,PINEDA Y BASCUÃAN,LOS CANELOS - PINEDA Y BASCUÃAN,0, , ,BIDIRECCIONAL,ASFALTO,BUENO,SECO,DESPEJADO,0,1,0,1,8,81,8108,BiobÃ­o,ConcepciÃ³n,San Pedro de la Paz,Interseccion,"LOS CANELOS & PINEDA Y BASCUÃAN, San Pedro de la Paz",-36.840243,-73.100495,Siniestros_con_participación_de_motocicletas_2023.csv
-8136493.75582428,-4410697.60239979,5647,2023,1532079,2023/05/20 00:00:00+00,Mayo,20,SÃ¡bado,1899/12/30 00:00:00+00,04:50:00,4,REGION BIO BIO,HUALPEN,VOLCADURA,VOLCADURA,URBANA,CRUCE CON SEÃAL PARE,ALCOHOL EN CONDUCTOR,CONDUCCION EN ESTADO DE EBRIEDAD,CRISTOBAL COLON,RAMUNTCHO,CRISTOBAL COLON - RAMUNTCHO,0, , ,BIDIRECCIONAL CON BANDEJON,CONCRETO,BUENO,SECO,DESPEJADO,0,0,0,0,8,81,8112,BiobÃ­o,ConcepciÃ³n,HualpÃ©n,Interseccion,"CRISTOBAL COLON & RAMUNTCHO, HualpÃ©n",-36.795912,-73.091367,Siniestros_con_participación_de_motocicletas_2023.csv