ï»¿X,Y,FID,AÃ±o,IdAccident,Fecha,Mes,Dia_mes,Dia_semana,Hora,Hora_texto,Hora_aprox,RegiÃ³n,Comuna,Tipo_Accid,Tipo__CONA,Zona,UbicaciÃ³n,Causa__CON,Causa_Acci,Calle_Uno,Calle_Dos,Intersecci,NÃºmero,Ruta,Ubicaci_1,Calzada,Tipo_Calza,Estado_Cal,CondiciÃ³n,Estado_Atm,Fallecidos,Graves,Menos_Grav,Leves,CUT_REG,CUT_PROV,CUT_COM,REGION,PROVINCIA,COMUNA1,Tipo_direc,Direccion,Lat,Lon,Archivo_Origen
-8134479.31831888,-4412767.17854713,5648,2023,1555446,2023/08/30 00:00:00+00,Agosto,30,MiÃ©rcoles,1899/12/30 00:00:00+00,13:03:00,13,REGION BIO BIO,CONCEPCION,VOLCADURA,VOLCADURA,URBANA,TRAMO DE VIA RECTA,VELOCIDAD IMPRUDENTE,VELOCIDAD NO RAZONABLE NI PRUDENTE,21 DE MAYO,DOCTOR CARLOS OLIVER,21 DE MAYO - DOCTOR CARLOS OLIVER,0, , ,BIDIRECCIONAL,CONCRETO,BUENO,SECO,DESPEJADO,0,0,0,1,8,81,8101,BiobÃ­o,ConcepciÃ³n,ConcepciÃ³n,Interseccion,"21 DE MAYO & DOCTOR CARLOS OLIVER, ConcepciÃ³n",-36.810798,-73.073271,Siniestros_con_participación_de_motocicletas_2023.csv
-8133085.59829415,-4415011.13377835,5680,2023,1546863,2023/07/25 00:00:00+00,Julio,25,Martes,1899/12/30 00:00:00+00,12:40:00,12,REGION BIO BIO,CONCEPCION,COLISION,COLISION,URBANA,CRUCE CON SEMAFORO FUNCIONANDO,IMPRUDENCIA DEL CONDUCTOR,CONDUCCION SIN MANTENER DISTANCIA RAZONABLE NI PRUDENTE,ARTURO PRAT,LOS CARRERA,ARTURO PRAT - LOS CARRERA,0, , ,UNIDIRECCIONAL,CONCRETO,BUENO,HUMEDO,LLOVIZNA,0,0,0,0,8,81,8101,BiobÃ­o,ConcepciÃ³n,ConcepciÃ³n,Interseccion,"ARTURO PRAT & LOS CARRERA, ConcepciÃ³n",-36.826935,-73.060751,Siniestros_con_participación_de_motocicletas_2023.csv
-8133361.2252977,-4414451.66513694,5690,2023,1546862,2023/07/25 00:00:00+00,Julio,25,Martes,1899/12/30 00:00:00+00,14:45:00,14,REGION BIO BIO,CHIGUAYANTE,VOLCADURA,VOLCADURA,URBANA,TRAMO DE VIA RECTA,VELOCIDAD IMPRUDENTE,VELOCIDAD NO RAZONABLE NI PRUDENTE,ARTURO PRAT,GENERAL CRUZ,ARTURO PRAT - GENERAL CRUZ,0, , ,BIDIRECCIONAL,CONCRETO,BUENO,MOJADO,LLUVIA,0,0,0,1,8,81,8103,BiobÃ­o,ConcepciÃ³n,Chiguayante,Interseccion,"ARTURO PRAT & GENERAL CRUZ, Chiguayante",-36.822912,-73.063227,Siniestros_con_participación_de_motocicletas_2023.csv
-8133361.2252977,-4414451.66513694,5697,2023,1546861,2023/07/25 00:00:00+00,Julio,25,Martes,1899/12/30 00:00:00+00,17:30:00,17,REGION BIO BIO,CHIGUAYANTE,CHOQUE FRENTE/POSTERIOR,CHOQUE,URBANA,TRAMO DE VIA RECTA,IMPRUDENCIA DEL CONDUCTOR,CONDUCCION NO ATENTO CONDICIONES TRANSITO MOMENTO,ARTURO PRAT,GENERAL CRUZ,ARTURO PRAT - GENERAL CRUZ,0, , ,BIDIRECCIONAL,ASFALTO,BUENO,HUMEDO,LLOVIZNA,0,0,0,0,8,81,8103,BiobÃ­o,ConcepciÃ³n,Chiguayante,Interseccion,"ARTURO PRAT & GENERAL CRUZ, Chiguayante",-36.822912,-73.063227,Siniestros_con_participación_de_motocicletas_2023.csv
-8131948.58101519,-4414784.17201382,5714,2023,1532608,2023/05/21 00:00:00+00,Mayo,21,Domingo,1899/12/30 00:00:00+00,18:30:00,18,REGION BIO BIO,CONCEPCION,VOLCADURA,VOLCADURA,URBANA,CRUCE CON SEMAFORO FUNCIONANDO,VELOCIDAD IMPRUDENTE,VELOCIDAD NO RAZONABLE NI PRUDENTE,FREIRE,ANIBAL PINTO,ANIBAL PINTO - FREIRE,0, , ,UNIDIRECCIONAL,CONCRETO,BUENO,SECO,NUBLADO,0,0,0,0,8,81,8101,BiobÃ­o,ConcepciÃ³n,ConcepciÃ³n,Interseccion,"ANIBAL PINTO & FREIRE, ConcepciÃ³n",-36.825303,-73.050537,Siniestros_con_participación_de_motocicletas_2023.csv
-8132101.64531503,-4414499.92035719,5730,2023,1535565,2023/05/22 00:00:00+00,Mayo,22,Lunes,1899/12/30 00:00:00+00,09:30:00,9,REGION BIO BIO,CONCEPCION,COLISION PERPENDICULAR,COLISION,URBANA,CRUCE CON SEMAFORO FUNCIONANDO,IMPRUDENCIA DEL CONDUCTOR,CONDUCCION NO ATENTO CONDICIONES TRANSITO MOMENTO,LOS CARRERA,ANIBAL PINTO,ANIBAL PINTO - LOS CARRERA,0, , ,BIDIRECCIONAL,CONCRETO,BUENO,MOJADO,LLOVIZNA,0,0,0,1,8,81,8101,BiobÃ­o,ConcepciÃ³n,ConcepciÃ³n,Interseccion,"ANIBAL PINTO & LOS CARRERA, ConcepciÃ³n",-36.823259,-73.051912,Siniestros_con_participación_de_motocicletas_2023.csv
-8138562.73988017,-4409413.73865924,5747,2023,1532603,2023/05/23 00:00:00+00,Mayo,23,Martes,1899/12/30 00:00:00+00,16:30:00,16,REGION BIO BIO,HUALPEN,CHOQUE FRENTE/POSTERIOR,CHOQUE,URBANA,CRUCE CON SEMAFORO FUNCIONANDO,IMPRUDENCIA DEL CONDUCTOR,CONDUCCION NO ATENTO CONDICIONES TRANSITO MOMENTO,GRAN BRETAÃA,LAS GOLONDRINAS,GRAN BRETAÃA - LAS GOLONDRINAS,0, , ,BIDIRECCIONAL,CONCRETO,BUENO,SECO,DESPEJADO,0,0,0,0,8,81,8112,BiobÃ­o,ConcepciÃ³n,HualpÃ©n,Interseccion,"GRAN BRETAÃA & LAS GOLONDRINAS, HualpÃ©n",-36.786676,-73.109953,Siniestros_con_participación_de_motocicletas_2023.csv
-8132943.33198492,-4413875.39996365,5797,2023,1547905,2023/07/27 00:00:00+00,Julio,27,Jueves,1899/12/30 00:00:00+00,23:30:00,23,REGION BIO BIO,CONCEPCION,COLISION,COLISION,URBANA,CRUCE CON SEÃAL CEDA EL PASO,DESOBEDIENCIA A SEÃALIZACION,SEÃALIZACION DESOBEDECER SEÃAL CEDA EL PASO,LINCOYAN,MANUEL RODRIGUEZ,LINCOYAN - MANUEL RODRIGUEZ,0, , ,UNIDIRECCIONAL,CONCRETO,BUENO,SECO,DESPEJADO,0,0,0,1,8,81,8101,BiobÃ­o,ConcepciÃ³n,ConcepciÃ³n,Interseccion,"LINCOYAN & MANUEL RODRIGUEZ, ConcepciÃ³n",-36.818768,-73.059473,Siniestros_con_participación_de_motocicletas_2023.csv
-8138638.10317543,-4409180.22442789,5800,2023,1547570,2023/07/28 00:00:00+00,Julio,28,Viernes,1899/12/30 00:00:00+00,07:00:00,7,REGION BIO BIO,HUALPEN,COLISION,COLISION,URBANA,CRUCE CON SEMAFORO FUNCIONANDO,IMPRUDENCIA DEL CONDUCTOR,CONDUCCION NO ATENTO CONDICIONES TRANSITO MOMENTO,GRAN BRETAÃA,FINLANDIA,FINLANDIA - GRAN BRETAÃA,0, , ,BIDIRECCIONAL,CONCRETO,BUENO,SECO,DESPEJADO,0,0,0,1,8,81,8112,BiobÃ­o,ConcepciÃ³n,HualpÃ©n,Interseccion,"FINLANDIA & GRAN BRETAÃA, HualpÃ©n",-36.784996,-73.11063,Siniestros_con_participación_de_motocicletas_2023.csv
-8134059.64383859,-4413068.48655016,5834,2023,1548877,2023/07/29 00:00:00+00,Julio,29,SÃ¡bado,1899/12/30 00:00:00+00,13:10:00,13,REGION BIO BIO,CONCEPCION,VOLCADURA,VOLCADURA,URBANA,TRAMO DE VIA RECTA,VELOCIDAD IMPRUDENTE,VELOCIDAD NO RAZONABLE NI PRUDENTE,MANUEL RODRIGUEZ,21 DE MAYO,21 DE MAYO - MANUEL RODRIGUEZ,0, , ,BIDIRECCIONAL CON BANDEJON,CONCRETO,BUENO,SECO,DESPEJADO,0,1,0,0,8,81,8101,BiobÃ­o,ConcepciÃ³n,ConcepciÃ³n,Interseccion,"21 DE MAYO & MANUEL RODRIGUEZ, ConcepciÃ³n",-36.812965,-73.069501,Siniestros_con_participación_de_motocicletas_2023.csv
-8131427.60579828,-4410006.99898835,5862,2023,1556614,2023/09/04 00:00:00+00,Septiembre,4,Lunes,1899/12/30 00:00:00+00,22:20:00,22,REGION BIO BIO,CONCEPCION,COLISION FRONTAL,COLISION,URBANA,TRAMO DE VIA CURVA VERTICAL,IMPRUDENCIA DEL CONDUCTOR,CONDUCCION NO ATENTO CONDICIONES TRANSITO MOMENTO,ABDON CIFUENTES,GERONIMO DE QUIROGA,ABDON CIFUENTES - GERONIMO DE QUIROGA,0, , ,BIDIRECCIONAL,CONCRETO,BUENO,SECO,NUBLADO,0,1,0,1,8,81,8101,BiobÃ­o,ConcepciÃ³n,ConcepciÃ³n,Interseccion,"ABDON CIFUENTES & GERONIMO DE QUIROGA, ConcepciÃ³n",-36.790944,-73.045857,Siniestros_con_participación_de_motocicletas_2023.csv
-8137090.65093391,-4411148.57611547,5900,2023,1548397,2023/08/01 00:00:00+00,Agosto,1,Martes,1899/12/30 00:00:00+00,12:50:00,12,REGION BIO BIO,HUALPEN,CHOQUE,CHOQUE,URBANA,CRUCE CON SEMAFORO FUNCIONANDO,IMPRUDENCIA DEL CONDUCTOR,CONDUCCION CAMBIAR SORPRESIVAMENTE PISTA CIRCULACION,POSTDAM,PILPILCO,PILPILCO - POSTDAM,0, , ,BIDIRECCIONAL,CONCRETO,BUENO,HUMEDO,DESPEJADO,0,0,0,0,8,81,8112,BiobÃ­o,ConcepciÃ³n,HualpÃ©n,Interseccion,"PILPILCO & POSTDAM, HualpÃ©n",-36.799156,-73.096729,Siniestros_con_participación_de_motocicletas_2023.csv
-8131264.30010528,-4414065.49169235,5916,2023,1557182,2023/09/07 00:00:00+00,Septiembre,7,Jueves,1899/12/30 00:00:00+00,15:00:00,15,REGION BIO BIO,CONCEPCION,COLISION,COLISION,URBANA,ENLACE A DESNIVEL,IMPRUDENCIA DEL CONDUCTOR,CONDUCCION NO ATENTO CONDICIONES TRANSITO MOMENTO,21 DE MAYO,JORGE ALESSANDRI RODRIGUEZ,21 DE MAYO - JORGE ALESSANDRI RODRIGUEZ,0, , ,BIDIRECCIONAL CON BANDEJON,CONCRETO,BUENO,HUMEDO,NUBLADO,0,0,0,0,8,81,8101,BiobÃ­o,ConcepciÃ³n,ConcepciÃ³n,Interseccion,"21 DE MAYO & JORGE ALESSANDRI RODRIGUEZ, ConcepciÃ³n",-36.820135,-73.04439,Siniestros_con_participación_de_motocicletas_2023.csv
-8128466.1733847,-4433008.12572778,5918,2023,1551848,2023/08/01 00:00:00+00,Agosto,1,Martes,1899/12/30 00:00:00+00,19:50:00,19,REGION BIO BIO,CHIGUAYANTE,COLISION LATERAL,COLISION,URBANA,TRAMO DE VIA RECTA,ALCOHOL EN CONDUCTOR,CONDUCCION EN ESTADO DE EBRIEDAD,MANUEL RODRIGUEZ,12 DE OCTUBRE,12 DE OCTUBRE - MANUEL RODRIGUEZ,0, , ,BIDIRECCIONAL,CONCRETO,BUENO,SECO,DESPEJADO,0,0,1,1,8,81,8103,BiobÃ­o,ConcepciÃ³n,Chiguayante,Interseccion,"12 DE OCTUBRE & MANUEL RODRIGUEZ, Chiguayante",-36.956234,-73.019254,Siniestros_con_participación_de_motocicletas_2023.csv
-8137446.98459055,-4409832.5480969,5969,2023,1557858,2023/09/11 00:00:00+00,Septiembre,11,Lunes,1899/12/30 00:00:00+00,09:30:00,9,REGION BIO BIO,HUALPEN,COLISION,COLISION,URBANA,CRUCE SIN SEÃALIZACION,IMPRUDENCIA DEL CONDUCTOR,NO RESPETAR DERECHO PREFERENTE DE PASO A VEHICULO,PATRIA VIEJA,ALTONA,ALTONA - PATRIA VIEJA,0, , ,BIDIRECCIONAL CON BANDEJON,CONCRETO,BUENO,SECO,DESPEJADO,0,0,0,0,8,81,8112,BiobÃ­o,ConcepciÃ³n,HualpÃ©n,Interseccion,"ALTONA & PATRIA VIEJA, HualpÃ©n",-36.789689,-73.09993,Siniestros_con_participación_de_motocicletas_2023.csv
-8128389.91953351,-4430829.86713057,5970,2023,1558754,2023/09/11 00:00:00+00,Septiembre,11,Lunes,1899/12/30 00:00:00+00,10:10:00,10,REGION BIO BIO,CHIGUAYANTE,COLISION PERPENDICULAR,COLISION,URBANA,CRUCE CON SEMAFORO FUNCIONANDO,IMPRUDENCIA DEL CONDUCTOR,VIRAJES INDEBIDOS,MANUEL RODRIGUEZ,MANQUIMAVIDA,MANQUIMAVIDA - MANUEL RODRIGUEZ,0, , ,BIDIRECCIONAL CON BANDEJON,CONCRETO,BUENO,HUMEDO,DESPEJADO,0,1,0,0,8,81,8103,BiobÃ­o,ConcepciÃ³n,Chiguayante,Interseccion,"MANQUIMAVIDA & MANUEL RODRIGUEZ, Chiguayante",-36.940596,-73.018569,Siniestros_con_participación_de_motocicletas_2023.csv
-8138923.52636096,-4408962.14346636,5974,2023,1549448,2023/08/03 00:00:00+00,Agosto,3,Jueves,1899/12/30 00:00:00+00,21:27:00,21,REGION BIO BIO,HUALPEN,COLISION,COLISION,URBANA,TRAMO DE VIA RECTA,IMPRUDENCIA DEL CONDUCTOR,"ADELANTAMIENTO EN CRUCE, CURVA, CUESTA, PUENTE",GIBRALTAR,EGER,EGER - GIBRALTAR,0, , ,BIDIRECCIONAL CON BANDEJON,CONCRETO,BUENO,SECO,DESPEJADO,0,0,0,0,8,81,8112,BiobÃ­o,ConcepciÃ³n,HualpÃ©n,Interseccion,"EGER & GIBRALTAR, HualpÃ©n",-36.783427,-73.113194,Siniestros_con_participación_de_motocicletas_2023.csv
-8132846.48402793,-4415479.25770709,5989,2023,1549847,2023/08/04 00:00:00+00,Agosto,4,Viernes,1899/12/30 00:00:00+00,17:15:00,17,REGION BIO BIO,CONCEPCION,CHOQUE POSTERIOR,CHOQUE,URBANA,TRAMO DE VIA RECTA,FALLAS MECANICAS,FALLAS MECANICAS FRENOS,ARTURO PRAT,BARROS ARANA,ARTURO PRAT - BARROS ARANA,0, , ,UNIDIRECCIONAL,CONCRETO,BUENO,SECO,DESPEJADO,0,1,0,0,8,81,8101,BiobÃ­o,ConcepciÃ³n,ConcepciÃ³n,Interseccion,"ARTURO PRAT & BARROS ARANA, ConcepciÃ³n",-36.830301,-73.058603,Siniestros_con_participación_de_motocicletas_2023.csv
-8136925.00752048,-4402958.81610695,6003,2023,1580898,2023/12/20 00:00:00+00,Diciembre,20,MiÃ©rcoles,1899/12/30 00:00:00+00,19:30:00,19,REGION BIO BIO,TALCAHUANO,COLISION LATERAL,COLISION,URBANA,CRUCE SIN SEÃALIZACION,IMPRUDENCIA DEL CONDUCTOR,NO RESPETAR DERECHO PREFERENTE DE PASO A VEHICULO,BUENOS AIRES,MANUEL MONTT,BUENOS AIRES - MANUEL MONTT,0, , ,BIDIRECCIONAL,CONCRETO,BUENO,SECO,DESPEJADO,0,0,0,1,8,81,8110,BiobÃ­o,ConcepciÃ³n,Talcahuano,Interseccion,"BUENOS AIRES & MANUEL MONTT, Talcahuano",-36.740223,-73.095241,Siniestros_con_participación_de_motocicletas_2023.csv
-8128301.97713578,-4414097.47527228,6009,2023,1580009,2023/12/21 00:00:00+00,Diciembre,21,Jueves,1899/12/30 00:00:00+00,09:45:00,9,REGION BIO BIO,CONCEPCION,ATROPELLO,ATROPELLO,URBANA,TRAMO DE VIA RECTA,IMPRUDENCIA DEL PEATON,IMPRUDENCIA DEL PEATON,GENERAL NOVOA,LOS LIRIOS,GENERAL NOVOA - LOS LIRIOS,0, , ,UNIDIRECCIONAL,CONCRETO,BUENO,SECO,DESPEJADO,0,0,0,2,8,81,8101,BiobÃ­o,ConcepciÃ³n,ConcepciÃ³n,Interseccion,"GENERAL NOVOA & LOS LIRIOS, ConcepciÃ³n",-36.820365,-73.017779,Siniestros_con_participación_de_motocicletas_2023.csv
-8138364.99729118,-4400096.14443166,6033,2023,1580905,2023/12/22 00:00:00+00,Diciembre,22,Viernes,1899/12/30 00:00:00+00,22:30:00,22,REGION BIO BIO,TALCAHUANO,COLISION LATERAL,COLISION,URBANA,CRUCE CON SEMAFORO APAGADO,ALCOHOL EN CONDUCTOR,CONDUCCION EN ESTADO DE EBRIEDAD,ARTURO PRAT,BLANCO ENCALADA,ARTURO PRAT - BLANCO ENCALADA,0, , ,BIDIRECCIONAL CON BANDEJON,CONCRETO,BUENO,SECO,DESPEJADO,0,0,0,0,8,81,8110,BiobÃ­o,ConcepciÃ³n,Talcahuano,Interseccion,"ARTURO PRAT & BLANCO ENCALADA, Talcahuano",-36.719613,-73.108177,Siniestros_con_participación_de_motocicletas_2023.csv
-8132065.24384154,-4411793.37381036,6087,2023,1584947,2023/12/28 00:00:00+00,Diciembre,28,Jueves,1899/12/30 00:00:00+00,08:45:00,8,REGION BIO BIO,CONCEPCION,COLISION FRONTAL,COLISION,URBANA,TRAMO DE VIA RECTA,IMPRUDENCIA DEL CONDUCTOR,ADELANTAMIENTO SIN EL ESPACIO O TIEMPO SUFICIENTE,LAUTARO,BELLAVISTA,BELLAVISTA - LAUTARO,0, , ,UNIDIRECCIONAL,CONCRETO,BUENO,SECO,DESPEJADO,0,0,0,0,8,81,8101,BiobÃ­o,ConcepciÃ³n,ConcepciÃ³n,Interseccion,"BELLAVISTA & LAUTARO, ConcepciÃ³n",-36.803794,-73.051585,Siniestros_con_participación_de_motocicletas_2023.csv
-8135113.61677742,-4416023.06388741,6098,2023,1581285,2023/12/29 00:00:00+00,Diciembre,29,Viernes,1899/12/30 00:00:00+00,21:30:00,21,REGION BIO BIO,CONCEPCION,COLISION POR ALCANCE,COLISION,URBANA,TRAMO DE VIA RECTA,IMPRUDENCIA DEL CONDUCTOR,CONDUCCION SIN MANTENER DISTANCIA RAZONABLE NI PRUDENTE,PUENTE LLACOLEN,COSTANERA,COSTANERA - PUENTE LLACOLEN,0, , ,BIDIRECCIONAL,CONCRETO,BUENO,SECO,DESPEJADO,0,0,1,0,8,81,8101,BiobÃ­o,ConcepciÃ³n,ConcepciÃ³n,Interseccion,"COSTANERA & PUENTE LLACOLEN, ConcepciÃ³n",-36.834211,-73.078969,Siniestros_con_participación_de_motocicletas_2023.csv
-8140964.23525505,-4416635.19202528,6167,2023,1575865,2023/11/20 00:00:00+00,Noviembre,20,Lunes,1899/12/30 00:00:00+00,20:10:00,20,REGION BIO BIO,SAN PEDRO DE LA PAZ,VOLCADURA,VOLCADURA,URBANA,TRAMO DE VIA RECTA,IMPRUDENCIA DEL CONDUCTOR,ADELANTAMIENTO SIN EL ESPACIO O TIEMPO SUFICIENTE,DANIEL BELMAR,EL CERCO,DANIEL BELMAR - EL CERCO,0, , ,BIDIRECCIONAL,ASFALTO,BUENO,SECO,DESPEJADO,0,1,0,0,8,81,8108,BiobÃ­o,ConcepciÃ³n,San Pedro de la Paz,Interseccion,"DANIEL BELMAR & EL CERCO, San Pedro de la Paz",-36.838612,-73.131526,Siniestros_con_participación_de_motocicletas_2023.csv
-8136552.86647389,-4404771.10219888,6178,2023,1575343,2023/11/21 00:00:00+00,Noviembre,21,Martes,1899/12/30 00:00:00+00,14:50:00,14,REGION BIO BIO,TALCAHUANO,COLISION LATERAL,COLISION,URBANA,CRUCE CON SEMAFORO FUNCIONANDO,IMPRUDENCIA DEL CONDUCTOR,VIRAJES INDEBIDOS,GOMEZ CARREÃO,JUAN GUILLERMO SOSA,GOMEZ CARREÃO - JUAN GUILLERMO SOSA,0, , ,BIDIRECCIONAL,CONCRETO,BUENO,SECO,DESPEJADO,0,0,0,0,8,81,8110,BiobÃ­o,ConcepciÃ³n,Talcahuano,Interseccion,"GOMEZ CARREÃO & JUAN GUILLERMO SOSA, Talcahuano",-36.753268,-73.091898,Siniestros_con_participación_de_motocicletas_2023.csv
-8132071.58903025,-4409842.69538911,6186,2023,1574237,2023/11/22 00:00:00+00,Noviembre,22,MiÃ©rcoles,1899/12/30 00:00:00+00,07:30:00,7,REGION BIO BIO,CONCEPCION,COLISION PERPENDICULAR,COLISION,URBANA,CRUCE CON SEÃAL PARE,DESOBEDIENCIA A SEÃALIZACION,SEÃALIZACION DESOBEDECER SEÃAL PARE,COSME CHURRUCA,GARCIA HURTADO DE MENDOZA,COSME CHURRUCA - GARCIA HURTADO DE MENDOZA,0, , ,BIDIRECCIONAL,CONCRETO,BUENO,SECO,DESPEJADO,0,0,0,1,8,81,8101,BiobÃ­o,ConcepciÃ³n,ConcepciÃ³n,Interseccion,"COSME CHURRUCA & GARCIA HURTADO DE MENDOZA, ConcepciÃ³n",-36.789762,-73.051642,Siniestros_con_participación_de_motocicletas_2023.csv
-8134059.64383859,-4413068.48655016,6200,2023,1575592,2023/11/23 00:00:00+00,Noviembre,23,Jueves,1899/12/30 00:00:00+00,06:20:00,6,REGION BIO BIO,CONCEPCION,VOLCADURA,VOLCADURA,URBANA,ROTONDA,VELOCIDAD IMPRUDENTE,"VELOCIDAD NO REDUCIR CRUCE DE CALLES, CUMBRE, CURVA, ETC.",COLLAO,21 DE MAYO,21 DE MAYO - COLLAO,0, , ,UNIDIRECCIONAL,CONCRETO,BUENO,SECO,DESPEJADO,0,0,1,0,8,81,8101,BiobÃ­o,ConcepciÃ³n,ConcepciÃ³n,Interseccion,"21 DE MAYO & COLLAO, ConcepciÃ³n",-36.812965,-73.069501,Siniestros_con_participación_de_motocicletas_2023.csv
-8132030.95743838,-4413936.58493373,6209,2023,1574313,2023/11/24 00:00:00+00,Noviembre,24,Viernes,1899/12/30 00:00:00+00,08:50:00,8,REGION BIO BIO,CONCEPCION,COLISION,COLISION,URBANA,TRAMO DE VIA RECTA,IMPRUDENCIA DEL CONDUCTOR,CONDUCCION NO ATENTO CONDICIONES TRANSITO MOMENTO,MANUEL BULNES,CASTELLON,CASTELLON - MANUEL BULNES,0, , ,BIDIRECCIONAL CON BANDEJON,CONCRETO,BUENO,SECO,DESPEJADO,0,0,0,1,8,81,8101,BiobÃ­o,ConcepciÃ³n,ConcepciÃ³n,Interseccion,"CASTELLON & MANUEL BULNES, ConcepciÃ³n",-36.819208,-73.051277,Siniestros_con_participación_de_motocicletas_2023.csv
-8137729.40222774,-4416711.55402511,6212,2023,1577986,2023/11/24 00:00:00+00,Noviembre,24,Viernes,1899/12/30 00:00:00+00,14:10:00,14,REGION BIO BIO,SAN PEDRO DE LA PAZ,COLISION LATERAL,COLISION,URBANA,CRUCE SIN SEÃALIZACION,IMPRUDENCIA DEL CONDUCTOR,CONDUCCION NO ATENTO CONDICIONES TRANSITO MOMENTO,TORRES DE VIVEROS,LOS ACACIOS,LOS ACACIOS - TORRES DE VIVEROS,0, , ,BIDIRECCIONAL,CONCRETO,BUENO,SECO,DESPEJADO,0,1,0,0,8,81,8108,BiobÃ­o,ConcepciÃ³n,San Pedro de la Paz,Interseccion,"LOS ACACIOS & TORRES DE VIVEROS, San Pedro de la Paz",-36.839161,-73.102467,Siniestros_con_participación_de_motocicletas_2023.csv
-8135806.35796863,-4413642.34407194,6224,2023,1573813,2023/11/25 00:00:00+00,Noviembre,25,SÃ¡bado,1899/12/30 00:00:00+00,06:10:00,6,REGION BIO BIO,HUALPEN,VOLCADURA,VOLCADURA,URBANA,ENLACE A DESNIVEL,VELOCIDAD IMPRUDENTE,VELOCIDAD MAYOR QUE MAXIMA PERMITIDA,PUENTE JUAN PABLO II,COSTANERA,COSTANERA - PUENTE JUAN PABLO II,0, , ,BIDIRECCIONAL CON BANDEJON,CONCRETO,BUENO,SECO,DESPEJADO,0,0,0,1,8,81,8112,BiobÃ­o,ConcepciÃ³n,HualpÃ©n,Interseccion,"COSTANERA & PUENTE JUAN PABLO II, HualpÃ©n",-36.817092,-73.085192,Siniestros_con_participación_de_motocicletas_2023.csv
-8139006.32570915,-4416558.77499267,6236,2023,1573978,2023/11/26 00:00:00+00,Noviembre,26,Domingo,1899/12/30 00:00:00+00,00:40:00,0,REGION BIO BIO,SAN PEDRO DE LA PAZ,VOLCADURA,VOLCADURA,URBANA,TRAMO DE VIA RECTA,VELOCIDAD IMPRUDENTE,VELOCIDAD NO RAZONABLE NI PRUDENTE,JUAN GOMEZ DE VIDAURRE,PEDRO AGUIRRE CERDA,JUAN GOMEZ DE VIDAURRE - PEDRO AGUIRRE CERDA,0, , ,BIDIRECCIONAL,ASFALTO,BUENO,SECO,DESPEJADO,1,0,0,0,8,81,8108,BiobÃ­o,ConcepciÃ³n,San Pedro de la Paz,Interseccion,"JUAN GOMEZ DE VIDAURRE & PEDRO AGUIRRE CERDA, San Pedro de la Paz",-36.838063,-73.113938,Siniestros_con_participación_de_motocicletas_2023.csv
-8131682.08215423,-4413217.26660529,6247,2023,1574283,2023/11/27 00:00:00+00,Noviembre,27,Lunes,1899/12/30 00:00:00+00,08:00:00,8,REGION BIO BIO,CONCEPCION,COLISION,COLISION,URBANA,CRUCE CON SEMAFORO FUNCIONANDO,IMPRUDENCIA DEL CONDUCTOR,CONDUCCION CAMBIAR SORPRESIVAMENTE PISTA CIRCULACION,PAICAVI,MANUEL RODRIGUEZ,MANUEL RODRIGUEZ - PAICAVI,0, , ,BIDIRECCIONAL CON BANDEJON,CONCRETO,BUENO,SECO,NUBLADO,0,2,0,0,8,81,8101,BiobÃ­o,ConcepciÃ³n,ConcepciÃ³n,Interseccion,"MANUEL RODRIGUEZ & PAICAVI, ConcepciÃ³n",-36.814035,-73.048143,Siniestros_con_participación_de_motocicletas_2023.csv
-8133915.93035372,-4415257.84887707,6274,2023,1575596,2023/11/29 00:00:00+00,Noviembre,29,MiÃ©rcoles,1899/12/30 00:00:00+00,10:10:00,10,REGION BIO BIO,CONCEPCION,COLISION POR ALCANCE,COLISION,URBANA,PUENTE,IMPRUDENCIA DEL CONDUCTOR,CONDUCCION SIN MANTENER DISTANCIA RAZONABLE NI PRUDENTE,PEUNTE LLACOLEN,COSTANERA,COSTANERA - PEUNTE LLACOLEN,0, , ,UNIDIRECCIONAL,CONCRETO,BUENO,SECO,DESPEJADO,0,0,0,1,8,81,8101,BiobÃ­o,ConcepciÃ³n,ConcepciÃ³n,Interseccion,"COSTANERA & PEUNTE LLACOLEN, ConcepciÃ³n",-36.828709,-73.06821,Siniestros_con_participación_de_motocicletas_2023.csv