ï»¿X,Y,FID,AÃ±o,IdAccident,Fecha,Mes,Dia_mes,Dia_semana,Hora,Hora_texto,Hora_aprox,RegiÃ³n,Comuna,Tipo_Accid,Tipo__CONA,Zona,UbicaciÃ³n,Causa__CON,Causa_Acci,Calle_Uno,Calle_Dos,Intersecci,NÃºmero,Ruta,Ubicaci_1,Calzada,Tipo_Calza,Estado_Cal,CondiciÃ³n,Estado_Atm,Fallecidos,Graves,Menos_Grav,Leves,CUT_REG,CUT_PROV,CUT_COM,REGION,PROVINCIA,COMUNA1,Tipo_direc,Direccion,Lat,Lon,Archivo_Origen
-8130406.47210923,-4413624.96242294,6276,2023,1575605,2023/11/29 00:00:00+00,Noviembre,29,MiÃ©rcoles,1899/12/30 00:00:00+00,11:45:00,11,REGION BIO BIO,CONCEPCION,COLISION PERPENDICULAR,COLISION,URBANA,CRUCE CON SEMAFORO FUNCIONANDO,DESOBEDIENCIA A SEÃALIZACION,SEÃALIZACION DESOBEDECER LUZ ROJA DE SEMAFORO,LOS CARRERA,PELANTARO,LOS CARRERA - PELANTARO,0, , ,BIDIRECCIONAL CON BANDEJON,CONCRETO,BUENO,SECO,DESPEJADO,0,0,0,1,8,81,8101,BiobÃ­o,ConcepciÃ³n,ConcepciÃ³n,Interseccion,"LOS CARRERA & PELANTARO, ConcepciÃ³n",-36.816967,-73.036684,Siniestros_con_participación_de_motocicletas_2023.csv
-8129752.02482286,-4413293.04790004,6281,2023,1575625,2023/11/29 00:00:00+00,Noviembre,29,MiÃ©rcoles,1899/12/30 00:00:00+00,18:00:00,18,REGION BIO BIO,CONCEPCION,ATROPELLO,ATROPELLO,URBANA,CRUCE CON SEMAFORO FUNCIONANDO,DESOBEDIENCIA A SEÃALIZACION,SEÃALIZACION DESOBEDECER LUZ INTERMITENTE SEMAFORO,JUAN BOSCO,COLLAO,COLLAO - JUAN BOSCO,0, , ,UNIDIRECCIONAL,CONCRETO,BUENO,SECO,DESPEJADO,0,0,0,1,8,81,8101,BiobÃ­o,ConcepciÃ³n,ConcepciÃ³n,Interseccion,"COLLAO & JUAN BOSCO, ConcepciÃ³n",-36.81458,-73.030805,Siniestros_con_participación_de_motocicletas_2023.csv
-8136432.62786512,-4417002.86901445,6305,2023,1581413,2023/12/02 00:00:00+00,Diciembre,2,SÃ¡bado,1899/12/30 00:00:00+00,01:50:00,1,REGION BIO BIO,SAN PEDRO DE LA PAZ,VOLCADURA,VOLCADURA,RURAL,TRAMO DE VIA RECTA,ALCOHOL EN CONDUCTOR,CONDUCCION EN ESTADO DE EBRIEDAD,LLACOLEN,MICHIMALONCO,LLACOLEN - MICHIMALONCO,0, , ,BIDIRECCIONAL CON BANDEJON,CONCRETO,BUENO,SECO,DESPEJADO,0,1,0,0,8,81,8108,BiobÃ­o,ConcepciÃ³n,San Pedro de la Paz,Interseccion,"LLACOLEN & MICHIMALONCO, San Pedro de la Paz",-36.841255,-73.090818,Siniestros_con_participación_de_motocicletas_2023.csv
-8133009.67840143,-4415159.52377465,6306,2023,1576235,2023/12/02 00:00:00+00,Diciembre,2,SÃ¡bado,1899/12/30 00:00:00+00,07:40:00,7,REGION BIO BIO,CONCEPCION,COLISION PERPENDICULAR,COLISION,URBANA,CRUCE CON SEMAFORO FUNCIONANDO,DESOBEDIENCIA A SEÃALIZACION,SEÃALIZACION DESOBEDECER LUZ ROJA DE SEMAFORO,MAIPU,ARTURO PRAT,ARTURO PRAT - MAIPU,0, , ,UNIDIRECCIONAL,CONCRETO,BUENO,SECO,DESPEJADO,0,1,0,0,8,81,8101,BiobÃ­o,ConcepciÃ³n,ConcepciÃ³n,Interseccion,"ARTURO PRAT & MAIPU, ConcepciÃ³n",-36.828002,-73.060069,Siniestros_con_participación_de_motocicletas_2023.csv
-8137962.6165053,-4410292.38182867,6344,2023,1576718,2023/12/05 00:00:00+00,Diciembre,5,Martes,1899/12/30 00:00:00+00,11:30:00,11,REGION BIO BIO,HUALPEN,COLISION,COLISION,URBANA,CRUCE CON SEÃAL PARE,DESOBEDIENCIA A SEÃALIZACION,SEÃALIZACION DESOBEDECER SEÃAL PARE,ALEMANIA,BREMEN,ALEMANIA - BREMEN,0, , ,BIDIRECCIONAL,CONCRETO,BUENO,SECO,DESPEJADO,0,0,0,0,8,81,8112,BiobÃ­o,ConcepciÃ³n,HualpÃ©n,Interseccion,"ALEMANIA & BREMEN, HualpÃ©n",-36.792997,-73.104562,Siniestros_con_participación_de_motocicletas_2023.csv
-8131669.94832973,-4414639.68110841,6364,2023,1577632,2023/12/06 00:00:00+00,Diciembre,6,MiÃ©rcoles,1899/12/30 00:00:00+00,17:10:00,17,REGION BIO BIO,CONCEPCION,CHOQUE POSTERIOR,CHOQUE,URBANA,CRUCE CON SEMAFORO FUNCIONANDO,IMPRUDENCIA DEL CONDUCTOR,CONDUCCION NO ATENTO CONDICIONES TRANSITO MOMENTO,FREIRE,CASTELLON,CASTELLON - FREIRE,0, , ,UNIDIRECCIONAL,CONCRETO,BUENO,SECO,DESPEJADO,0,0,0,0,8,81,8101,BiobÃ­o,ConcepciÃ³n,ConcepciÃ³n,Interseccion,"CASTELLON & FREIRE, ConcepciÃ³n",-36.824264,-73.048034,Siniestros_con_participación_de_motocicletas_2023.csv
-8137080.18690178,-4409408.1787371,6401,2023,1576955,2023/12/09 00:00:00+00,Diciembre,9,SÃ¡bado,1899/12/30 00:00:00+00,17:50:00,17,REGION BIO BIO,HUALPEN,COLISION,COLISION,URBANA,CRUCE CON SEÃAL CEDA EL PASO,IMPRUDENCIA DEL CONDUCTOR,CONDUCCION NO ATENTO CONDICIONES TRANSITO MOMENTO,GRECIA,SUECIA,GRECIA - SUECIA,0, , ,BIDIRECCIONAL,CONCRETO,BUENO,SECO,DESPEJADO,0,0,0,1,8,81,8112,BiobÃ­o,ConcepciÃ³n,HualpÃ©n,Interseccion,"GRECIA & SUECIA, HualpÃ©n",-36.786636,-73.096635,Siniestros_con_participación_de_motocicletas_2023.csv
-8134635.27693662,-4412381.06632409,6425,2023,1576989,2023/12/11 00:00:00+00,Diciembre,11,Lunes,1899/12/30 00:00:00+00,18:35:00,18,REGION BIO BIO,CONCEPCION,COLISION,COLISION,URBANA,CRUCE CON SEÃAL CEDA EL PASO,DESOBEDIENCIA A SEÃALIZACION,SEÃALIZACION DESOBEDECER SEÃAL CEDA EL PASO,INDEPENDENCIA,PASAJE DIEZ,INDEPENDENCIA - PASAJE DIEZ,0, , ,BIDIRECCIONAL,CONCRETO,BUENO,SECO,DESPEJADO,0,0,0,1,8,81,8101,BiobÃ­o,ConcepciÃ³n,ConcepciÃ³n,Interseccion,"INDEPENDENCIA & PASAJE DIEZ, ConcepciÃ³n",-36.808021,-73.074672,Siniestros_con_participación_de_motocicletas_2023.csv
-8131526.23486712,-4414928.38674098,6443,2023,1578433,2023/12/13 00:00:00+00,Diciembre,13,MiÃ©rcoles,1899/12/30 00:00:00+00,16:40:00,16,REGION BIO BIO,CONCEPCION,ATROPELLO,ATROPELLO,URBANA,TRAMO DE VIA RECTA,IMPRUDENCIA DEL PEATON,PEATON CRUZA CALZADA FUERA PASO PEATONES,CASTELLON,O'HIGGINS,CASTELLON - O'HIGGINS,0, , ,UNIDIRECCIONAL,CONCRETO,BUENO,SECO,DESPEJADO,0,1,0,1,8,81,8101,BiobÃ­o,ConcepciÃ³n,ConcepciÃ³n,Interseccion,"CASTELLON & O'HIGGINS, ConcepciÃ³n",-36.82634,-73.046743,Siniestros_con_participación_de_motocicletas_2023.csv
-8128301.97713578,-4414097.47527228,6468,2023,1578664,2023/12/15 00:00:00+00,Diciembre,15,Viernes,1899/12/30 00:00:00+00,20:30:00,20,REGION BIO BIO,CONCEPCION,COLISION POR ALCANCE,COLISION,URBANA,CRUCE CON SEMAFORO FUNCIONANDO,VELOCIDAD IMPRUDENTE,VELOCIDAD NO RAZONABLE NI PRUDENTE,GENERAL NOVOA,LOS LIRIOS,GENERAL NOVOA - LOS LIRIOS,0, , ,UNIDIRECCIONAL,CONCRETO,BUENO,SECO,DESPEJADO,0,0,0,0,8,81,8101,BiobÃ­o,ConcepciÃ³n,ConcepciÃ³n,Interseccion,"GENERAL NOVOA & LOS LIRIOS, ConcepciÃ³n",-36.820365,-73.017779,Siniestros_con_participación_de_motocicletas_2023.csv
-8137211.43254803,-4411694.94159594,6496,2023,1579103,2023/12/18 00:00:00+00,Diciembre,18,Lunes,1899/12/30 00:00:00+00,11:10:00,11,REGION BIO BIO,HUALPEN,COLISION,COLISION,URBANA,CRUCE CON SEÃAL CEDA EL PASO,DESOBEDIENCIA A SEÃALIZACION,SEÃALIZACION DESOBEDECER SEÃAL CEDA EL PASO,CALLE CUATRO,CALLE UNO,CALLE CUATRO - CALLE UNO,0, , ,BIDIRECCIONAL,CONCRETO,BUENO,SECO,DESPEJADO,0,0,0,1,8,81,8112,BiobÃ­o,ConcepciÃ³n,HualpÃ©n,Interseccion,"CALLE CUATRO & CALLE UNO, HualpÃ©n",-36.803086,-73.097814,Siniestros_con_participación_de_motocicletas_2023.csv
-8138562.73988017,-4409413.73865924,6514,2023,1579127,2023/12/19 00:00:00+00,Diciembre,19,Martes,1899/12/30 00:00:00+00,12:50:00,12,REGION BIO BIO,HUALPEN,COLISION,COLISION,URBANA,CRUCE CON SEMAFORO FUNCIONANDO,IMPRUDENCIA DEL CONDUCTOR,CONDUCCION CAMBIAR SORPRESIVAMENTE PISTA CIRCULACION,CRISTOBAL COLON,LOS COPIHUES,CRISTOBAL COLON - LOS COPIHUES,0, , ,BIDIRECCIONAL,CONCRETO,BUENO,SECO,DESPEJADO,0,0,0,0,8,81,8112,BiobÃ­o,ConcepciÃ³n,HualpÃ©n,Interseccion,"CRISTOBAL COLON & LOS COPIHUES, HualpÃ©n",-36.786676,-73.109953,Siniestros_con_participación_de_motocicletas_2023.csv
-8136838.51228727,-4409828.10002574,6534,2023,1565041,2023/10/13 00:00:00+00,Octubre,13,Viernes,1899/12/30 00:00:00+00,09:50:00,9,REGION BIO BIO,HUALPEN,COLISION,COLISION,URBANA,CRUCE CON SEÃAL CEDA EL PASO,IMPRUDENCIA DEL CONDUCTOR,CONDUCCION NO ATENTO CONDICIONES TRANSITO MOMENTO,LA RECONQUISTA,PATRIA VIEJA,LA RECONQUISTA - PATRIA VIEJA,0, , ,BIDIRECCIONAL,CONCRETO,BUENO,SECO,DESPEJADO,0,0,0,0,8,81,8112,BiobÃ­o,ConcepciÃ³n,HualpÃ©n,Interseccion,"LA RECONQUISTA & PATRIA VIEJA, HualpÃ©n",-36.789657,-73.094464,Siniestros_con_participación_de_motocicletas_2023.csv
-8130139.97324827,-4413471.72703357,6550,2023,1564786,2023/10/13 00:00:00+00,Octubre,13,Viernes,1899/12/30 00:00:00+00,22:05:00,22,REGION BIO BIO,CONCEPCION,COLISION,COLISION,URBANA,CRUCE CON SEMAFORO FUNCIONANDO,IMPRUDENCIA DEL CONDUCTOR,CONDUCCION NO ATENTO CONDICIONES TRANSITO MOMENTO,LOS CARRERA,FRESIA,FRESIA - LOS CARRERA,0, , ,BIDIRECCIONAL CON BANDEJON,CONCRETO,BUENO,SECO,DESPEJADO,0,1,0,0,8,81,8101,BiobÃ­o,ConcepciÃ³n,ConcepciÃ³n,Interseccion,"FRESIA & LOS CARRERA, ConcepciÃ³n",-36.815865,-73.03429,Siniestros_con_participación_de_motocicletas_2023.csv
-8142151.45764662,-4416416.81920585,6555,2023,1567300,2023/10/14 00:00:00+00,Octubre,14,SÃ¡bado,1899/12/30 00:00:00+00,16:10:00,16,REGION BIO BIO,SAN PEDRO DE LA PAZ,COLISION,COLISION,URBANA,TRAMO DE VIA RECTA,DESOBEDIENCIA A SEÃALIZACION,SEÃALIZACION DESOBEDECER SEÃAL PARE,RODRIGUEZ ALDEA,TERCERA TRANSVERSAL,RODRIGUEZ ALDEA - TERCERA TRANSVERSAL,0, , ,BIDIRECCIONAL,ASFALTO,BUENO,SECO,DESPEJADO,0,0,1,0,8,81,8108,BiobÃ­o,ConcepciÃ³n,San Pedro de la Paz,Interseccion,"RODRIGUEZ ALDEA & TERCERA TRANSVERSAL, San Pedro de la Paz",-36.837042,-73.142191,Siniestros_con_participación_de_motocicletas_2023.csv
-8137021.96680809,-4408547.12082401,6571,2023,1565733,2023/10/15 00:00:00+00,Octubre,15,Domingo,1899/12/30 00:00:00+00,20:10:00,20,REGION BIO BIO,HUALPEN,COLISION,COLISION,URBANA,CRUCE CON SEMAFORO FUNCIONANDO,DESOBEDIENCIA A SEÃALIZACION,SEÃALIZACION DESOBEDECER LUZ ROJA DE SEMAFORO,LAS GOLONDRINAS,SUECIA,LAS GOLONDRINAS - SUECIA,0, , ,BIDIRECCIONAL CON BANDEJON,CONCRETO,BUENO,SECO,DESPEJADO,0,1,0,3,8,81,8112,BiobÃ­o,ConcepciÃ³n,HualpÃ©n,Interseccion,"LAS GOLONDRINAS & SUECIA, HualpÃ©n",-36.780441,-73.096112,Siniestros_con_participación_de_motocicletas_2023.csv
-8131663.49179927,-4415514.8615581,6585,2023,1566768,2023/10/16 00:00:00+00,Octubre,16,Lunes,1899/12/30 00:00:00+00,17:15:00,17,REGION BIO BIO,CONCEPCION,COLISION PERPENDICULAR,COLISION,URBANA,CRUCE CON SEMAFORO FUNCIONANDO,IMPRUDENCIA DEL CONDUCTOR,VIRAJES INDEBIDOS,CHACABUCO,TRINITARIAS,CHACABUCO - TRINITARIAS,0, , ,BIDIRECCIONAL CON BANDEJON,CONCRETO,BUENO,SECO,DESPEJADO,0,0,0,1,8,81,8101,BiobÃ­o,ConcepciÃ³n,ConcepciÃ³n,Interseccion,"CHACABUCO & TRINITARIAS, ConcepciÃ³n",-36.830557,-73.047976,Siniestros_con_participación_de_motocicletas_2023.csv
-8138562.73988017,-4409413.73865924,6603,2023,1566191,2023/10/18 00:00:00+00,Octubre,18,MiÃ©rcoles,1899/12/30 00:00:00+00,15:10:00,15,REGION BIO BIO,HUALPEN,CHOQUE FRENTE/POSTERIOR,CHOQUE,URBANA,ENLACE A DESNIVEL,IMPRUDENCIA DEL CONDUCTOR,CONDUCCION NO ATENTO CONDICIONES TRANSITO MOMENTO,COSTANERA,JUAN PABLO II,COSTANERA - JUAN PABLO II,0, , ,UNIDIRECCIONAL,CONCRETO,BUENO,SECO,DESPEJADO,0,0,0,0,8,81,8112,BiobÃ­o,ConcepciÃ³n,HualpÃ©n,Interseccion,"COSTANERA & JUAN PABLO II, HualpÃ©n",-36.786676,-73.109953,Siniestros_con_participación_de_motocicletas_2023.csv
-8135489.54269783,-4410011.86423531,6618,2023,1566221,2023/10/19 00:00:00+00,Octubre,19,Jueves,1899/12/30 00:00:00+00,21:30:00,21,REGION BIO BIO,HUALPEN,COLISION,COLISION,URBANA,CRUCE CON SEÃAL PARE,IMPRUDENCIA DEL CONDUCTOR,"ADELANTAMIENTO EN CRUCE, CURVA, CUESTA, PUENTE",SANTA MARIA,LOS GORRIONES,LOS GORRIONES - SANTA MARIA,0, , ,BIDIRECCIONAL,CONCRETO,BUENO,SECO,DESPEJADO,0,0,0,0,8,81,8112,BiobÃ­o,ConcepciÃ³n,HualpÃ©n,Interseccion,"LOS GORRIONES & SANTA MARIA, HualpÃ©n",-36.790979,-73.082346,Siniestros_con_participación_de_motocicletas_2023.csv
-8132012.03312494,-4415696.49868354,6694,2023,1568134,2023/10/26 00:00:00+00,Octubre,26,Jueves,1899/12/30 00:00:00+00,12:00:00,12,REGION BIO BIO,CONCEPCION,COLISION,COLISION,URBANA,CRUCE CON SEMAFORO FUNCIONANDO,IMPRUDENCIA DEL CONDUCTOR,CONDUCCION NO ATENTO CONDICIONES TRANSITO MOMENTO,CHACABUCO,LINCOYAN,CHACABUCO - LINCOYAN,0, , ,BIDIRECCIONAL CON BANDEJON,CONCRETO,BUENO,SECO,DESPEJADO,0,1,0,1,8,81,8101,BiobÃ­o,ConcepciÃ³n,ConcepciÃ³n,Interseccion,"CHACABUCO & LINCOYAN, ConcepciÃ³n",-36.831863,-73.051107,Siniestros_con_participación_de_motocicletas_2023.csv
-8131682.08215423,-4413217.26660529,6733,2023,1568570,2023/10/31 00:00:00+00,Octubre,31,Martes,1899/12/30 00:00:00+00,08:20:00,8,REGION BIO BIO,HUALPEN,COLISION,COLISION,URBANA,ENLACE A NIVEL,IMPRUDENCIA DEL CONDUCTOR,CONDUCCION CAMBIAR SORPRESIVAMENTE PISTA CIRCULACION,JORGE ALESSANDRI RODRIGUEZ,PAICAVI,JORGE ALESSANDRI RODRIGUEZ - PAICAVI,0, , ,BIDIRECCIONAL CON BANDEJON,CONCRETO,BUENO,SECO,DESPEJADO,0,0,0,0,8,81,8112,BiobÃ­o,ConcepciÃ³n,HualpÃ©n,Interseccion,"JORGE ALESSANDRI RODRIGUEZ & PAICAVI, HualpÃ©n",-36.814035,-73.048143,Siniestros_con_participación_de_motocicletas_2023.csv
-8131671.5068026,-4414272.9694954,6741,2023,1568592,2023/10/31 00:00:00+00,Octubre,31,Martes,1899/12/30 00:00:00+00,22:35:00,22,REGION BIO BIO,CONCEPCION,COLISION,COLISION,URBANA,CRUCE CON SEMAFORO FUNCIONANDO,IMPRUDENCIA DEL CONDUCTOR,ADELANTAMIENTO SIN EL ESPACIO O TIEMPO SUFICIENTE,LOS CARRERA,TUCAPEL,LOS CARRERA - TUCAPEL,0, , ,BIDIRECCIONAL CON BANDEJON,CONCRETO,BUENO,SECO,DESPEJADO,0,1,0,0,8,81,8101,BiobÃ­o,ConcepciÃ³n,ConcepciÃ³n,Interseccion,"LOS CARRERA & TUCAPEL, ConcepciÃ³n",-36.821627,-73.048048,Siniestros_con_participación_de_motocicletas_2023.csv
-8138638.10317543,-4409180.22442789,6749,2023,1569036,2023/11/01 00:00:00+00,Noviembre,1,MiÃ©rcoles,1899/12/30 00:00:00+00,15:30:00,15,REGION BIO BIO,HUALPEN,VOLCADURA,VOLCADURA,URBANA,CRUCE CON SEMAFORO FUNCIONANDO,DESOBEDIENCIA A SEÃALIZACION,SEÃALIZACION DESOBEDECER LUZ ROJA DE SEMAFORO,FINLANDIA,GRAN BRETAÃA,FINLANDIA - GRAN BRETAÃA,0, , ,BIDIRECCIONAL,CONCRETO,BUENO,SECO,DESPEJADO,0,0,0,0,8,81,8112,BiobÃ­o,ConcepciÃ³n,HualpÃ©n,Interseccion,"FINLANDIA & GRAN BRETAÃA, HualpÃ©n",-36.784996,-73.11063,Siniestros_con_participación_de_motocicletas_2023.csv
-8135724.31548165,-4405637.41291483,6762,2023,1571115,2023/11/02 00:00:00+00,Noviembre,2,Jueves,1899/12/30 00:00:00+00,19:00:00,19,REGION BIO BIO,TALCAHUANO,COLISION LATERAL,COLISION,URBANA,CRUCE CON SEÃAL PARE,DESOBEDIENCIA A SEÃALIZACION,SEÃALIZACION DESOBEDECER SEÃAL PARE,MONSEÃOR ALARCON,CLAUDIO GAY,CLAUDIO GAY - MONSEÃOR ALARCON,0, , ,BIDIRECCIONAL,CONCRETO,BUENO,SECO,DESPEJADO,0,0,0,1,8,81,8110,BiobÃ­o,ConcepciÃ³n,Talcahuano,Interseccion,"CLAUDIO GAY & MONSEÃOR ALARCON, Talcahuano",-36.759503,-73.084455,Siniestros_con_participación_de_motocicletas_2023.csv
-8139540.68160678,-4409431.80842627,6770,2023,1569576,2023/11/03 00:00:00+00,Noviembre,3,Viernes,1899/12/30 00:00:00+00,07:30:00,7,REGION BIO BIO,HUALPEN,COLISION,COLISION,URBANA,CRUCE CON SEÃAL PARE,DESOBEDIENCIA A SEÃALIZACION,SEÃALIZACION DESOBEDECER SEÃAL PARE,COSTANERA,FINLANDIA,COSTANERA - FINLANDIA,0, , ,BIDIRECCIONAL CON BANDEJON,CONCRETO,BUENO,SECO,DESPEJADO,0,1,0,0,8,81,8112,BiobÃ­o,ConcepciÃ³n,HualpÃ©n,Interseccion,"COSTANERA & FINLANDIA, HualpÃ©n",-36.786806,-73.118738,Siniestros_con_participación_de_motocicletas_2023.csv
-8128856.01426373,-4429354.59390853,6779,2023,1572155,2023/11/04 00:00:00+00,Noviembre,4,SÃ¡bado,1899/12/30 00:00:00+00,08:50:00,8,REGION BIO BIO,CHIGUAYANTE,VOLCADURA,VOLCADURA,URBANA,TRAMO DE VIA RECTA,DEFICIENCIAS VIALES,ANIMALES SUELTOS VIA PUBLICA,CENTRAL,CALLE DOS,CALLE DOS - CENTRAL,0, , ,BIDIRECCIONAL,CONCRETO,BUENO,SECO,DESPEJADO,0,0,0,1,8,81,8103,BiobÃ­o,ConcepciÃ³n,Chiguayante,Interseccion,"CALLE DOS & CENTRAL, Chiguayante",-36.930003,-73.022756,Siniestros_con_participación_de_motocicletas_2023.csv
-8136619.10157091,-4419409.89136038,6788,2023,1571512,2023/11/04 00:00:00+00,Noviembre,4,SÃ¡bado,1899/12/30 00:00:00+00,16:10:00,16,REGION BIO BIO,SAN PEDRO DE LA PAZ,CHOQUE FRENTE/LADO,CHOQUE,URBANA,CRUCE CON SEMAFORO FUNCIONANDO,IMPRUDENCIA DEL CONDUCTOR,CONDUCCION NO ATENTO CONDICIONES TRANSITO MOMENTO,CAMINO EL VENADO,ANDALUE,ANDALUE - CAMINO EL VENADO,0, , ,BIDIRECCIONAL,ASFALTO,BUENO,SECO,DESPEJADO,0,0,0,1,8,81,8108,BiobÃ­o,ConcepciÃ³n,San Pedro de la Paz,Interseccion,"ANDALUE & CAMINO EL VENADO, San Pedro de la Paz",-36.858558,-73.092493,Siniestros_con_participación_de_motocicletas_2023.csv
-8135806.3600837,-4416740.79271237,6790,2023,1571521,2023/11/04 00:00:00+00,Noviembre,4,SÃ¡bado,1899/12/30 00:00:00+00,19:35:00,19,REGION BIO BIO,SAN PEDRO DE LA PAZ,COLISION LATERAL,COLISION,URBANA,CRUCE CON SEMAFORO FUNCIONANDO,DESOBEDIENCIA A SEÃALIZACION,SEÃALIZACION DESOBEDECER LUZ ROJA DE SEMAFORO,SAN PEDRO,PEDRO AGUIRRE CERDA,PEDRO AGUIRRE CERDA - SAN PEDRO,0, , ,BIDIRECCIONAL,CONCRETO,BUENO,SECO,DESPEJADO,0,0,0,2,8,81,8108,BiobÃ­o,ConcepciÃ³n,San Pedro de la Paz,Interseccion,"PEDRO AGUIRRE CERDA & SAN PEDRO, San Pedro de la Paz",-36.839371,-73.085192,Siniestros_con_participación_de_motocicletas_2023.csv
-8139165.86888128,-4416550.9023515,6836,2023,1571464,2023/11/09 00:00:00+00,Noviembre,9,Jueves,1899/12/30 00:00:00+00,07:50:00,7,REGION BIO BIO,SAN PEDRO DE LA PAZ,COLISION LATERAL,COLISION,URBANA,TRAMO DE VIA RECTA,DESOBEDIENCIA A SEÃALIZACION,SEÃALIZACION DESOBEDECER OTRA,PEDRO AGUIRRE CERDA,LOS AVELLANOS,LOS AVELLANOS - PEDRO AGUIRRE CERDA,0, , ,UNIDIRECCIONAL,CONCRETO,BUENO,SECO,DESPEJADO,0,0,1,1,8,81,8108,BiobÃ­o,ConcepciÃ³n,San Pedro de la Paz,Interseccion,"LOS AVELLANOS & PEDRO AGUIRRE CERDA, San Pedro de la Paz",-36.838006,-73.115371,Siniestros_con_participación_de_motocicletas_2023.csv
-8132789.26580966,-4415221.55057195,6856,2023,1571628,2023/11/11 00:00:00+00,Noviembre,11,SÃ¡bado,1899/12/30 00:00:00+00,02:14:00,2,REGION BIO BIO,CONCEPCION,CHOQUE,CHOQUE,URBANA,TRAMO DE VIA RECTA,DESOBEDIENCIA A SEÃALIZACION,SEÃALIZACION DESOBEDECER LUZ ROJA DE SEMAFORO,SERRANO,FREIRE,FREIRE - SERRANO,0, , ,BIDIRECCIONAL CON BANDEJON,CONCRETO,BUENO,SECO,NUBLADO,0,0,0,0,8,81,8101,BiobÃ­o,ConcepciÃ³n,ConcepciÃ³n,Interseccion,"FREIRE & SERRANO, ConcepciÃ³n",-36.828448,-73.058089,Siniestros_con_participación_de_motocicletas_2023.csv
-8139291.57526967,-4401064.78297953,6890,2023,1572075,2023/11/14 00:00:00+00,Noviembre,14,Martes,1899/12/30 00:00:00+00,08:00:00,8,REGION BIO BIO,TALCAHUANO,COLISION FRONTAL,COLISION,URBANA,CRUCE CON SEÃAL PARE,IMPRUDENCIA DEL CONDUCTOR,CONDUCCION SIN MANTENER DISTANCIA RAZONABLE NI PRUDENTE,IGNACIO DIAZ,JUAN ANTONIO RIOS,IGNACIO DIAZ - JUAN ANTONIO RIOS,0, , ,BIDIRECCIONAL,CONCRETO,BUENO,SECO,DESPEJADO,1,0,0,0,8,81,8110,BiobÃ­o,ConcepciÃ³n,Talcahuano,Interseccion,"IGNACIO DIAZ & JUAN ANTONIO RIOS, Talcahuano",-36.726587,-73.1165,Siniestros_con_participación_de_motocicletas_2023.csv
-8132138.38074699,-4417479.51653388,6902,2023,1572128,2023/11/15 00:00:00+00,Noviembre,15,MiÃ©rcoles,1899/12/30 00:00:00+00,00:18:00,0,REGION BIO BIO,CONCEPCION,COLISION LATERAL,COLISION,URBANA,CRUCE CON SEMAFORO FUNCIONANDO,IMPRUDENCIA DEL CONDUCTOR,VIRAJES INDEBIDOS,PEDRO DE VALDIVIA,MAHUZIER,MAHUZIER - PEDRO DE VALDIVIA,0, , ,BIDIRECCIONAL CON BANDEJON,CONCRETO,BUENO,SECO,DESPEJADO,0,0,0,2,8,81,8101,BiobÃ­o,ConcepciÃ³n,ConcepciÃ³n,Interseccion,"MAHUZIER & PEDRO DE VALDIVIA, ConcepciÃ³n",-36.844682,-73.052242,Siniestros_con_participación_de_motocicletas_2023.csv
-8138854.50826553,-4408280.13056251,6913,2023,1572180,2023/11/15 00:00:00+00,Noviembre,15,MiÃ©rcoles,1899/12/30 00:00:00+00,21:10:00,21,REGION BIO BIO,HUALPEN,ATROPELLO,ATROPELLO,URBANA,CRUCE CON SEMAFORO FUNCIONANDO,IMPRUDENCIA DEL CONDUCTOR,NO RESPETAR DERECHO PREFERENTE DE PASO A PEATON,GRAN BRETAÃA,MANCHESTER,GRAN BRETAÃA - MANCHESTER,0, , ,BIDIRECCIONAL,CONCRETO,BUENO,SECO,DESPEJADO,0,0,0,1,8,81,8112,BiobÃ­o,ConcepciÃ³n,HualpÃ©n,Interseccion,"GRAN BRETAÃA & MANCHESTER, HualpÃ©n",-36.77852,-73.112574,Siniestros_con_participación_de_motocicletas_2023.csv